timestamp,user_query,bot_response,confidence_score,method,reason_for_logging
2025-08-21T15:40:49.376232,thầy Cao Việt Hiếu,Bot decided to 'ask_clarification',0.4343,ask_clarification,decision_engine_ask_clarification
2025-08-21T15:40:49.381588,thầy Cao Việt Hiếu,"Dạ thầy Khang, để em hỗ trợ chính xác nhất, thầy Khang có thể nói rõ hơn về vấn đề cần hỗ trợ không ạ? 🎓",0.4343,ask_clarification,cache_rejected_confidence_too_low_0.434279715236028
2025-08-21T15:41:29.032621,advantech năm nay có ai,Bot decided to 'ask_clarification',0.4052,ask_clarification,decision_engine_ask_clarification
2025-08-21T15:41:29.035718,advantech năm nay có ai,"Dạ thầy Khang, để em hỗ trợ chính xác nhất, thầy Khang có thể nói rõ hơn về vấn đề cần hỗ trợ không ạ? 🎓",0.4052,ask_clarification,cache_rejected_confidence_too_low_0.4051993498802185
2025-08-21T15:42:53.028902,thầy Sơn,"Dạ thầy Khang, thầy Sơn hiện đang công tác tại Trường Đại học Bình Dương ạ. Thầy Khang có cần em hỗ trợ thêm gì không ạ?
",0.5111,enhance_db_answer,cache_rejected_confidence_too_low_0.5110698382695515
2025-08-21T15:43:14.257862,dắt dùm tôi chiiecs xe,Bot decided to 'ask_clarification',0.2721,ask_clarification,decision_engine_ask_clarification
2025-08-21T15:43:14.258878,dắt dùm tôi chiiecs xe,"Dạ thầy Khang, để em hỗ trợ chính xác nhất, thầy Khang có thể nói rõ hơn về vấn đề cần hỗ trợ không ạ? 🎓",0.2721,ask_clarification,cache_rejected_confidence_too_low_0.27210860466957093
2025-08-21T15:43:22.758990,mấy giờ kiu,"Dạ thầy Khang, ý của thầy là mấy giờ mình bắt đầu làm việc mỗi ngày ạ? Theo quy định, mình làm 8 tiếng mỗi ngày ạ. Thầy Khang có cần em hỗ trợ thêm gì không ạ?
",0.4726,enhance_db_answer,cache_rejected_confidence_too_low_0.4725756391300552
2025-08-21T15:45:42.146686,SSO là gì,"Dạ thầy Khang, em chưa có thông tin về SSO là gì ạ. Thầy Khang có thể hỏi bộ phận IT của trường để được giải đáp ạ. Thầy Khang có cần em hỗ trợ thêm gì không ạ?
",0.4773,enhance_db_answer,cache_rejected_confidence_too_low_0.4773372601895105
2025-08-21T15:46:10.246361,how can i become a Khang,Bot decided to 'ask_clarification',0.2861,ask_clarification,decision_engine_ask_clarification
2025-08-21T15:46:10.250656,how can i become a Khang,"Dạ thầy Khang, để em hỗ trợ chính xác nhất, thầy Khang có thể nói rõ hơn về vấn đề cần hỗ trợ không ạ? 🎓",0.2861,ask_clarification,cache_rejected_confidence_too_low_0.28612944841384885
2025-08-21T15:46:25.127604,my bitch is gay,Bot decided to 'ask_clarification',0.321,ask_clarification,decision_engine_ask_clarification
2025-08-21T15:46:25.133774,my bitch is gay,"Dạ thầy Khang, để em hỗ trợ chính xác nhất, thầy Khang có thể nói rõ hơn về vấn đề cần hỗ trợ không ạ? 🎓",0.321,ask_clarification,cache_rejected_confidence_too_low_0.3209654383659363
2025-08-21T15:46:57.237528,how can i hold my for band4band,Bot decided to 'ask_clarification',0.3125,ask_clarification,decision_engine_ask_clarification
2025-08-21T15:46:57.246349,how can i hold my for band4band,"Dạ thầy Khang, để em hỗ trợ chính xác nhất, thầy Khang có thể nói rõ hơn về vấn đề cần hỗ trợ không ạ? 🎓",0.3125,ask_clarification,cache_rejected_confidence_too_low_0.31250287222862244
2025-08-21T15:47:13.963889,biết central tree không,Bot decided to 'ask_clarification',0.3813,ask_clarification,decision_engine_ask_clarification
2025-08-21T15:47:14.012020,biết central tree không,"Dạ thầy Khang, để em hỗ trợ chính xác nhất, thầy Khang có thể nói rõ hơn về vấn đề cần hỗ trợ không ạ? 🎓",0.3813,ask_clarification,cache_rejected_confidence_too_low_0.3812669792542091
2025-08-21T15:47:31.473207,biết cancel trê không,Bot decided to 'ask_clarification',0.3226,ask_clarification,decision_engine_ask_clarification
2025-08-21T15:47:31.508022,biết cancel trê không,"Dạ thầy Khang, để em hỗ trợ chính xác nhất, thầy Khang có thể nói rõ hơn về vấn đề cần hỗ trợ không ạ? 🎓",0.3226,ask_clarification,cache_rejected_confidence_too_low_0.3225774508553582
2025-08-21T15:47:46.170741,dương anh tuấn là ai,Bot decided to 'ask_clarification',0.5015,ask_clarification,decision_engine_ask_clarification
2025-08-21T15:47:46.184904,dương anh tuấn là ai,"Dạ thầy Khang, để em hỗ trợ chính xác nhất, thầy Khang có thể nói rõ hơn về vấn đề cần hỗ trợ không ạ? 🎓",0.5015,ask_clarification,cache_rejected_confidence_too_low_0.5015255575180054
2025-08-21T15:47:57.611697,Dương Anh Tuấn là ông nào,"Dạ thầy Khang, em chưa có thông tin về người này. Thầy Khang có thể cung cấp thêm thông tin để em tìm kiếm chính xác hơn không ạ?
",0.4804,enhance_db_answer,cache_rejected_confidence_too_low_0.48039649903089154
2025-08-21T15:48:15.062689,nguyễn quốc duy khang là bà nào,Bot decided to 'ask_clarification',0.4891,ask_clarification,decision_engine_ask_clarification
2025-08-21T15:48:15.119894,nguyễn quốc duy khang là bà nào,"Dạ thầy Khang, để em hỗ trợ chính xác nhất, thầy Khang có thể nói rõ hơn về vấn đề cần hỗ trợ không ạ? 🎓",0.4891,ask_clarification,cache_rejected_confidence_too_low_0.4890602351937975
2025-08-21T15:48:30.443988,nguyễn quốc duy khang là ông nào,Bot decided to 'ask_clarification',0.5096,ask_clarification,decision_engine_ask_clarification
2025-08-21T15:48:30.516876,nguyễn quốc duy khang là ông nào,"Dạ thầy Khang, để em hỗ trợ chính xác nhất, thầy Khang có thể nói rõ hơn về vấn đề cần hỗ trợ không ạ? 🎓",0.5096,ask_clarification,cache_rejected_confidence_too_low_0.5096004695211138
2025-08-21T15:49:03.646515,chức vị gì,"Dạ thầy Khang, ông Hoàng Ngọc Cường trước đây làm ở Phòng Quản lý khoa học và Quan hệ đối ngoại, giờ chuyển sang Khoa Công nghệ thực phẩm ạ. Thầy Khang có cần em hỗ trợ thêm gì không ạ?
",0.5631,enhance_db_answer,cache_rejected_confidence_too_low_0.563076478062254
2025-08-21T15:49:52.791263,ông Dương Anh tuấn là gì,Bot decided to 'ask_clarification',0.4857,ask_clarification,decision_engine_ask_clarification
2025-08-21T15:49:52.852519,ông Dương Anh tuấn là gì,"Dạ thầy Khang, để em hỗ trợ chính xác nhất, thầy Khang có thể nói rõ hơn về vấn đề cần hỗ trợ không ạ? 🎓",0.4857,ask_clarification,cache_rejected_confidence_too_low_0.48572837909062705
2025-08-26T08:59:46.887418,hoc phi chinh quy,Bot decided to 'ask_clarification',0.4422,ask_clarification,decision_engine_ask_clarification
2025-08-26T08:59:46.891418,hoc phi chinh quy,"Dạ cô Khánh, để em hỗ trợ chính xác nhất, cô Khánh có thể nói rõ hơn về vấn đề cần hỗ trợ không ạ? 🎓",0.4422,ask_clarification,cache_rejected_confidence_too_low_0.44224407577514646
2025-08-26T09:03:37.379439,hoc phi chinh quy,"Dạ cô Khánh, Lệ phí nhập học trình độ đại học chính quy là 2,000,000 đồng/sinh viên. 🎓 Cô Khánh có cần hỗ trợ thêm gì không ạ?",0.5187,enhance_db_answer,cache_rejected_confidence_too_low_0.5186920349438985
2025-08-26T09:13:00.895697,nghi them sau khi het ngay nghi phep nam goi la gi,"Dạ cô Khánh,

Nghỉ thêm sau khi hết phép năm được gọi là nghỉ không hưởng lương ạ.

Cô Khánh có cần em hỗ trợ thêm gì không ạ?
",0.572,enhance_db_answer,cache_rejected_confidence_too_low_0.5719516526222228
2025-08-26T09:30:16.269481,chuong trinh dao tao hoc theo hinh thuc nao,"Dạ cô Khánh,

Chương trình đào tạo của mình học online từ xa 100% ạ.

Cô Khánh có cần em hỗ trợ thêm gì không ạ?
",0.5405,enhance_db_answer,cache_rejected_confidence_too_low_0.5405320556540238
2025-08-26T10:18:47.994071,hoc phi chinh quy,"Dạ cô Khánh,

Cô Khánh muốn hỏi về học phí của chương trình nào ạ? Nếu là lệ phí nhập học đại học chính quy thì là 2 triệu đồng/sinh viên ạ.

Cô Khánh có cần em hỗ trợ thêm gì không ạ?
",0.5187,enhance_db_answer,cache_rejected_confidence_too_low_0.5186920349438985
2025-08-26T10:19:14.061383,hieu truong la ai,"Dạ cô Khánh,

Hiệu trưởng trường mình là GS.TS. Cao Việt Hiếu ạ.

Cô Khánh có cần em hỗ trợ thêm gì không ạ?
",0.513,enhance_db_answer,cache_rejected_confidence_too_low_0.513003680896759
2025-08-26T10:19:26.721537,vay pho hieu truong,Bot decided to 'ask_clarification',0.2905,ask_clarification,decision_engine_ask_clarification
2025-08-26T10:19:26.736947,vay pho hieu truong,"Dạ cô Khánh, để em hỗ trợ chính xác nhất, cô Khánh có thể nói rõ hơn về vấn đề cần hỗ trợ không ạ? 🎓",0.2905,ask_clarification,cache_rejected_confidence_too_low_0.29051890144348147
2025-08-26T10:19:41.625255,vay pho hieu truong la ai?,"Dạ cô Khánh, em chưa có thông tin về phó hiệu trưởng ạ. Để em tìm hiểu thêm rồi báo lại cô Khánh sau nhé.

Cô Khánh có muốn em hỗ trợ gì khác không ạ?
",0.4665,enhance_db_answer,cache_rejected_confidence_too_low_0.4665398613611857
2025-08-26T10:20:16.979297,Cao Viet Hieu la ai?,Bot decided to 'ask_clarification',0.3784,ask_clarification,decision_engine_ask_clarification
2025-08-26T10:20:16.989872,Cao Viet Hieu la ai?,"Dạ cô Khánh, để em hỗ trợ chính xác nhất, cô Khánh có thể nói rõ hơn về vấn đề cần hỗ trợ không ạ? 🎓",0.3784,ask_clarification,cache_rejected_confidence_too_low_0.3784391363102457
2025-08-26T10:20:32.786647,GS.TS Cao Việt Hiếu là ai?,"Dạ cô Khánh, em chưa có thông tin về GS.TS Cao Việt Hiếu ạ. Cô Khánh có muốn em tìm hiểu thêm không ạ?
",0.4635,enhance_db_answer,cache_rejected_confidence_too_low_0.4635494987169902
2025-08-26T13:37:20.647255,hieu truong la ai,"Dạ cô Khánh,

Hiệu trưởng Trường Đại học Bình Dương là GS.TS. Cao Việt Hiếu ạ.

Cô Khánh có cần em hỗ trợ thêm gì không ạ?
",0.513,enhance_db_answer_normal,cache_rejected_confidence_too_low_0.513003680896759
2025-08-26T13:37:38.034019,vay Cao Viet Hieu la ai,Bot decided to 'ask_clarification',0.3747,ask_clarification_normal,decision_engine_ask_clarification
2025-08-26T13:37:38.041035,vay Cao Viet Hieu la ai,"Dạ cô Khánh, để em hỗ trợ chính xác nhất, cô Khánh có thể nói rõ hơn về vấn đề cần hỗ trợ không ạ? 🎓",0.3747,ask_clarification_normal,cache_rejected_confidence_too_low_0.3747147512435913
2025-08-26T13:38:10.938411,vậy Cao Việt Hiếu là ai?,Bot decided to 'ask_clarification',0.4304,ask_clarification_normal,decision_engine_ask_clarification
2025-08-26T13:38:10.946351,vậy Cao Việt Hiếu là ai?,"Dạ cô Khánh, để em hỗ trợ chính xác nhất, cô Khánh có thể nói rõ hơn về vấn đề cần hỗ trợ không ạ? 🎓",0.4304,ask_clarification_normal,cache_rejected_confidence_too_low_0.43035526272041214
2025-08-26T13:55:21.935623,vậy Cao Việt Hiếu là ai?,Bot decided to 'ask_clarification',0.4304,ask_clarification_normal,decision_engine_ask_clarification
2025-08-26T13:55:21.945139,vậy Cao Việt Hiếu là ai?,"Dạ cô Khánh, để em hỗ trợ chính xác nhất, cô Khánh có thể nói rõ hơn về vấn đề cần hỗ trợ không ạ? 🎓",0.4304,ask_clarification_normal,cache_rejected_confidence_too_low_0.43035526272041214
2025-08-26T14:07:36.111628,vậy Cao Việt Hiếu là ai?,Bot decided to 'ask_clarification',0.4196,ask_clarification_context,decision_engine_ask_clarification
2025-08-26T14:07:36.154644,vậy Cao Việt Hiếu là ai?,"Dạ cô Khánh, để em hỗ trợ chính xác nhất, cô Khánh có thể nói rõ hơn về vấn đề cần hỗ trợ không ạ? 🎓",0.4196,ask_clarification_context,cache_rejected_confidence_too_low_0.4195594787238301
2025-08-26T14:21:33.912102,vậy Cao Việt Hiếu là ông nào?,"Dạ cô Khánh,

GS.TS. Cao Việt Hiếu là Hiệu trưởng Trường Đại học Bình Dương ạ.

Cô Khánh có cần em hỗ trợ thêm gì không ạ?
",0.5963,enhance_db_answer_context,cache_rejected_confidence_too_low_0.5962512418928599
2025-08-26T14:22:00.680823,hoc phi chinh quy,"Dạ cô Khánh,

Em xin cung cấp thông tin về các loại phí liên quan đến học phí hệ đại học chính quy ạ:

*   **Lệ phí nhập học:** 2,000,000 đồng/sinh viên.
*   **Học phí trọn gói:** 64,000,000 đồng/học viên/toàn khóa (được giảm 8,000,000 đồng bằng tiền mặt).

Cô Khánh có cần em hỗ trợ thêm gì không ạ?
",0.5187,enhance_db_answer_normal,cache_rejected_confidence_too_low_0.5186920349438985
2025-08-26T14:22:11.606462,thầy Sơn,"Dạ cô Khánh,

Thầy Sơn hiện đang công tác tại Trường Đại học Bình Dương ạ.

Cô Khánh có cần em hỗ trợ thêm gì không ạ?
",0.5111,enhance_db_answer_normal,cache_rejected_confidence_too_low_0.5110698382695515
2025-08-26T14:23:59.422947,thầy Tuấn là ai,Bot decided to 'ask_clarification',0.4492,ask_clarification_normal,decision_engine_ask_clarification
2025-08-26T14:23:59.429456,thầy Tuấn là ai,"Dạ cô Khánh, để em hỗ trợ chính xác nhất, cô Khánh có thể nói rõ hơn về vấn đề cần hỗ trợ không ạ? 🎓",0.4492,ask_clarification_normal,cache_rejected_confidence_too_low_0.4492013754874845
2025-08-26T15:02:26.261134,hiệu trưởng là ai,"Dạ cô Khánh, em gặp khó khăn kỹ thuật. Cô Khánh có thể liên hệ bộ phận IT qua email it@bdu.edu.vn để được hỗ trợ ạ. 🎯",0.0,error_fallback,cache_rejected_confidence_too_low_0.0
2025-08-26T15:31:07.396869,ban van hoa truyen thong co nhiem vu gi trong chuong trinh phap luat va suc khoe hoc duong,"Dạ cô Khánh,

Ban Văn hóa – Truyền thông có trách nhiệm truyền thông về chương trình pháp luật và sức khỏe học đường, cập nhật thông tin trên các kênh của trường, và thiết kế hình ảnh cho chương trình ạ.

Cô Khánh có cần em hỗ trợ thêm gì không ạ?
",0.5981,enhance_db_answer_normal,cache_rejected_confidence_too_low_0.5980634653120114
2025-08-26T15:34:46.114166,ai trong mini car fighting 02,"Dạ cô Khánh,

Em chưa có thông tin về ai thắng trong Mini Car Fighting 02. Cô Khánh có muốn em tìm hiểu thêm thông tin này không ạ?
",0.5793,enhance_db_answer_normal,cache_rejected_confidence_too_low_0.5793049863974253
2025-08-26T15:38:14.104491,cao viet hieu nam giu chuc vu gi,"Dạ cô Khánh,

Em không tìm thấy thông tin về Cao Việt Hiếu đang giữ chức vụ gì tại trường. Cô Khánh có thể cung cấp thêm thông tin chi tiết về người này để em tìm kiếm chính xác hơn không ạ?

Cô Khánh có cần em hỗ trợ thêm gì không ạ?
",0.5729,enhance_db_answer_context,cache_rejected_confidence_too_low_0.5729267565084963
2025-08-26T15:38:28.531704,cao viet hieu nam giu chuc vu gi,"Dạ cô Khánh,

GS.TS. Cao Việt Hiếu là Hiệu trưởng Trường Đại học Bình Dương ạ. Cô Khánh có muốn biết thêm thông tin gì về thầy Hiếu không ạ?
",0.5462,enhance_db_answer_context,cache_rejected_confidence_too_low_0.5461942163778811
2025-08-28T08:50:15.511171,hoc phi chinh quy,"Dạ cô Khánh,

Lệ phí nhập học hệ đại học chính quy là 2,000,000 đồng/sinh viên ạ.

Cô Khánh có cần em hỗ trợ thêm gì không ạ?
",0.5187,enhance_db_answer_normal,cache_rejected_confidence_too_low_0.5186920349438985
2025-08-28T08:50:30.687183,hoc phi,Bot decided to 'ask_clarification',0.438,ask_clarification_normal,decision_engine_ask_clarification
2025-08-28T08:50:30.755075,hoc phi,"Dạ cô Khánh, để em hỗ trợ chính xác nhất, cô Khánh có thể nói rõ hơn về vấn đề cần hỗ trợ không ạ? 🎓",0.438,ask_clarification_normal,cache_rejected_confidence_too_low_0.43796428585052494
2025-08-28T09:10:14.388666,"ok, vậy tôi muốn hỏi về học phí","Dạ cô Khánh,

Cô Khánh muốn hỏi về vấn đề gì liên quan đến học phí ạ? Ví dụ như cách đóng học phí, thông tin về tài khoản ngân hàng của trường, hay các vấn đề khác ạ?

Thông tin về tài khoản ngân hàng của trường để đóng học phí là:

*   Tên tài khoản: Trường Đại học Bình Dương
*   Số tài khoản: 8603931959
*   Ngân hàng: TMCP Đầu tư và Phát triển Việt Nam, chi nhánh Bình Dương (BIDV)

Cô Khánh có cần em hỗ trợ thêm gì không ạ?
",0.5479,enhance_db_answer_context,cache_rejected_confidence_too_low_0.5478949520199798
2025-08-28T09:57:17.462458,vậy ông ấy là người như thế nào?,"Dạ cô Khánh, em chưa có thông tin chi tiết về ông Trần Thanh Cơ. Em chỉ biết ông ấy sẽ kiêm nhiệm phụ trách công tác thanh tra tại Phòng Thanh tra - Pháp chế và Kiểm toán nội bộ thôi ạ. Cô Khánh có muốn em tìm hiểu thêm thông tin về ông ấy không ạ?
",0.4911,enhance_db_answer_normal,cache_rejected_confidence_too_low_0.4911215436976889
2025-08-28T09:58:47.052494,cho tôi biết thêm về TS. Đỗ Đoan Trang,"Dạ cô Khánh, em chưa có thông tin về TS. Đỗ Đoan Trang ạ. Cô Khánh có cần em hỗ trợ thêm gì không ạ?
",0.537,enhance_db_answer_context,cache_rejected_confidence_too_low_0.5369650919186442
2025-08-28T10:14:07.396456,vậy còn đỗ đoan trang là ai,Bot decided to 'ask_clarification',0.4616,ask_clarification_normal_forced,decision_engine_ask_clarification
2025-08-28T10:14:07.408231,vậy còn đỗ đoan trang là ai,"Dạ cô Khánh, để em hỗ trợ chính xác nhất, cô Khánh có thể nói rõ hơn về vấn đề cần hỗ trợ không ạ? 🎓",0.4616,ask_clarification_normal_forced,cache_rejected_confidence_too_low_0.4616425864230421
2025-08-28T10:41:35.288139,hieu truong la ai,"Dạ cô Khánh,

Hiệu trưởng Trường Đại học Bình Dương là GS.TS. Cao Việt Hiếu ạ.

Cô Khánh có cần em hỗ trợ thêm gì không ạ?
",0.513,enhance_db_answer_normal,cache_rejected_confidence_too_low_0.513003680896759
2025-08-28T10:41:47.629113,ai la pho hieu truong,"Dạ cô Khánh,

Hiện tại em chưa có thông tin về phó hiệu trưởng ạ. Em có thể tìm thông tin này giúp cô Khánh được không ạ?
",0.4699,enhance_db_answer_normal,cache_rejected_confidence_too_low_0.4698790500958761
2025-08-28T10:42:39.451609,vậy ai là Cao Việt Hiếu,"Dạ cô Khánh, để em hỗ trợ chính xác nhất, cô Khánh có thể nói rõ hơn về vấn đề cần hỗ trợ không ạ? 🎓",0.4429,ask_clarification_normal,cache_rejected_confidence_too_low_0.442927834033966
2025-08-28T10:44:29.386413,Cao Việt Hiếu là ông nào,"Dạ cô Khánh,

Em tìm thấy thông tin sinh viên Nguyễn Văn Hiếu, lớp 241100MB005, ngành Quản trị kinh doanh ạ. Có phải cô Khánh muốn hỏi về sinh viên này không ạ?

Cô Khánh có cần em hỗ trợ thêm gì không ạ?
",0.5059,enhance_db_answer_normal,cache_rejected_confidence_too_low_0.5059269221623739
2025-08-28T10:47:24.137069,Cao Việt Hiếu là ai,"Dạ cô Khánh, để em hỗ trợ chính xác nhất, cô Khánh có thể nói rõ hơn về vấn đề cần hỗ trợ không ạ? 🎓",0.4407,ask_clarification_normal,cache_rejected_confidence_too_low_0.44066790215174356
2025-08-28T10:49:33.670571,đô đoan trang là ai,"Dạ cô Khánh, em chưa có thông tin về người này ạ. Cô Khánh có muốn em tìm kiếm thông tin liên hệ của phòng ban nào để hỏi không ạ?
",0.5313,enhance_db_answer_normal,cache_rejected_confidence_too_low_0.5313298815529922
2025-08-28T10:50:10.455343,vậy Cao Việt Hiếu là ông nào?,"Dạ cô Khánh, để em hỗ trợ chính xác nhất, cô Khánh có thể nói rõ hơn về vấn đề cần hỗ trợ không ạ? 🎓",0.448,ask_clarification_normal,cache_rejected_confidence_too_low_0.44797789904503593
2025-08-28T10:53:50.296778,vậy GS.TS. Cao Việt Hiếu là ai,"Dạ cô Khánh,

GS.TS. Cao Việt Hiếu là Hiệu trưởng của trường mình đó ạ.

Cô Khánh có cần em hỗ trợ thêm gì không ạ?
",0.4561,enhance_db_answer_normal,cache_rejected_confidence_too_low_0.45608678817749027
2025-08-28T10:55:07.872342,vậy cao việt hiếu là ai,"Dạ cô Khánh,

Em xin lỗi vì đã hiểu sai ý của cô. ""Cao Việt Hiếu"" là tên của Hiệu trưởng trường mình, GS.TS. Cao Việt Hiếu đó ạ.

Cô Khánh có cần em hỗ trợ thêm gì không ạ?
",0.5421,enhance_db_answer_normal,cache_rejected_confidence_too_low_0.542104562398715
2025-08-28T10:56:47.664351,vậy cao việt hiếu là ai,"Dạ cô Khánh,

Em có thông tin về Nguyễn Văn Hiếu được ưu đãi 10% học phí toàn khóa học. Cô Khánh có muốn biết thêm gì về trường hợp này không ạ?
",0.5842,enhance_db_answer_fallback,cache_rejected_confidence_too_low_0.5841576993106068
2025-08-28T11:01:32.783964,vậy Cao Việt Hiếu là ông nào?,"Dạ cô Khánh, để em hỗ trợ chính xác nhất, cô Khánh có thể nói rõ hơn về vấn đề cần hỗ trợ không ạ? 🎓",0.448,ask_clarification_normal,cache_rejected_confidence_too_low_0.44797789904503593
2025-08-28T11:04:10.247697,vậy cao việt hiếu là a ?,"Dạ cô Khánh, em không có thông tin về ""Cao Việt Hiếu"" ngoài việc GS.TS. Cao Việt Hiếu là Hiệu trưởng trường mình ạ. Cô Khánh có cần em hỗ trợ thêm gì không ạ?
",0.572,enhance_db_answer_fallback,cache_rejected_confidence_too_low_0.5720110648794945
2025-08-28T11:35:28.116935,vậy GS.TS. Cao Việt Hiếu là ai,"Dạ cô Khánh, GS.TS. Cao Việt Hiếu là Hiệu trưởng của trường mình ạ. Cô Khánh có cần em hỗ trợ thêm gì không ạ?
",0.4561,enhance_db_answer_normal,cache_rejected_confidence_too_low_0.45608678817749027
2025-08-28T11:35:39.036558,vậy cao việt hiếu là ai,"Dạ cô Khánh, em xin lỗi vì lặp lại thông tin. GS.TS. Cao Việt Hiếu là Hiệu trưởng của trường mình ạ. Cô Khánh có cần em hỗ trợ thêm gì không ạ?
",0.5421,enhance_db_answer_normal,cache_rejected_confidence_too_low_0.542104562398715
2025-08-28T11:37:13.785704,vậy còn nhớ cao việt hiếu không?,"Dạ cô Khánh, em không có thông tin về người tên Cao Việt Hiếu ạ. Cô Khánh có cần em hỗ trợ thêm gì không ạ?
",0.5276,enhance_db_answer_fallback,cache_rejected_confidence_too_low_0.527586950472423
2025-08-28T11:37:23.638211,cao việt hiếu là ai,"Dạ cô Khánh, em không có thông tin về người này ạ. Cô Khánh có cần em hỗ trợ thêm gì không ạ?
",0.5976,enhance_db_answer_fallback,cache_rejected_confidence_too_low_0.5975877888638041
2025-08-28T11:37:57.348919,vậy cao việt hiếu là là ai,"Dạ cô Khánh, em không có thông tin về người này ạ. Cô Khánh có cần em hỗ trợ thêm gì không ạ?
",0.5929,enhance_db_answer_fallback,cache_rejected_confidence_too_low_0.5928719639418782
2025-08-28T11:50:11.796853,vậy Cao Việt Hiếu là ông nào?,"Dạ cô Khánh, để em hỗ trợ chính xác nhất, cô Khánh có thể nói rõ hơn về vấn đề cần hỗ trợ không ạ? 🎓",0.448,ask_clarification_normal,cache_rejected_confidence_too_low_0.44797789904503593
2025-08-28T11:50:59.722208,thầy Hiếu là ai,"Dạ cô Khánh, em xin lỗi, hình như cô viết nhầm tên rồi ạ. Trong dữ liệu của trường mình, em chỉ tìm thấy sinh viên tên Nguyễn Văn Hiếu, lớp 241100MB005, ngành Quản trị kinh doanh thôi ạ. Cô Khánh có cần em hỗ trợ thêm gì không ạ?
",0.4763,enhance_db_answer_normal,cache_rejected_confidence_too_low_0.47631428480148313
2025-08-28T11:51:21.665133,vậy cao việt hiếu là a ?,"Dạ cô Khánh,

Ý cô Khánh là GS.TS. Cao Việt Hiếu phải không ạ? Thầy là Hiệu trưởng trường mình đó ạ.

Cô Khánh có cần em hỗ trợ thêm gì không ạ?
",0.572,enhance_db_answer_fallback,cache_rejected_confidence_too_low_0.5720110648794945
2025-08-28T12:30:15.200193,vậy GS.TS. Cao Việt Hiếu là ai,"Dạ cô Khánh,

GS.TS. Cao Việt Hiếu là Hiệu trưởng của trường mình đó ạ. Cô Khánh có muốn biết thêm thông tin gì về thầy Hiếu không ạ?
",0.4561,enhance_db_answer_normal,cache_rejected_confidence_too_low_0.45608678817749027
2025-08-28T12:30:23.972743,vậy cao việt hiếu là ai,"Dạ cô Khánh,

Ý của cô Khánh là thầy Cao Việt Hiếu phải không ạ? Thầy là Hiệu trưởng trường mình đó ạ.

Cô Khánh có cần em hỗ trợ thêm gì không ạ?
",0.5421,enhance_db_answer_normal,cache_rejected_confidence_too_low_0.542104562398715
2025-08-28T12:30:44.856644,ông Cao việt Hiếu là ai,"Dạ cô Khánh, để em hỗ trợ chính xác nhất, cô Khánh có thể nói rõ hơn về vấn đề cần hỗ trợ không ạ? 🎓",0.4479,ask_clarification_normal,cache_rejected_confidence_too_low_0.44789238354503247
2025-08-28T12:31:14.540044,vậy cao việt hiếu là ai,"Dạ cô Khánh, em chưa có thông tin về người này. Cô Khánh có thể cung cấp thêm thông tin để em tìm kiếm được không ạ?
",0.5421,enhance_db_answer_normal,cache_rejected_confidence_too_low_0.542104562398715
2025-08-28T12:35:34.780191,vậy GS.TS. Cao Việt Hiếu là ai,"Dạ cô Khánh,

GS.TS. Cao Việt Hiếu là Hiệu trưởng của trường mình đó ạ.

Cô Khánh có cần em hỗ trợ thêm gì không ạ?
",0.4561,enhance_db_answer_normal,cache_rejected_confidence_too_low_0.45608678817749027
2025-08-28T12:35:44.908701,vậy cao việt hiếu là ai,"Dạ cô Khánh,

Có phải ý cô Khánh là muốn biết thông tin về GS.TS. Cao Việt Hiếu đúng không ạ? Em xin phép nhắc lại, thầy là Hiệu trưởng của trường mình đó ạ. Cô Khánh muốn biết thêm thông tin gì về thầy Hiếu không ạ?

Cô Khánh có cần em hỗ trợ thêm gì không ạ?
",0.5421,enhance_db_answer_normal,cache_rejected_confidence_too_low_0.542104562398715
2025-08-28T12:36:22.914648,ông Cao việt Hiếu là ai,"Dạ cô Khánh, để em hỗ trợ chính xác nhất, cô Khánh có thể nói rõ hơn về vấn đề cần hỗ trợ không ạ? 🎓",0.4479,ask_clarification_normal,cache_rejected_confidence_too_low_0.44789238354503247
2025-08-28T12:36:43.475673,vậy cao việt hiếu là ai,"Dạ cô Khánh,

Thầy Cao Việt Hiếu là Hiệu trưởng Trường Đại học Bình Dương ạ.

Cô Khánh có cần em hỗ trợ thêm gì không ạ?
",0.5421,enhance_db_answer_normal,cache_rejected_confidence_too_low_0.542104562398715
2025-08-28T12:37:00.261938,tôi hỏi lại ông Cao việt Hiếu là ai?,"Dạ cô Khánh, để em hỗ trợ chính xác nhất, cô Khánh có thể nói rõ hơn về vấn đề cần hỗ trợ không ạ? 🎓",0.4001,ask_clarification_normal,cache_rejected_confidence_too_low_0.40005292059580483
2025-08-28T12:38:05.128030,vậy Cao Việt Hiếu là ông nào?,"Dạ cô Khánh, để em hỗ trợ chính xác nhất, cô Khánh có thể nói rõ hơn về vấn đề cần hỗ trợ không ạ? 🎓",0.448,ask_clarification_normal,cache_rejected_confidence_too_low_0.44797789904503593
2025-08-28T12:38:37.639461,vậy GS.TS. Cao Việt Hiếu là ai?,"Dạ cô Khánh, GS.TS. Cao Việt Hiếu là Hiệu trưởng Trường Đại học Bình Dương mình đó ạ. Cô Khánh có cần em hỗ trợ thêm gì không ạ?
",0.464,enhance_db_answer_normal,cache_rejected_confidence_too_low_0.4639528489112854
2025-08-28T12:38:48.150572,vậy cao việt hiếu là a ?,"Dạ cô Khánh, em nghĩ ý cô là ""vậy Cao Việt Hiếu là ai?"". GS.TS. Cao Việt Hiếu là Hiệu trưởng Trường Đại học Bình Dương mình đó ạ. Cô Khánh có cần em hỗ trợ thêm gì không ạ?
",0.4639,enhance_db_answer_normal,cache_rejected_confidence_too_low_0.46391432074400096
2025-08-28T12:49:49.032645,vậy GS.TS. Cao Việt Hiếu là ai,"Dạ cô Khánh,

GS.TS. Cao Việt Hiếu là Hiệu trưởng của trường mình đó ạ. Cô Khánh có cần em hỗ trợ thêm gì không ạ?
",0.4561,enhance_db_answer_normal,cache_rejected_confidence_too_low_0.45608678817749027
2025-08-28T12:49:57.625703,vậy cao việt hiếu là ai,"Dạ cô Khánh, em chưa có thông tin về người này ạ. Cô Khánh có cần em hỗ trợ thêm gì không ạ?
",0.5421,enhance_db_answer_normal,cache_rejected_confidence_too_low_0.542104562398715
2025-08-28T12:52:37.264954,Hiệu trưởng trường mình là ai,"Dạ cô Khánh, em gặp khó khăn kỹ thuật. Cô Khánh có thể liên hệ bộ phận IT qua email it@bdu.edu.vn để được hỗ trợ ạ. 🎯",0.0,error_fallback,cache_rejected_confidence_too_low_0.0
2025-08-28T12:54:43.540457,vậy GS.TS. Cao Việt Hiếu là ai,"Dạ cô Khánh,

GS.TS. Cao Việt Hiếu là Hiệu trưởng của trường mình đó ạ.

Cô Khánh có cần em hỗ trợ thêm gì không ạ?
",0.4561,enhance_db_answer_normal,cache_rejected_confidence_too_low_0.45608678817749027
2025-08-28T12:54:57.188550,vậy cao việt hiếu là ai,"Dạ cô Khánh,

Em xin lỗi vì câu trả lời trước chưa rõ ràng. ""Cao Việt Hiếu"" là cách gọi tắt của GS.TS. Cao Việt Hiếu, hiện là Hiệu trưởng trường Đại học Bình Dương mình đó ạ.

Cô Khánh có cần em hỗ trợ thêm gì không ạ?
",0.5421,enhance_db_answer_normal,cache_rejected_confidence_too_low_0.542104562398715
2025-08-28T12:56:51.860312,vậy Cao Việt Hiếu là ai?,"Dạ cô Khánh, để em hỗ trợ chính xác nhất, cô Khánh có thể nói rõ hơn về vấn đề cần hỗ trợ không ạ? 🎓",0.4304,ask_clarification_normal,cache_rejected_confidence_too_low_0.43035526272041214
2025-08-28T12:57:21.611919,vậy cao việt hiếu là a ?,"Dạ cô Khánh, em xin lỗi vì đã gây nhầm lẫn. Nguyễn Văn Hiếu chứ không phải Cao Việt Hiếu ạ. Nguyễn Văn Hiếu là sinh viên nhận được ưu đãi 10% học phí toàn khóa học. Cô Khánh có cần em hỗ trợ thêm gì không ạ?
",0.572,enhance_db_answer_fallback,cache_rejected_confidence_too_low_0.5720110648794945
2025-08-28T13:13:48.067874,vậy GS.TS. Cao Việt Hiếu là ai,"Dạ cô Khánh, em chưa có thông tin về GS.TS. Cao Việt Hiếu ạ. Cô Khánh có muốn em tìm kiếm thông tin này trên trang web của trường hoặc liên hệ phòng ban liên quan không ạ?
",0.4561,enhance_db_answer,cache_rejected_confidence_too_low_0.4560868239402771
2025-08-28T13:33:38.081573,who is president of BDU,Bot decided to 'ask_clarification',0.4236,ask_clarification,decision_engine_ask_clarification
2025-08-28T13:33:38.083940,who is president of BDU,"Dạ cô Khánh, để em hỗ trợ chính xác nhất, cô Khánh có thể nói rõ hơn về vấn đề cần hỗ trợ không ạ? 🎓",0.4236,ask_clarification,cache_rejected_confidence_too_low_0.42355757179260256
2025-08-28T13:33:54.099754,ai la hieu truong truong,"Dạ cô Khánh,

Hiện tại, GS.TS Cao Việt Hiếu là Hiệu trưởng Trường Đại học Bình Dương ạ.

Cô Khánh có cần em hỗ trợ thêm gì không ạ?
",0.5433,enhance_db_answer,cache_rejected_confidence_too_low_0.5433468247413635
2025-08-28T13:34:12.548568,ai la Cao Việt Hiếu,Bot decided to 'ask_clarification',0.3706,ask_clarification,decision_engine_ask_clarification
2025-08-28T13:34:12.549587,ai la Cao Việt Hiếu,"Dạ cô Khánh, để em hỗ trợ chính xác nhất, cô Khánh có thể nói rõ hơn về vấn đề cần hỗ trợ không ạ? 🎓",0.3706,ask_clarification,cache_rejected_confidence_too_low_0.3705981986958048
2025-08-28T13:34:27.198590,y la cao hviet hieu l ai,Bot decided to 'ask_clarification',0.3145,ask_clarification,decision_engine_ask_clarification
2025-08-28T13:34:27.201071,y la cao hviet hieu l ai,"Dạ cô Khánh, để em hỗ trợ chính xác nhất, cô Khánh có thể nói rõ hơn về vấn đề cần hỗ trợ không ạ? 🎓",0.3145,ask_clarification,cache_rejected_confidence_too_low_0.31452612484202663
2025-08-28T13:35:35.026306,Cao Việt Hiếu là ai,Bot decided to 'ask_clarification',0.4407,ask_clarification,decision_engine_ask_clarification
2025-08-28T13:35:35.028317,Cao Việt Hiếu là ai,"Dạ thầy Khang, để em hỗ trợ chính xác nhất, thầy Khang có thể nói rõ hơn về vấn đề cần hỗ trợ không ạ? 🎓",0.4407,ask_clarification,cache_rejected_confidence_too_low_0.44066790215174356
2025-08-28T13:35:51.273519,cho tôi đoạn code python vẽ hình vuông 2x2,Bot decided to 'ask_clarification',0.3866,ask_clarification,decision_engine_ask_clarification
2025-08-28T13:35:51.274651,cho tôi đoạn code python vẽ hình vuông 2x2,"Dạ thầy Admin, để em hỗ trợ chính xác nhất, thầy Admin có thể nói rõ hơn về vấn đề cần hỗ trợ không ạ? 🎓",0.3866,ask_clarification,cache_rejected_confidence_too_low_0.38659077974494527
2025-08-28T13:35:51.561649,k25 co nhung ai,Bot decided to 'ask_clarification',0.3775,ask_clarification,decision_engine_ask_clarification
2025-08-28T13:35:51.564039,k25 co nhung ai,"Dạ cô Khánh, để em hỗ trợ chính xác nhất, cô Khánh có thể nói rõ hơn về vấn đề cần hỗ trợ không ạ? 🎓",0.3775,ask_clarification,cache_rejected_confidence_too_low_0.3774716377258301
2025-08-28T13:36:00.140343,cho tôi đoạn code vẽ hình vuông 2x2,Bot decided to 'ask_clarification',0.4103,ask_clarification,decision_engine_ask_clarification
2025-08-28T13:36:00.142639,cho tôi đoạn code vẽ hình vuông 2x2,"Dạ thầy Admin, để em hỗ trợ chính xác nhất, thầy Admin có thể nói rõ hơn về vấn đề cần hỗ trợ không ạ? 🎓",0.4103,ask_clarification,cache_rejected_confidence_too_low_0.4102699365781701
2025-08-28T13:36:07.051313,cho tôi code python vẽ hình vuông 2x2,Bot decided to 'ask_clarification',0.3892,ask_clarification,decision_engine_ask_clarification
2025-08-28T13:36:07.052973,cho tôi code python vẽ hình vuông 2x2,"Dạ thầy Admin, để em hỗ trợ chính xác nhất, thầy Admin có thể nói rõ hơn về vấn đề cần hỗ trợ không ạ? 🎓",0.3892,ask_clarification,cache_rejected_confidence_too_low_0.3891561951803124
2025-08-28T13:36:08.702160,Nguyen Quoc Duy Khang la dai ca cua k25,Bot decided to 'ask_clarification',0.4263,ask_clarification,decision_engine_ask_clarification
2025-08-28T13:36:08.702160,Nguyen Quoc Duy Khang la dai ca cua k25,"Dạ cô Khánh, để em hỗ trợ chính xác nhất, cô Khánh có thể nói rõ hơn về vấn đề cần hỗ trợ không ạ? 🎓",0.4263,ask_clarification,cache_rejected_confidence_too_low_0.42626203547583685
2025-08-28T13:36:15.581680,Nguyen Quoc Duy Khang la ai,Bot decided to 'ask_clarification',0.5221,ask_clarification,decision_engine_ask_clarification
2025-08-28T13:36:15.583737,Nguyen Quoc Duy Khang  la ai,"Dạ cô Khánh, để em hỗ trợ chính xác nhất, cô Khánh có thể nói rõ hơn về vấn đề cần hỗ trợ không ạ? 🎓",0.5221,ask_clarification,cache_rejected_confidence_too_low_0.5221325721740722
2025-08-28T13:37:04.822633,ban la ai,Bot decided to 'ask_clarification',0.4719,ask_clarification,decision_engine_ask_clarification
2025-08-28T13:37:04.824949,ban la ai,"Dạ cô Khánh, để em hỗ trợ chính xác nhất, cô Khánh có thể nói rõ hơn về vấn đề cần hỗ trợ không ạ? 🎓",0.4719,ask_clarification,cache_rejected_confidence_too_low_0.4718753369649251
2025-08-28T13:37:12.820342,api key la ai,Bot decided to 'ask_clarification',0.4195,ask_clarification,decision_engine_ask_clarification
2025-08-28T13:37:12.821352,api key la ai,"Dạ cô Khánh, để em hỗ trợ chính xác nhất, cô Khánh có thể nói rõ hơn về vấn đề cần hỗ trợ không ạ? 🎓",0.4195,ask_clarification,cache_rejected_confidence_too_low_0.41945911611829484
2025-08-28T13:37:22.099101,get api key gemini,Bot decided to 'ask_clarification',0.3424,ask_clarification,decision_engine_ask_clarification
2025-08-28T13:37:22.101877,get api key gemini,"Dạ cô Khánh, để em hỗ trợ chính xác nhất, cô Khánh có thể nói rõ hơn về vấn đề cần hỗ trợ không ạ? 🎓",0.3424,ask_clarification,cache_rejected_confidence_too_low_0.34240653785069786
2025-08-28T13:37:34.084881,Độ tương đồng: NaN%,Bot decided to 'ask_clarification',0.3653,ask_clarification,decision_engine_ask_clarification
2025-08-28T13:37:34.085887,Độ tương đồng: NaN%,"Dạ cô Khánh, để em hỗ trợ chính xác nhất, cô Khánh có thể nói rõ hơn về vấn đề cần hỗ trợ không ạ? 🎓",0.3653,ask_clarification,cache_rejected_confidence_too_low_0.36529981417655943
2025-08-28T13:37:48.469444,"Dạ cô Khánh, để em hỗ trợ chính xác nhất, cô Khánh có thể nói rõ hơn về vấn đề cần hỗ trợ không ạ? 🎓",Bot decided to 'ask_clarification',0.4678,ask_clarification,decision_engine_ask_clarification
2025-08-28T13:37:48.471531,"Dạ cô Khánh, để em hỗ trợ chính xác nhất, cô Khánh có thể nói rõ hơn về vấn đề cần hỗ trợ không ạ? 🎓","Dạ cô Khánh, để em hỗ trợ chính xác nhất, cô Khánh có thể nói rõ hơn về vấn đề cần hỗ trợ không ạ? 🎓",0.4678,ask_clarification,cache_rejected_confidence_too_low_0.46781573917554775
2025-08-28T13:38:08.442824,Độ tương đồng: NaN%,Bot decided to 'ask_clarification',0.3653,ask_clarification,decision_engine_ask_clarification
2025-08-28T13:38:08.445239,Độ tương đồng: NaN%,"Dạ cô Khánh, để em hỗ trợ chính xác nhất, cô Khánh có thể nói rõ hơn về vấn đề cần hỗ trợ không ạ? 🎓",0.3653,ask_clarification,cache_rejected_confidence_too_low_0.36529981417655943
2025-08-28T13:39:59.336416,hello,Bot decided to 'ask_clarification',0.2843,ask_clarification,decision_engine_ask_clarification
2025-08-28T13:39:59.338741,hello,"Dạ thầy Admin, để em hỗ trợ chính xác nhất, thầy Admin có thể nói rõ hơn về vấn đề cần hỗ trợ không ạ? 🎓",0.2843,ask_clarification,cache_rejected_confidence_too_low_0.2842992236981025
2025-08-28T13:40:35.595344,GS.TS Cao Việt Hiếu là ai,"Dạ thầy Admin, thầy Hiệu trưởng hiện tại của trường mình là GS.TS Cao Việt Hiếu ạ. Thầy Admin có cần em hỗ trợ thêm gì không ạ?
",0.4595,enhance_db_answer,cache_rejected_confidence_too_low_0.45947314898173014
2025-08-28T13:40:45.035377,Cao Việt Hiếu là ai,Bot decided to 'ask_clarification',0.4407,ask_clarification,decision_engine_ask_clarification
2025-08-28T13:40:45.037393,Cao Việt Hiếu là ai,"Dạ thầy Admin, để em hỗ trợ chính xác nhất, thầy Admin có thể nói rõ hơn về vấn đề cần hỗ trợ không ạ? 🎓",0.4407,ask_clarification,cache_rejected_confidence_too_low_0.44066790215174356
2025-08-28T13:42:26.794552,xin chào,Bot decided to 'ask_clarification',0.443,ask_clarification,decision_engine_ask_clarification
2025-08-28T13:42:26.795553,xin chào,"Dạ cô Khánh, để em hỗ trợ chính xác nhất, cô Khánh có thể nói rõ hơn về vấn đề cần hỗ trợ không ạ? 🎓",0.443,ask_clarification,cache_rejected_confidence_too_low_0.4430082954088847
2025-08-28T13:53:30.795278,vậy ai là Cao Việt Hiếu ?,Bot decided to 'ask_clarification',0.4134,ask_clarification,decision_engine_ask_clarification
2025-08-28T13:53:30.814436,vậy ai là Cao Việt Hiếu ?,"Dạ cô Khánh, để em hỗ trợ chính xác nhất, cô Khánh có thể nói rõ hơn về vấn đề cần hỗ trợ không ạ? 🎓",0.4134,ask_clarification,cache_rejected_confidence_too_low_0.41338168918331214
2025-08-28T13:53:37.042043,GS.TS Cao Việt Hiếu,Bot decided to 'ask_clarification',0.4007,ask_clarification,decision_engine_ask_clarification
2025-08-28T13:53:37.048163,GS.TS Cao Việt Hiếu,"Dạ cô Khánh, để em hỗ trợ chính xác nhất, cô Khánh có thể nói rõ hơn về vấn đề cần hỗ trợ không ạ? 🎓",0.4007,ask_clarification,cache_rejected_confidence_too_low_0.4007439756393433
2025-08-28T13:59:19.149085,vậy GS.TS. Cao Việt Hiếu là ai,"Dạ cô Khánh, em chưa có thông tin về GS.TS. Cao Việt Hiếu. Cô Khánh có muốn em tìm kiếm thông tin này trên website của trường không ạ?
",0.4561,enhance_db_answer,cache_rejected_confidence_too_low_0.4560868239402771
2025-08-28T14:06:18.698048,Hiệu trưởng trường mình là ai,"Dạ cô Khánh, em gặp khó khăn kỹ thuật. Cô Khánh có thể liên hệ bộ phận IT qua email it@bdu.edu.vn để được hỗ trợ ạ. 🎯",0.0,error_fallback,cache_rejected_confidence_too_low_0.0
2025-08-28T14:08:51.243137,vậy GS.TS. Cao Việt Hiếu là ai,"Dạ cô Khánh,

GS.TS. Cao Việt Hiếu hiện là Hiệu trưởng của trường mình đó ạ. Cô Khánh có muốn biết thêm thông tin gì về thầy Hiếu không ạ?
",0.4561,enhance_db_answer_normal,cache_rejected_confidence_too_low_0.4560868239402771
2025-08-28T14:09:16.458239,vậy cao việt hiếu là ai,"Dạ cô Khánh, em chưa có thông tin về người này ạ. Cô Khánh có muốn em tìm kiếm thông tin về các cán bộ khác của trường không ạ?
",0.5421,enhance_db_answer_normal,cache_rejected_confidence_too_low_0.542104562398715
2025-08-28T14:09:54.211242,vậy Cao Việt Hiếu là ông nào?,"Dạ cô Khánh, để em hỗ trợ chính xác nhất, cô Khánh có thể nói rõ hơn về vấn đề cần hỗ trợ không ạ? 🎓",0.448,ask_clarification_normal,cache_rejected_confidence_too_low_0.44797789904503593
2025-08-28T14:10:19.369064,còn nhớ bà Lê Văn Cường là ai không?,"Dạ cô Khánh, để em hỗ trợ chính xác nhất, cô Khánh có thể nói rõ hơn về vấn đề cần hỗ trợ không ạ? 🎓",0.3938,ask_clarification_normal,cache_rejected_confidence_too_low_0.3937565353544349
2025-08-28T14:10:26.548555,Lê Văn Cường là ai,"Dạ cô Khánh, để em hỗ trợ chính xác nhất, cô Khánh có thể nói rõ hơn về vấn đề cần hỗ trợ không ạ? 🎓",0.4584,ask_clarification_normal,cache_rejected_confidence_too_low_0.45839285700409493
2025-08-28T14:10:43.781259,Cao Việt Hiếu là ông nào?,"Dạ cô Khánh, em tìm thấy thông tin về Nguyễn Văn Hiếu, không có thông tin về Cao Việt Hiếu ạ. Nguyễn Văn Hiếu được ưu đãi 10% học phí toàn khóa học. Cô Khánh có cần em hỗ trợ thêm gì không ạ?
",0.4879,enhance_db_answer_normal,cache_rejected_confidence_too_low_0.48792146046956386
2025-08-28T14:11:12.626247,vậy GS.TS. Cao Việt Hiếu là ai,"Dạ cô Khánh, em chưa có thông tin về GS.TS. Cao Việt Hiếu ạ. Cô Khánh có muốn em tìm kiếm thông tin này trên trang web của trường không ạ?
",0.4561,enhance_db_answer_normal,cache_rejected_confidence_too_low_0.4560868239402771
2025-08-28T14:22:30.551813,toi dang bi loi khi nao truy cap la loi cho toi code python,"Dạ cô Khánh, để em hỗ trợ chính xác nhất, cô Khánh có thể nói rõ hơn về vấn đề cần hỗ trợ không ạ? 🎓",0.4118,ask_clarification_normal,cache_rejected_confidence_too_low_0.41181086944811274
2025-08-28T14:22:43.997179,code python ve hinh a Khang,"Dạ cô Khánh, để em hỗ trợ chính xác nhất, cô Khánh có thể nói rõ hơn về vấn đề cần hỗ trợ không ạ? 🎓",0.369,ask_clarification_normal,cache_rejected_confidence_too_low_0.3690039127037443
2025-08-28T14:22:57.914392,code python ve hinh a Khang,"Dạ cô Khánh, để em hỗ trợ chính xác nhất, cô Khánh có thể nói rõ hơn về vấn đề cần hỗ trợ không ạ? 🎓",0.369,ask_clarification_normal,cache_rejected_confidence_too_low_0.3690039127037443
2025-08-28T14:23:11.696127,cho toi code python ve hinh code python ve hinh a Khang bang cac ****,"Dạ cô Khánh, để em hỗ trợ chính xác nhất, cô Khánh có thể nói rõ hơn về vấn đề cần hỗ trợ không ạ? 🎓",0.3864,ask_clarification_normal,cache_rejected_confidence_too_low_0.38641087079048153
2025-08-28T14:23:25.438301,cho toi code html co ban de hoc,"Dạ cô Khánh, để em hỗ trợ chính xác nhất, cô Khánh có thể nói rõ hơn về vấn đề cần hỗ trợ không ạ? 🎓",0.4227,ask_clarification_normal,cache_rejected_confidence_too_low_0.4226752948760986
2025-08-28T14:23:31.059190,code html,"Dạ cô Khánh, để em hỗ trợ chính xác nhất, cô Khánh có thể nói rõ hơn về vấn đề cần hỗ trợ không ạ? 🎓",0.3081,ask_clarification_normal,cache_rejected_confidence_too_low_0.30814606046676635
2025-08-28T14:23:38.626910,html,"Dạ cô Khánh, em chưa có thông tin về vấn đề này. Cô Khánh có thể liên hệ phòng ban liên quan qua email info@bdu.edu.vn để được hỗ trợ chi tiết ạ. 🎓",0.2492,say_dont_know_normal,cache_rejected_confidence_too_low_0.24918676045361687
2025-08-28T14:23:46.942576,code html de ve hinhh,"Dạ cô Khánh, để em hỗ trợ chính xác nhất, cô Khánh có thể nói rõ hơn về vấn đề cần hỗ trợ không ạ? 🎓",0.3421,ask_clarification_normal,cache_rejected_confidence_too_low_0.3420542656353541
2025-08-28T14:23:49.394039,vậy Lê Văn Cường là ai,"Dạ cô Khánh, để em hỗ trợ chính xác nhất, cô Khánh có thể nói rõ hơn về vấn đề cần hỗ trợ không ạ? 🎓",0.4565,ask_clarification_normal,cache_rejected_confidence_too_low_0.4565368033338476
2025-08-28T14:23:56.724063,? sao dua ra quyet dinh,"Dạ cô Khánh, để em hỗ trợ chính xác nhất, cô Khánh có thể nói rõ hơn về vấn đề cần hỗ trợ không ạ? 🎓",0.4351,ask_clarification_normal,cache_rejected_confidence_too_low_0.4351410609051801
2025-08-28T14:24:26.047075,ông Lê Văn Cường,"Dạ cô Khánh, em chưa có thông tin về ông Lê Văn Cường. Tuy nhiên, em biết ông Hoàng Ngọc Cường là thành viên Ban biên tập Tạp chí Khoa học và Công nghệ của trường mình. Cô Khánh có cần em tìm hiểu thêm về ông Lê Văn Cường không ạ?
",0.596,enhance_db_answer_normal,cache_rejected_confidence_too_low_0.5960230526217708
2025-08-28T14:27:03.411185,vậy Cao Việt Hiếu là ông nào?,"Dạ cô Khánh, để em hỗ trợ chính xác nhất, cô Khánh có thể nói rõ hơn về vấn đề cần hỗ trợ không ạ? 🎓",0.448,ask_clarification_normal,cache_rejected_confidence_too_low_0.44797789904503593
2025-08-28T14:27:42.056004,vậy cao việt hiếu là a ?,"Dạ cô Khánh, em xin lỗi, em không có thông tin về ""cao việt hiếu"". Cô Khánh có muốn em tìm thông tin về người khác không ạ?
",0.572,enhance_db_answer_fallback,cache_rejected_confidence_too_low_0.5720110648794945
2025-08-28T14:45:51.214494,quyet dinh gi,"Dạ cô Khánh, quyết định về việc cử nhân sự tham dự Hội thảo Khoa học Quốc tế và Quan hệ doanh nghiệp tại Trường Đại học Nam Cần Thơ ạ. Cô Khánh có cần em hỗ trợ thêm gì không ạ?
",0.5819,enhance_db_answer_normal,cache_rejected_confidence_too_low_0.5818591431209019
2025-08-28T14:46:03.966275,ai ban hanh,"Dạ cô Khánh,

Quyết định này do các đơn vị và cá nhân sau thi hành:

*   Phòng Tổng hợp
*   Phòng Tài chính - Kế toán
*   Phòng Quản lý đào tạo và Công tác sinh viên
*   Phòng Thanh tra - Pháp chế và Kiểm toán nội bộ
*   Viện Đào tạo liên tục, Phục vụ cộng đồng
*   Phòng Thi đua Trường Đại học Bình Dương
*   Ông Nguyễn Minh Tùng
*   Các đơn vị, cá nhân có liên quan

Cô Khánh có cần em hỗ trợ thêm gì không ạ?
",0.5835,enhance_db_answer_normal,cache_rejected_confidence_too_low_0.5835189477602641
2025-08-28T14:46:22.128918,u know me ?,"Dạ cô Khánh, để em hỗ trợ chính xác nhất, cô Khánh có thể nói rõ hơn về vấn đề cần hỗ trợ không ạ? 🎓",0.3224,ask_clarification_normal,cache_rejected_confidence_too_low_0.3223995588885413
2025-08-28T14:46:33.556058,wanna go home yet ?,"Dạ cô Khánh, để em hỗ trợ chính xác nhất, cô Khánh có thể nói rõ hơn về vấn đề cần hỗ trợ không ạ? 🎓",0.3206,ask_clarification_normal,cache_rejected_confidence_too_low_0.3206462105115255
2025-08-28T14:46:40.512365,wwwwww,"Dạ cô Khánh, để em hỗ trợ chính xác nhất, cô Khánh có thể nói rõ hơn về vấn đề cần hỗ trợ không ạ? 🎓",0.2954,ask_clarification_normal,cache_rejected_confidence_too_low_0.2954250365860608
2025-08-28T14:46:58.919858,"code nay de lam gi // index.js
import { AppRegistry } from 'react-native';
import App from '.';
import './polyfills';
import { name as appName } from './app.json';

AppRegistry.registerComponent(appName, () => App);","Dạ cô Khánh, để em hỗ trợ chính xác nhất, cô Khánh có thể nói rõ hơn về vấn đề cần hỗ trợ không ạ? 🎓",0.3867,ask_clarification_normal,cache_rejected_confidence_too_low_0.38669211474331944
2025-08-28T14:47:06.112443,full code,"Dạ cô Khánh, để em hỗ trợ chính xác nhất, cô Khánh có thể nói rõ hơn về vấn đề cần hỗ trợ không ạ? 🎓",0.2823,ask_clarification_normal,cache_rejected_confidence_too_low_0.2822984226400202
2025-08-28T14:47:19.493499,ai lam app sinh vien,"Dạ cô Khánh,

Theo em biết, bạn Đào Văn Hiếu (21050011) và Trần Đăng Trị (21050049) đã cùng nhau làm app sinh viên ạ.

Cô Khánh có cần em hỗ trợ thêm gì không ạ?
",0.5851,enhance_db_answer_normal,cache_rejected_confidence_too_low_0.5851355663226201
2025-08-28T14:48:54.288595,trang web cua sinh vien,"Dạ cô Khánh,

Ý cô Khánh là trang web để sinh viên đăng nhập vào tài khoản cá nhân đúng không ạ? Sinh viên có thể đăng nhập bằng tài khoản đã được cấp để đăng ký môn học đó cô.

Cô Khánh có cần em hỗ trợ thêm gì không ạ?
",0.5171,enhance_db_answer_normal,cache_rejected_confidence_too_low_0.5171330229167281
2025-08-28T15:31:13.893867,cao việt hiếu là ai,"Dạ cô Khánh,

GS.TS. Cao Việt Hiếu là Hiệu trưởng Trường Đại học Bình Dương ạ. Cô Khánh có muốn biết thêm thông tin gì về thầy Hiếu không ạ?
",0.5736,enhance_db_answer_normal,cache_rejected_confidence_too_low_0.5736348710426917
2025-08-28T15:31:31.564698,đỗ đoan trang là ai,"Dạ cô Khánh,

Cô Đỗ Đoan Trang hiện là Phó Hiệu trưởng của trường mình ạ. Cô Khánh có muốn biết thêm thông tin gì về cô Trang không ạ?
",0.5142,enhance_db_answer_normal,cache_rejected_confidence_too_low_0.5141645268712725
2025-08-28T15:31:43.910012,lê văn cường là ai,"Dạ cô Khánh, để em hỗ trợ chính xác nhất, cô Khánh có thể nói rõ hơn về vấn đề cần hỗ trợ không ạ? 🎓",0.4459,ask_clarification_normal,cache_rejected_confidence_too_low_0.4459072802861532
2025-08-28T15:32:08.922719,còn nhớ cao việt hiếu là ai không?,"Dạ cô Khánh, để em hỗ trợ chính xác nhất, cô Khánh có thể nói rõ hơn về vấn đề cần hỗ trợ không ạ? 🎓",0.349,ask_clarification_normal,cache_rejected_confidence_too_low_0.34902782926559445
2025-08-28T15:47:18.539453,alo,"Dạ cô Khánh, để em hỗ trợ chính xác nhất, cô Khánh có thể nói rõ hơn về vấn đề cần hỗ trợ không ạ? 🎓",0.2847,ask_clarification_normal,cache_rejected_confidence_too_low_0.2847346063454946
2025-08-28T15:47:27.905672,"💬
Chat mới - 14:18:43
28/8/2025
⋯
Đã kết nối

⚙️
Cài đặt
Xin chào giảng viên Khánh!

Tôi là ChatBDU, trợ lý AI của Đại học Bình Dương. 💡 Bạn có thể thiết lập 'Ghi nhớ và chỉ dẫn' trong cài đặt để tôi phục vụ bạn tốt hơn!

Tôi có thể hỗ trợ bạn về:
•
📚 Thông tin đào tạo và ngành học

•
🎓 Quy định và thủ tục

•
💰 Học phí và chính sách

•
🏢 Cơ sở vật chất

•
📞 Thông tin liên hệ

•
📄 Phân tích tài liệu PDF/DOCX

•
🖼️ Trích xuất văn bản từ ảnh


Hãy đặt câu hỏi để bắt đầu!


💡

Mới:


Bạn có thể tải lên tài liệu PDF/DOCX hoặc ảnh chứa văn bản để tôi phân tích và trả lời câu hỏi về nội dung!
Độ tin cậy: 100.0%
14:18:43
code python ve hinh a Khang
14:18:45
Dạ cô Khánh, để em hỗ trợ chính xác nhất, cô Khánh có thể nói rõ hơn về vấn đề cần hỗ trợ không ạ? 🎓
📚 Nguồn tham khảo:
Q: Quyết định số 433/QĐ-ĐHBD dựa trên kế hoạch nào của Khoa Công nghệ thông tin, Robot và Trí tuệ nhân tạo?
Độ tương đồng: NaN%
Q: Địa điểm tổ chức cuộc thi AIOT Developer Innoworks 2024 được nêu trong Quyết đ","Dạ cô Khánh,

Em chưa hiểu rõ ý cô Khánh lắm ạ. Cô Khánh muốn vẽ hình gì bằng Python ạ? Cô Khánh có thể cho em biết thêm chi tiết được không ạ?

Cô Khánh có cần em hỗ trợ thêm gì không ạ?
",0.4774,enhance_db_answer_smart_entity_fallback,cache_rejected_confidence_too_low_0.4773899295512541
2025-08-28T15:47:48.976538,co muon hoi code python printhello word,"Dạ cô Khánh, để em hỗ trợ chính xác nhất, cô Khánh có thể nói rõ hơn về vấn đề cần hỗ trợ không ạ? 🎓",0.3487,ask_clarification_normal,cache_rejected_confidence_too_low_0.34870415903801144
2025-08-28T16:15:28.242696,cao việt hiếu là ai,"Dạ cô Khánh,

Em chưa có thông tin chi tiết về cá nhân Cao Việt Hiếu ngoài việc thầy là Hiệu trưởng trường Đại học Bình Dương ạ.

Cô Khánh có cần em hỗ trợ thêm gì không ạ?
",0.5736,enhance_db_answer_normal,cache_rejected_confidence_too_low_0.5736348710426917
2025-08-28T16:16:03.019764,đỗ đoan trang là ai,"Dạ cô Khánh,

Cô Đỗ Đoan Trang hiện là Phó Hiệu trưởng của trường mình ạ.

Cô Khánh có cần em hỗ trợ thêm gì không ạ?
",0.5142,enhance_db_answer_normal,cache_rejected_confidence_too_low_0.5141645268712725
2025-08-28T16:16:15.105164,lê văn cường là ai,"Dạ cô Khánh, để em hỗ trợ chính xác nhất, cô Khánh có thể nói rõ hơn về vấn đề cần hỗ trợ không ạ? 🎓",0.4459,ask_clarification_normal,cache_rejected_confidence_too_low_0.4459072802861532
2025-08-28T16:16:37.223595,còn nhớ cao việt hiếu là ai không?,"Dạ cô Khánh, để em hỗ trợ chính xác nhất, cô Khánh có thể nói rõ hơn về vấn đề cần hỗ trợ không ạ? 🎓",0.5342,ask_clarification_fallback,cache_rejected_confidence_too_low_0.534223326011326
2025-08-28T16:26:35.160214,cao việt hiếu là ai,"Dạ cô Khánh,

Em đã trả lời câu hỏi này rồi ạ. Cô Khánh có muốn biết thêm thông tin gì khác về thầy Hiếu không ạ?
",0.5736,use_db_direct_normal,cache_rejected_confidence_too_low_0.5736348710426917
2025-08-28T16:27:05.117633,đỗ đoan trang là ai,"Dạ cô Khánh,

Hiện tại, trường mình có cô Đỗ Đoan Trang và thầy Lê Văn Cường là Phó Hiệu trưởng ạ.

Cô Khánh có cần em hỗ trợ thêm gì không ạ?
",0.5142,enhance_db_answer_normal,cache_rejected_confidence_too_low_0.5141645268712725
2025-08-28T16:27:19.762299,lê văn cường là ai,"Dạ cô Khánh,

Thầy Lê Văn Cường là Phó Hiệu trưởng của trường mình ạ.

Cô Khánh có cần em hỗ trợ thêm gì không ạ?
",0.4459,enhance_db_answer_normal,cache_rejected_confidence_too_low_0.4459072802861532
2025-08-28T16:27:31.895230,còn nhớ cao việt hiếu là ai không?,"Dạ cô Khánh, để em hỗ trợ chính xác nhất, cô Khánh có thể nói rõ hơn về vấn đề cần hỗ trợ không ạ? 🎓",0.349,ask_clarification_normal,cache_rejected_confidence_too_low_0.34902782926559445
2025-08-28T16:27:45.636797,cao việt hiếu là ai,"Dạ cô Khánh, em chưa có thông tin về người này ạ. Cô Khánh có muốn em tìm kiếm thông tin về vấn đề khác không ạ?
",0.5736,use_db_direct_normal,cache_rejected_confidence_too_low_0.5736348710426917
2025-08-28T16:36:24.547280,thành viên mini car fighting 02,"Dạ cô Khánh,

Đội tuyển BDU-FIGHTING 02 đã đạt Giải Khuyến khích tại cuộc thi Mini Car Racing – Năm thứ 10 và nhận được mức thưởng 2.000.000 đồng ạ. Em chưa có thông tin chi tiết về thành viên của đội.

Cô Khánh có cần em hỗ trợ thêm gì không ạ?
",0.4743,enhance_db_answer_normal,cache_rejected_confidence_too_low_0.47425868272781374
2025-08-28T16:36:39.192158,thành viên mini car fighting 02 gồm những ai,"Dạ cô Khánh,

Thành viên đội Mini Car Fighting 02 gồm có: Võ Chí Linh, Nguyễn Xuân Long, Trần Đăng Trị và Nguyễn Quốc Duy Khang ạ.

Cô Khánh có cần em hỗ trợ thêm gì không ạ?
",0.4594,enhance_db_answer_normal,cache_rejected_confidence_too_low_0.45936153213183084
2025-08-28T16:37:06.497645,Duy Khang là ai,"Dạ cô Khánh,

Nguyễn Quốc Duy Khang là thành viên của đội Mini Car Fighting 02 ạ.

Cô Khánh có cần em hỗ trợ thêm gì không ạ?
",0.5947,use_db_direct_normal,cache_rejected_confidence_too_low_0.5947180539766947
2025-08-28T16:37:43.098523,vậy sinh viên Duy Khang là ai?,"Dạ cô Khánh,

Em xin cung cấp thêm thông tin về sinh viên Duy Khang ạ:

*   **Họ và tên:** Nguyễn Quốc Duy Khang
*   **Lớp:** 25TH01
*   **Thành tích:** Thành viên đội Mini Car Fighting 02, người tạo ra chatbot này.

Cô Khánh có cần em hỗ trợ thêm gì không ạ?
",0.4786,enhance_db_answer_fallback,cache_rejected_confidence_too_low_0.47856271283967156
2025-08-28T16:40:05.958565,Duy Khang là ai,"Dạ cô Khánh, em không tìm thấy thông tin về người tên Duy Khang trong dữ liệu của trường. Cô Khánh có thể cho em thêm thông tin để em tìm kiếm chính xác hơn không ạ?
",0.5947,use_db_direct_normal,cache_rejected_confidence_too_low_0.5947180539766947
2025-08-28T16:40:12.808989,Duy Khang là ai,"Dạ cô Khánh,

Em không biết Duy Khang là ai ạ. Cô Khánh có muốn em tìm hiểu thêm không ạ?
",0.5947,use_db_direct_fallback,cache_rejected_confidence_too_low_0.5947180539766947
2025-08-28T16:46:27.876116,Do ai tạo ra ?,"Dạ cô Khánh,

Ý cô Khánh hỏi ""ai"" ở đây là ai tạo ra cơ sở vật chất của trường mình phải không ạ?

Cơ sở vật chất là do trường mình trang bị hoặc tài trợ ạ.

Cô Khánh có cần em hỗ trợ thêm gì không ạ?
",0.5299,enhance_db_answer_normal,cache_rejected_confidence_too_low_0.5299166624546051
2025-08-28T16:59:16.712785,Đào Văn Hiếu và thầy Trần Đăng Trị làm gì?,"Dạ cô Khánh, theo em biết thì thầy Đào Văn Hiếu và thầy Trần Đăng Trị làm app sinh viên ạ. Cô Khánh có cần em hỗ trợ thêm gì không ạ?
",0.5816,use_db_direct_normal,cache_rejected_confidence_too_low_0.581619291305542
2025-08-28T17:00:47.323011,Cao Việt Hiếu là ai,"Dạ cô Khánh, hiệu trưởng trường mình là GS.TS. Cao Việt Hiếu ạ. Cô Khánh có cần em hỗ trợ thêm gì không ạ?
",0.4407,enhance_db_answer_normal,cache_rejected_confidence_too_low_0.44066790215174356
2025-08-28T17:01:04.134831,GS.TS. Cao Việt Hiếu,"Dạ cô Khánh, em hiểu là cô Khánh muốn biết thông tin về GS.TS. Cao Việt Hiếu ạ. Em xin phép được tìm hiểu thêm thông tin về thầy để hỗ trợ cô Khánh tốt hơn nhé. Cô Khánh có muốn biết thông tin cụ thể nào về thầy không ạ?
",0.4184,enhance_db_answer_normal,cache_rejected_confidence_too_low_0.4184017622470856
2025-08-28T17:01:26.480500,em a khang la ai,"Dạ cô Khánh, để em hỗ trợ chính xác nhất, cô Khánh có thể nói rõ hơn về vấn đề cần hỗ trợ không ạ? 🎓",0.2871,ask_clarification_normal,cache_rejected_confidence_too_low_0.2870892915725708
2025-08-29T08:20:05.491929,5 ông thầy,"Dạ cô Khánh, ""5 ông thầy"" trong phương pháp Cộng học của trường mình là: ""Cha Mẹ"", ""Thầy/Cô; Bạn bè"", ""Sách; Tài liệu; Giáo trình; Hội thảo khoa học"", ""Dr. Google"", và ""Chính bản thân mình"" ạ. Cô Khánh có cần em hỗ trợ thêm gì không ạ?
",0.5685,use_db_direct_normal,cache_rejected_confidence_too_low_0.5685422445312749
2025-08-29T08:21:55.853825,giám đốc trung tâm CDS là ai,"Dạ cô Khánh, thầy Tuấn là Giám đốc Trung tâm CDS từ năm 2025 ạ. Cô Khánh có cần em hỗ trợ thêm gì không ạ?
",0.5772,use_db_direct_smart_entity_fallback,cache_rejected_confidence_too_low_0.577190980230059
2025-08-29T08:23:24.910831,cao việt hiếu là ai,"Dạ cô Khánh, GS.TS. Cao Việt Hiếu là Hiệu trưởng trường mình ạ. Cô Khánh có cần em hỗ trợ thêm gì không ạ?
",0.5736,use_db_direct_normal,cache_rejected_confidence_too_low_0.5736348710426917
2025-08-29T08:24:52.410218,Lê Văn Cường là ai,"Dạ cô Khánh, em chưa có thông tin về người tên Lê Văn Cường ạ. Tuy nhiên, có ông Hoàng Ngọc Cường được điều động từ Phòng Quản lý khoa học và Quan hệ đối ngoại sang Khoa Công nghệ thực phẩm. Cô Khánh có cần em hỗ trợ thêm gì không ạ?
",0.4584,enhance_db_answer_normal,cache_rejected_confidence_too_low_0.4583930000552424
2025-08-29T08:25:34.052429,Cao Việt Hiếu là ai?,"Dạ cô Khánh, em chỉ có thông tin về Nguyễn Văn Hiếu, bạn này được giảm 10% học phí toàn khóa học ạ. Cô Khánh có muốn biết thêm gì về bạn này không ạ?
",0.4976,enhance_db_answer_normal,cache_rejected_confidence_too_low_0.49762926363945004
2025-08-29T08:34:26.032130,Lê Văn Cường là ai,"Dạ cô Khánh, em xin lỗi vì đã nhầm lẫn thông tin trước đó. Thầy Lê Văn Cường là Phó Hiệu trưởng của trường ạ. Còn ông Hoàng Ngọc Cường trước đây làm ở Phòng Quản lý khoa học và Quan hệ đối ngoại, giờ đã chuyển sang Khoa Công nghệ thực phẩm rồi ạ. Cô Khánh có cần em hỗ trợ thêm gì không ạ?
",0.4584,enhance_db_answer_normal,cache_rejected_confidence_too_low_0.4583930000552424
2025-08-29T09:25:23.092664,5 ông thầy,"Dạ cô Khánh, em chỉ hỗ trợ các vấn đề liên quan đến công việc giảng viên tại BDU thôi ạ!",0.5,rejected_non_education,cache_rejected_confidence_too_low_0.5
2025-08-29T09:46:57.270208,5 ông thầy,"Dạ cô Khánh, em chỉ hỗ trợ các vấn đề liên quan đến công việc giảng viên tại BDU thôi ạ!",0.5766,rejected_non_education,cache_rejected_confidence_too_low_0.5765676975250245
2025-08-29T09:55:45.436761,giám đốc trung tâm CDS là ai,"Dạ cô Khánh, em chưa có thông tin về giám đốc trung tâm CDS ạ. Cô Khánh có muốn em tìm thông tin liên hệ của phòng ban liên quan để cô Khánh hỏi không ạ?
",0.5772,use_db_direct_smart_entity_fallback,cache_rejected_confidence_too_low_0.577190980230059
2025-08-29T10:10:09.498987,5 ông thầy,"Dạ cô Khánh, em gặp khó khăn kỹ thuật. Cô Khánh có thể liên hệ bộ phận IT qua email it@bdu.edu.vn để được hỗ trợ ạ. 🎯",0.0,error_fallback,cache_rejected_confidence_too_low_0.0
2025-08-29T10:11:43.741414,5 ông thầy,"Dạ cô Khánh, em gặp khó khăn kỹ thuật. Cô Khánh có thể liên hệ bộ phận IT qua email it@bdu.edu.vn để được hỗ trợ ạ. 🎯",0.0,error_fallback,cache_rejected_confidence_too_low_0.0
2025-08-29T10:13:06.709181,học phí,"Dạ cô Khánh, em gặp khó khăn kỹ thuật. Cô Khánh có thể liên hệ bộ phận IT qua email it@bdu.edu.vn để được hỗ trợ ạ. 🎯",0.0,error_fallback,cache_rejected_confidence_too_low_0.0
2025-08-29T10:16:43.882048,học phí,"Dạ cô Khánh, em gặp khó khăn kỹ thuật. Cô Khánh có thể liên hệ bộ phận IT qua email it@bdu.edu.vn để được hỗ trợ ạ. 🎯",0.0,error_fallback,cache_rejected_confidence_too_low_0.0
2025-08-29T10:19:41.740060,5 ông thầy,"Dạ cô Khánh,

""5 ông thầy"" trong phương pháp Cộng học của trường mình là:

*   Thầy là Cha Mẹ
*   Thầy là Thầy/Cô, Bạn bè
*   Thầy là Sách, Tài liệu, Giáo trình, Hội thảo khoa học
*   Thầy là Dr. Google
*   Thầy là Chính bản thân mình

Cô Khánh có cần em hỗ trợ thêm gì không ạ?
",0.5685,use_db_direct_normal,cache_rejected_confidence_too_low_0.5685422445312749
2025-08-29T10:19:51.824503,học phí,"Dạ cô Khánh, em gặp khó khăn kỹ thuật. Cô Khánh có thể liên hệ bộ phận IT qua email it@bdu.edu.vn để được hỗ trợ ạ. 🎯",0.0,error_fallback,cache_rejected_confidence_too_low_0.0
2025-08-29T10:20:53.682583,thầy Tuấn là ai,"Dạ cô Khánh, em gặp khó khăn kỹ thuật. Cô Khánh có thể liên hệ bộ phận IT qua email it@bdu.edu.vn để được hỗ trợ ạ. 🎯",0.0,error_fallback,cache_rejected_confidence_too_low_0.0
2025-08-29T10:21:23.000641,ai là giám đốc trung tâm CDS,"Dạ cô Khánh, em gặp khó khăn kỹ thuật. Cô Khánh có thể liên hệ bộ phận IT qua email it@bdu.edu.vn để được hỗ trợ ạ. 🎯",0.0,error_fallback,cache_rejected_confidence_too_low_0.0
2025-08-29T10:24:51.196738,học phí,"Dạ cô Khánh, em gặp khó khăn kỹ thuật. Cô Khánh có thể liên hệ bộ phận IT qua email it@bdu.edu.vn để được hỗ trợ ạ. 🎯",0.0,error_fallback,cache_rejected_confidence_too_low_0.0
2025-08-29T10:25:12.190549,thầy Tuấn là ai,"Dạ cô Khánh, em gặp khó khăn kỹ thuật. Cô Khánh có thể liên hệ bộ phận IT qua email it@bdu.edu.vn để được hỗ trợ ạ. 🎯",0.0,error_fallback,cache_rejected_confidence_too_low_0.0
2025-08-29T10:27:23.105312,thầy Tuấn là ai,"Dạ cô Khánh, em gặp khó khăn kỹ thuật. Cô Khánh có thể liên hệ bộ phận IT qua email it@bdu.edu.vn để được hỗ trợ ạ. 🎯",0.0,error_fallback,cache_rejected_confidence_too_low_0.0
2025-08-29T10:35:08.125354,5 ông thầy,"Dạ cô Khánh,

""5 ông thầy"" trong phương pháp Cộng học của trường mình là:

*   Thầy là Cha Mẹ
*   Thầy là Thầy/Cô; Bạn bè
*   Thầy là Sách; Tài liệu; Giáo trình; Hội thảo khoa học
*   Thầy là Dr. Google
*   Thầy là Chính bản thân mình

Cô Khánh có cần em hỗ trợ thêm gì không ạ?
",0.5685,use_db_direct_normal,cache_rejected_confidence_too_low_0.5685422445312749
2025-08-29T10:36:08.193690,Lê Văn Cường là ai,"Dạ cô Khánh,

Hiện tại trường mình có thầy Lê Văn Cường là Phó Hiệu trưởng ạ. Ngoài ra, có một thông tin nữa là ông Hoàng Ngọc Cường đã được điều động từ Phòng Quản lý khoa học và Quan hệ đối ngoại sang Khoa Công nghệ thực phẩm ạ.

Cô Khánh có cần em hỗ trợ thêm gì không ạ?
",0.4584,enhance_db_answer_normal,cache_rejected_confidence_too_low_0.4583930000552424
2025-08-29T11:04:33.604520,taaaa,"Dạ giảng viên, để em hỗ trợ chính xác nhất, giảng viên có thể nói rõ hơn về vấn đề cần hỗ trợ không ạ? 🎓",0.2931,ask_clarification_normal,cache_rejected_confidence_too_low_0.29313772735141574
2025-08-29T11:05:41.084458,ai la hieu truong,"Dạ giảng viên,

Hiện tại, Hiệu trưởng Trường Đại học Bình Dương là GS.TS. Cao Việt Hiếu. Thầy là người chịu trách nhiệm cao nhất trong việc quản lý và điều hành mọi hoạt động của trường, bao gồm:

*   **Định hướng phát triển:** Xây dựng và triển khai các chiến lược, kế hoạch phát triển dài hạn và ngắn hạn của trường.
*   **Quản lý đào tạo:** Đảm bảo chất lượng đào tạo, phát triển chương trình đào tạo, và nâng cao trình độ đội ngũ giảng viên.
*   **Nghiên cứu khoa học:** Thúc đẩy hoạt động nghiên cứu khoa học, chuyển giao công nghệ, và ứng dụng các kết quả nghiên cứu vào thực tiễn.
*   **Hợp tác quốc tế:** Mở rộng quan hệ hợp tác với các trường đại học, tổ chức quốc tế để nâng cao vị thế và uy tín của trường.
*   **Quản lý tài chính:** Quản lý và sử dụng hiệu quả nguồn tài chính của trường, đảm bảo các hoạt động được thực hiện đúng quy định.
*   **Xây dựng đội ngũ:** Xây dựng và phát triển đội ngũ cán bộ, giảng viên có trình độ chuyên môn cao, tâm huyết với nghề.
*   **Đảm bảo cơ sở vật chất:** Đầu tư và nâng cấp cơ sở vật chất, trang thiết bị phục vụ cho công tác giảng dạy, học tập và nghiên cứu.

Nếu giảng viên cần thêm thông tin về các hoạt động cụ thể của trường hoặc muốn liên hệ với thầy Hiệu trưởng, có thể truy cập trang web của trường hoặc liên hệ với văn phòng Hiệu trưởng để được hỗ trợ.

Giảng Viên có cần em hỗ trợ thêm gì không ạ?
",0.488,enhance_db_answer_normal,cache_rejected_confidence_too_low_0.48802997471945625
2025-08-29T11:56:10.910870,thay Tuan la ai,"Dạ cô Sơn, thầy Dương Anh Tuấn là cán bộ giảng viên của Đại học Bình Dương và hiện đang giữ chức Giám đốc Trung tâm CDS từ năm 2025 ạ.

Cô Sơn có cần em hỗ trợ thêm gì không ạ?
",0.5995,use_db_direct_normal,cache_rejected_confidence_too_low_0.5995069847106934
2025-08-29T11:56:38.005846,thay Tuan la ai,"Dạ cô Sơn, thầy Dương Anh Tuấn là cán bộ giảng viên của Đại học Bình Dương và hiện đang giữ chức Giám đốc Trung tâm CDS từ năm 2025 ạ.

Cô Sơn có cần em hỗ trợ thêm gì không ạ?
",0.5995,use_db_direct_normal,cache_rejected_confidence_too_low_0.5995069847106934
2025-08-29T11:59:34.530131,hieu truong la ai,"Dạ thầy Quyền, Hiệu trưởng Trường Đại học Bình Dương là GS.TS. Cao Việt Hiếu ạ. Thầy Quyền có cần em hỗ trợ thêm gì không ạ?
",0.5873,use_db_direct_normal,cache_rejected_confidence_too_low_0.5872791111673628
2025-08-29T11:59:51.572151,ai la giam doc trung tam CDS?,"Dạ thầy Quyền, thầy Dương Anh Tuấn là cán bộ giảng viên thuộc trường Đại học Bình Dương và nhận chức Giám đốc TT CDS vào năm 2025 ạ. Thầy Quyền có cần em hỗ trợ thêm gì không ạ?
",0.4438,enhance_db_answer_normal,cache_rejected_confidence_too_low_0.4437670077596392
2025-08-29T12:01:39.577344,Le Van Cuong la ai?,"Dạ thầy Quyền, thầy Lê Văn Cường hiện là một trong hai Phó Hiệu trưởng của trường Đại học Bình Dương ạ. Thầy Quyền có cần em hỗ trợ thêm gì không ạ?
",0.4004,enhance_db_answer_normal,cache_rejected_confidence_too_low_0.40042486371416036
2025-08-29T12:02:18.179148,Cao Viet Hieu la ai?,"Dạ thầy Quyền, em chưa có thông tin về Cao Việt Hiếu trong cơ sở dữ liệu hiện tại. Tuy nhiên, em có thông tin về Nguyễn Văn Hiếu, người đang nhận được mức ưu đãi học phí 10% toàn khóa học tại trường. Thầy Quyền có cần em hỗ trợ thêm gì không ạ?
",0.3816,enhance_db_answer_normal,cache_rejected_confidence_too_low_0.3816292636394501
2025-08-29T12:02:46.952551,vay ai la giam doc trung tam CDS?,"Dạ thầy Quyền, em chưa có thông tin về Giám đốc Trung tâm CDS trong cơ sở dữ liệu hiện tại. Tuy nhiên, theo em được biết, để trở thành Giám đốc Trung tâm, cần đáp ứng các tiêu chí sau:

*   Có trình độ cử nhân trở lên.
*   Có kinh nghiệm và năng lực quản lý.
*   Sử dụng thành thạo ngoại ngữ và tin học văn phòng.

Thầy Quyền có thể liên hệ Phòng Tổ chức - Hành chính của trường để có thông tin chính xác nhất về vị trí này ạ. Thầy Quyền có cần em hỗ trợ thêm gì không ạ?
",0.4492,enhance_db_answer_normal,cache_rejected_confidence_too_low_0.449194815158844
2025-08-29T12:03:01.597089,hoc phi,"Dạ thầy Quyền, số tài khoản để nộp học phí là 8603931959 ạ. Thầy Quyền có cần em hỗ trợ thêm gì không ạ?
",0.438,enhance_db_answer_normal,cache_rejected_confidence_too_low_0.43796428585052494
2025-08-29T19:14:26.715074,5 ông thầy,"Dạ cô Khánh,

""5 ông thầy"" trong phương pháp Cộng học của trường mình là:

*   Thầy là Cha Mẹ
*   Thầy là Thầy/Cô; Bạn bè
*   Thầy là Sách; Tài liệu; Giáo trình; Hội thảo khoa học
*   Thầy là Dr. Google
*   Thầy là Chính bản thân mình

Cô Khánh có cần em hỗ trợ thêm gì không ạ?
",0.5685,use_db_direct_normal,cache_rejected_confidence_too_low_0.5685422445312749
2025-08-29T19:28:56.098471,5 ông thầy,"Dạ cô Khánh,

""5 ông thầy"" trong phương pháp Cộng học của trường mình là:

*   Thầy là Cha Mẹ
*   Thầy là Thầy/Cô, Bạn bè
*   Thầy là Sách, Tài liệu, Giáo trình, Hội thảo khoa học
*   Thầy là Dr. Google
*   Thầy là Chính bản thân mình

Cô Khánh có cần em hỗ trợ thêm gì không ạ?
",0.5685,use_db_direct_normal,cache_rejected_confidence_too_low_0.5685422445312749
2025-08-29T19:32:30.132688,5 ông thầy,"Dạ cô Khánh,

""5 ông thầy"" trong phương pháp ""Cộng học"" của trường mình là:

*   Thầy là ""Cha Mẹ""
*   Thầy là ""Thầy/Cô; Bạn bè""
*   Thầy là ""Sách; Tài liệu; Giáo trình; Hội thảo khoa học""
*   Thầy là ""Dr. Google""
*   Thầy là ""Chính bản thân mình""

Cô Khánh có cần em hỗ trợ thêm gì không ạ?
",0.5685,use_db_direct_normal,cache_rejected_confidence_too_low_0.5685422445312749
2025-08-29T19:33:00.044179,cao việt hiếu là ai,"Dạ cô Khánh, thầy Cao Việt Hiếu là Hiệu trưởng trường mình ạ. Cô Khánh có cần em hỗ trợ thêm gì không ạ?
",0.5976,use_db_direct_fallback,cache_rejected_confidence_too_low_0.5975878603893778
2025-08-29T19:53:04.799476,5 ông thầy,"Dạ giảng viên, theo phương pháp ""Cộng học"" tại Đại học Bình Dương, ""5 ông thầy"" bao gồm:

1.  Thầy là ""Cha Mẹ""
2.  Thầy là ""Thầy/Cô; Bạn bè""
3.  Thầy là ""Sách; Tài liệu; Giáo trình; Hội thảo khoa học""
4.  Thầy là ""Dr. Google""
5.  Thầy là ""Chính bản thân mình""

Giảng Viên có cần em hỗ trợ thêm gì không ạ?
",0.5685,use_db_direct_normal,cache_rejected_confidence_too_low_0.5685422445312749
2025-08-29T19:53:07.625164,cao việt hiếu là ai,"Dạ giảng viên, em chưa có thông tin về người này ạ. Giảng Viên có cần em hỗ trợ thêm gì không ạ?
",0.5976,use_db_direct_fallback,cache_rejected_confidence_too_low_0.5975878603893778
2025-08-29T20:01:07.774350,5 ông thầy,"Dạ giảng viên, theo phương pháp ""Cộng học"" tại trường Đại học Bình Dương, ""5 ông thầy"" bao gồm:

1.  Thầy là ""Cha Mẹ""
2.  Thầy là ""Thầy/Cô; Bạn bè""
3.  Thầy là ""Sách; Tài liệu; Giáo trình; Hội thảo khoa học""
4.  Thầy là ""Dr. Google""
5.  Thầy là ""Chính bản thân mình""

Giảng Viên có cần em hỗ trợ thêm gì không ạ?
",0.5685,use_db_direct_normal,cache_rejected_confidence_too_low_0.5685422445312749
2025-08-29T20:01:10.258717,cao việt hiếu là ai,"Dạ giảng viên, em chưa có thông tin về người này ạ. Giảng Viên có cần em hỗ trợ thêm gì không ạ?
",0.5976,use_db_direct_fallback,cache_rejected_confidence_too_low_0.5975878603893778
2025-08-29T20:14:51.628967,5 ông thầy,"Dạ giảng viên, theo phương pháp ""Cộng học"" tại trường Đại học Bình Dương, ""05 người Thầy"" bao gồm:

1.  Thầy là ""Cha Mẹ""
2.  Thầy là ""Thầy/Cô; Bạn bè""
3.  Thầy là ""Sách; Tài liệu; Giáo trình; Hội thảo khoa học""
4.  Thầy là ""Dr. Google""
5.  Thầy là ""Chính bản thân mình""

Giảng Viên có cần em hỗ trợ thêm gì không ạ?
",0.5685,use_db_direct_normal,cache_rejected_confidence_too_low_0.5685422445312749
2025-08-29T20:14:54.277209,cao việt hiếu là ai,"Dạ giảng viên, em chưa có thông tin về người này ạ. Giảng Viên có cần em hỗ trợ thêm gì không ạ?
",0.5976,use_db_direct_fallback,cache_rejected_confidence_too_low_0.5975878603893778
2025-08-29T20:26:09.945926,5 ông thầy,"Dạ giảng viên, theo phương pháp ""Cộng học"" tại trường Đại học Bình Dương, ""5 ông thầy"" bao gồm:

1.  Thầy là ""Cha Mẹ""
2.  Thầy là ""Thầy/Cô; Bạn bè""
3.  Thầy là ""Sách; Tài liệu; Giáo trình; Hội thảo khoa học""
4.  Thầy là ""Dr. Google""
5.  Thầy là ""Chính bản thân mình""

Giảng Viên có cần em hỗ trợ thêm gì không ạ?
",0.5685,use_db_direct_normal,cache_rejected_confidence_too_low_0.5685422445312749
2025-08-29T20:26:12.497245,cao việt hiếu là ai,"Dạ giảng viên, em chưa có thông tin về người này ạ. Giảng Viên có cần em hỗ trợ thêm gì không ạ?
",0.5976,use_db_direct_fallback,cache_rejected_confidence_too_low_0.5975878603893778
2025-08-29T20:30:23.945030,5 ông thầy,"Dạ cô Khánh,

""5 ông thầy"" trong phương pháp Cộng học của trường mình là:

*   Thầy là Cha Mẹ
*   Thầy là Thầy/Cô, Bạn bè
*   Thầy là Sách, Tài liệu, Giáo trình, Hội thảo khoa học
*   Thầy là Dr. Google
*   Thầy là Chính bản thân mình

Cô Khánh có muốn em giải thích rõ hơn về ""5 ông thầy"" này không ạ?
",0.5685,use_db_direct_normal,cache_rejected_confidence_too_low_0.5685422445312749
2025-08-29T20:30:47.522982,cao việt hiếu là ai,"Dạ cô Khánh, thầy Cao Việt Hiếu là Hiệu trưởng trường mình ạ. Cô Khánh có cần em hỗ trợ thêm gì không ạ?
",0.5976,use_db_direct_fallback,cache_rejected_confidence_too_low_0.5975878603893778
2025-08-29T20:32:58.206300,đội thi mini car racing 02 gồm những ai,"Dạ cô Khánh, em chưa có thông tin về thành viên đội thi Mini Car Racing 02 ạ. Cô Khánh có muốn em tìm thêm thông tin không ạ?
",0.5139,enhance_db_answer_normal,cache_rejected_confidence_too_low_0.5138849919372135
2025-08-29T20:33:12.791304,Mini Car Racing 02,"Dạ cô Khánh,

""Mini Car Racing 02"" là tên của một đoàn, do ông Võ Thanh Thiện Trụ, Trợ lý Ban Giám hiệu, làm Trưởng đoàn ạ.

Cô Khánh có cần em hỗ trợ thêm gì không ạ?
",0.5723,enhance_db_answer_normal,cache_rejected_confidence_too_low_0.5722708002726238
2025-08-29T20:36:21.253381,thành viên Mini Car Racing 02,"Dạ cô Khánh,

Em hiểu là cô Khánh muốn biết thông tin về thành viên của đội Mini Car Racing 02 đúng không ạ? Hiện tại, em chưa có danh sách thành viên cụ thể của đội này. Tuy nhiên, em biết Trưởng đoàn là thầy Võ Thanh Thiện Trụ, Trợ lý Ban Giám hiệu.

Cô Khánh có muốn em tìm hiểu thêm thông tin về đội Mini Car Racing 02 hoặc liên hệ với thầy Trụ để hỏi không ạ?
",0.5235,enhance_db_answer_normal,cache_rejected_confidence_too_low_0.5235035781065622
2025-08-29T20:40:24.525154,5 ông thầy,"Dạ giảng viên, theo phương pháp ""Cộng học"" tại Đại học Bình Dương, ""5 ông thầy"" bao gồm:

1.  Thầy là ""Cha Mẹ""
2.  Thầy là ""Thầy/Cô; Bạn bè""
3.  Thầy là ""Sách; Tài liệu; Giáo trình; Hội thảo khoa học""
4.  Thầy là ""Dr. Google""
5.  Thầy là ""Chính bản thân mình""

Giảng Viên có cần em hỗ trợ thêm gì không ạ?
",0.5685,use_db_direct_normal,cache_rejected_confidence_too_low_0.5685422445312749
2025-08-29T20:40:27.180615,cao việt hiếu là ai,"Dạ giảng viên, em chưa có thông tin về người này ạ. Giảng Viên có cần em hỗ trợ thêm gì không ạ?
",0.5976,use_db_direct_fallback,cache_rejected_confidence_too_low_0.5975878603893778
2025-08-29T20:48:15.523260,thầy Tuấn là ai,"Dạ giảng viên, em gặp khó khăn kỹ thuật. Giảng Viên có thể liên hệ bộ phận IT qua email it@bdu.edu.vn để được hỗ trợ ạ. 🎯",0.0,error_fallback,cache_rejected_confidence_too_low_0.0
2025-08-29T20:48:17.980779,vậy thầy Tuấn làm gì,"Dạ giảng viên, em gặp khó khăn kỹ thuật. Giảng Viên có thể liên hệ bộ phận IT qua email it@bdu.edu.vn để được hỗ trợ ạ. 🎯",0.0,error_fallback,cache_rejected_confidence_too_low_0.0
2025-08-29T20:48:19.039030,hiệu trưởng là ai,"Dạ giảng viên, em gặp khó khăn kỹ thuật. Giảng Viên có thể liên hệ bộ phận IT qua email it@bdu.edu.vn để được hỗ trợ ạ. 🎯",0.0,error_fallback,cache_rejected_confidence_too_low_0.0
2025-08-29T20:48:20.841111,phó hiệu trưởng là ai,"Dạ giảng viên, em gặp khó khăn kỹ thuật. Giảng Viên có thể liên hệ bộ phận IT qua email it@bdu.edu.vn để được hỗ trợ ạ. 🎯",0.0,error_fallback,cache_rejected_confidence_too_low_0.0
2025-08-29T20:48:22.739143,giám đốc trung tâm CDS là ai,"Dạ giảng viên, em gặp khó khăn kỹ thuật. Giảng Viên có thể liên hệ bộ phận IT qua email it@bdu.edu.vn để được hỗ trợ ạ. 🎯",0.0,error_fallback,cache_rejected_confidence_too_low_0.0
2025-08-29T20:48:24.404281,học phí bao nhiêu,"Dạ giảng viên, em gặp khó khăn kỹ thuật. Giảng Viên có thể liên hệ bộ phận IT qua email it@bdu.edu.vn để được hỗ trợ ạ. 🎯",0.0,error_fallback,cache_rejected_confidence_too_low_0.0
2025-08-29T20:48:26.208762,thủ tục tốt nghiệp,"Dạ giảng viên, em gặp khó khăn kỹ thuật. Giảng Viên có thể liên hệ bộ phận IT qua email it@bdu.edu.vn để được hỗ trợ ạ. 🎯",0.0,error_fallback,cache_rejected_confidence_too_low_0.0
2025-08-29T20:48:28.097918,vậy hiệu trưởng tên gì,"Dạ giảng viên, em gặp khó khăn kỹ thuật. Giảng Viên có thể liên hệ bộ phận IT qua email it@bdu.edu.vn để được hỗ trợ ạ. 🎯",0.0,error_fallback,cache_rejected_confidence_too_low_0.0
2025-08-29T20:48:30.041903,còn phó hiệu trưởng thì sao,"Dạ giảng viên, em gặp khó khăn kỹ thuật. Giảng Viên có thể liên hệ bộ phận IT qua email it@bdu.edu.vn để được hỗ trợ ạ. 🎯",0.0,error_fallback,cache_rejected_confidence_too_low_0.0
2025-08-29T20:48:31.611316,thầy Tuấn ở đâu,"Dạ giảng viên, em gặp khó khăn kỹ thuật. Giảng Viên có thể liên hệ bộ phận IT qua email it@bdu.edu.vn để được hỗ trợ ạ. 🎯",0.0,error_fallback,cache_rejected_confidence_too_low_0.0
2025-08-29T20:48:33.553530,5 ông thầy,"Dạ giảng viên, em gặp khó khăn kỹ thuật. Giảng Viên có thể liên hệ bộ phận IT qua email it@bdu.edu.vn để được hỗ trợ ạ. 🎯",0.0,error_fallback,cache_rejected_confidence_too_low_0.0
2025-08-29T20:48:35.298902,thầy Tuấn là ai,"Dạ giảng viên, em gặp khó khăn kỹ thuật. Giảng Viên có thể liên hệ bộ phận IT qua email it@bdu.edu.vn để được hỗ trợ ạ. 🎯",0.0,error_fallback,cache_rejected_confidence_too_low_0.0
2025-08-29T20:48:36.864657,giám đốc trung tâm CDS là ai,"Dạ giảng viên, em gặp khó khăn kỹ thuật. Giảng Viên có thể liên hệ bộ phận IT qua email it@bdu.edu.vn để được hỗ trợ ạ. 🎯",0.0,error_fallback,cache_rejected_confidence_too_low_0.0
2025-08-29T20:48:38.307379,hiệu trưởng là ai,"Dạ giảng viên, em gặp khó khăn kỹ thuật. Giảng Viên có thể liên hệ bộ phận IT qua email it@bdu.edu.vn để được hỗ trợ ạ. 🎯",0.0,error_fallback,cache_rejected_confidence_too_low_0.0
2025-08-29T20:48:39.785380,cao việt hiếu là ai,"Dạ giảng viên, em gặp khó khăn kỹ thuật. Giảng Viên có thể liên hệ bộ phận IT qua email it@bdu.edu.vn để được hỗ trợ ạ. 🎯",0.0,error_fallback,cache_rejected_confidence_too_low_0.0
2025-08-29T20:48:41.343684,phó hiệu trưởng là ai,"Dạ giảng viên, em gặp khó khăn kỹ thuật. Giảng Viên có thể liên hệ bộ phận IT qua email it@bdu.edu.vn để được hỗ trợ ạ. 🎯",0.0,error_fallback,cache_rejected_confidence_too_low_0.0
2025-08-29T20:48:43.388193,giám đốc CDS,"Dạ giảng viên, em gặp khó khăn kỹ thuật. Giảng Viên có thể liên hệ bộ phận IT qua email it@bdu.edu.vn để được hỗ trợ ạ. 🎯",0.0,error_fallback,cache_rejected_confidence_too_low_0.0
2025-08-29T20:48:45.597633,ai là giám đốc trung tâm CDS,"Dạ giảng viên, em gặp khó khăn kỹ thuật. Giảng Viên có thể liên hệ bộ phận IT qua email it@bdu.edu.vn để được hỗ trợ ạ. 🎯",0.0,error_fallback,cache_rejected_confidence_too_low_0.0
2025-08-29T20:48:47.353221,Lê Văn Cường là ai,"Dạ giảng viên, em gặp khó khăn kỹ thuật. Giảng Viên có thể liên hệ bộ phận IT qua email it@bdu.edu.vn để được hỗ trợ ạ. 🎯",0.0,error_fallback,cache_rejected_confidence_too_low_0.0
2025-08-29T20:48:48.997223,Đỗ Đoan Trang là ai,"Dạ giảng viên, em gặp khó khăn kỹ thuật. Giảng Viên có thể liên hệ bộ phận IT qua email it@bdu.edu.vn để được hỗ trợ ạ. 🎯",0.0,error_fallback,cache_rejected_confidence_too_low_0.0
2025-08-29T20:48:50.808327,vậy Lê Văn Cường là ai,"Dạ giảng viên, em gặp khó khăn kỹ thuật. Giảng Viên có thể liên hệ bộ phận IT qua email it@bdu.edu.vn để được hỗ trợ ạ. 🎯",0.0,error_fallback,cache_rejected_confidence_too_low_0.0
2025-08-29T20:48:52.442861,Cao Việt Hiếu là ai?,"Dạ giảng viên, em gặp khó khăn kỹ thuật. Giảng Viên có thể liên hệ bộ phận IT qua email it@bdu.edu.vn để được hỗ trợ ạ. 🎯",0.0,error_fallback,cache_rejected_confidence_too_low_0.0
2025-08-29T20:48:54.220765,học phí,"Dạ giảng viên, em gặp khó khăn kỹ thuật. Giảng Viên có thể liên hệ bộ phận IT qua email it@bdu.edu.vn để được hỗ trợ ạ. 🎯",0.0,error_fallback,cache_rejected_confidence_too_low_0.0
2025-08-29T20:48:55.861787,học phí chính quy,"Dạ giảng viên, em gặp khó khăn kỹ thuật. Giảng Viên có thể liên hệ bộ phận IT qua email it@bdu.edu.vn để được hỗ trợ ạ. 🎯",0.0,error_fallback,cache_rejected_confidence_too_low_0.0
2025-08-29T20:48:57.531257,còn thầy Tuấn thì sao,"Dạ giảng viên, em gặp khó khăn kỹ thuật. Giảng Viên có thể liên hệ bộ phận IT qua email it@bdu.edu.vn để được hỗ trợ ạ. 🎯",0.0,error_fallback,cache_rejected_confidence_too_low_0.0
2025-08-29T20:48:59.258372,bà Trang làm gì ở trường,"Dạ giảng viên, em gặp khó khăn kỹ thuật. Giảng Viên có thể liên hệ bộ phận IT qua email it@bdu.edu.vn để được hỗ trợ ạ. 🎯",0.0,error_fallback,cache_rejected_confidence_too_low_0.0
2025-08-29T20:52:10.103970,hiểu trưởng là ai,"Dạ cô Khánh, em gặp khó khăn kỹ thuật. Cô Khánh có thể liên hệ bộ phận IT qua email it@bdu.edu.vn để được hỗ trợ ạ. 🎯",0.0,error_fallback,cache_rejected_confidence_too_low_0.0
2025-08-29T20:53:42.902941,cao việt hiếu là ai,"Dạ cô Khánh, hiệu trưởng Trường Đại học Bình Dương là GS.TS. Cao Việt Hiếu ạ. Cô Khánh có cần em hỗ trợ thêm gì không ạ?
",0.5976,use_db_direct_fallback,cache_rejected_confidence_too_low_0.5975878603893778
2025-08-29T20:56:41.992619,5 ông thầy,"Dạ giảng viên, theo phương pháp ""Cộng học"" tại trường Đại học Bình Dương, ""5 ông thầy"" bao gồm:

1.  Thầy là ""Cha Mẹ""
2.  Thầy là ""Thầy/Cô; Bạn bè""
3.  Thầy là ""Sách; Tài liệu; Giáo trình; Hội thảo khoa học""
4.  Thầy là ""Dr. Google""
5.  Thầy là ""Chính bản thân mình""

Giảng Viên có cần em hỗ trợ thêm gì không ạ?
",0.5685,use_db_direct_normal,cache_rejected_confidence_too_low_0.5685422445312749
2025-08-29T20:56:44.513088,cao việt hiếu là ai,"Dạ giảng viên, em chưa có thông tin về người này trong cơ sở dữ liệu của trường. Giảng Viên có cần em hỗ trợ thêm gì không ạ?
",0.5976,use_db_direct_fallback,cache_rejected_confidence_too_low_0.5975878603893778
2025-08-29T20:57:02.191102,bà Trang làm gì ở trường,"Dạ giảng viên, bà Vũ Mai Trang hiện là Phó viện trưởng Viện Đào tạo liên tục, Phục vụ cộng đồng của trường Đại học Bình Dương ạ. Giảng Viên có cần em hỗ trợ thêm gì không ạ?
",0.5863,use_db_direct_fallback,cache_rejected_confidence_too_low_0.5863340449944521
2025-08-29T21:03:48.506656,cao việt hiếu là ai,"Dạ cô Khánh,

GS.TS. Cao Việt Hiếu là Hiệu trưởng Trường Đại học Bình Dương ạ.

Cô Khánh có cần em hỗ trợ thêm gì không ạ?
",0.5736,use_db_direct_normal,cache_rejected_confidence_too_low_0.5736348710426917
2025-08-29T21:04:11.460563,ai là giám đốc trung tâm CDS,"Dạ cô Khánh,

Ý cô Khánh là ai đang làm Giám đốc Trung tâm CDS đúng không ạ? Hiện tại là thầy Tuấn ạ, thầy còn là giảng viên của trường mình nữa cô Khánh.

Cô Khánh có cần em hỗ trợ thêm gì không ạ?
",0.5974,use_db_direct_fallback,cache_rejected_confidence_too_low_0.5974363415083404
2025-08-29T21:04:18.231338,cao việt hiếu là ai,"Dạ cô Khánh,

Em chưa có thông tin về người này ạ. Cô Khánh có muốn em tìm kiếm thông tin liên hệ của phòng ban nào để hỏi không ạ?
",0.5736,use_db_direct_normal,cache_rejected_confidence_too_low_0.5736348710426917
2025-08-29T21:04:39.503918,Lê Văn Cường là ai,"Dạ cô Khánh,

Em tìm thấy thông tin về ông Hoàng Ngọc Cường, trước đây ở Phòng Quản lý khoa học và Quan hệ đối ngoại, giờ đã chuyển sang Khoa Công nghệ thực phẩm ạ. Có phải cô Khánh muốn biết thông tin về người này không ạ?
",0.4584,enhance_db_answer_normal,cache_rejected_confidence_too_low_0.4583930000552424
2025-08-29T21:07:45.442037,giám đốc trung tâm CDS là ai,"Dạ giảng viên, em chưa có thông tin về Giám đốc Trung tâm CDS ạ. Giảng viên có thể liên hệ trực tiếp Phòng Tổ chức Hành chính để được hỗ trợ thông tin này ạ. Giảng Viên có cần em hỗ trợ thêm gì không ạ?
",0.5772,use_db_direct_smart_entity_fallback,cache_rejected_confidence_too_low_0.577190980230059
2025-08-29T21:07:56.643295,5 ông thầy,"Dạ giảng viên, ""05 người Thầy"" trong phương pháp ""Cộng học"" tại Trường Đại học Bình Dương bao gồm:

*   Thầy là ""Cha Mẹ""
*   Thầy là ""Thầy/Cô; Bạn bè""
*   Thầy là ""Sách; Tài liệu; Giáo trình; Hội thảo khoa học""
*   Thầy là ""Dr. Google""
*   Thầy là ""Chính bản thân mình""

Giảng Viên có cần em hỗ trợ thêm gì không ạ?
",0.5685,use_db_direct_normal,cache_rejected_confidence_too_low_0.5685422445312749
2025-08-29T21:07:58.355611,giám đốc trung tâm CDS là ai,"Dạ giảng viên, thầy Dương Anh Tuấn hiện là Giám đốc Trung tâm CDS của trường Đại học Bình Dương ạ. Giảng Viên có cần em hỗ trợ thêm gì không ạ?
",0.5772,use_db_direct_smart_entity_fallback,cache_rejected_confidence_too_low_0.577190980230059
2025-08-29T21:08:00.303885,cao việt hiếu là ai,"Dạ giảng viên, em chưa có thông tin về người này ạ. Giảng Viên có cần em hỗ trợ thêm gì không ạ?
",0.5736,use_db_direct_normal,cache_rejected_confidence_too_low_0.5736348710426917
2025-08-29T21:08:03.512059,ai là giám đốc trung tâm CDS,"Dạ giảng viên, em chưa có thông tin về người này ạ. Giảng Viên có cần em hỗ trợ thêm gì không ạ?
",0.5974,use_db_direct_fallback,cache_rejected_confidence_too_low_0.5974363415083404
2025-08-29T21:08:05.501133,Lê Văn Cường là ai,"Dạ giảng viên, em xin cung cấp thông tin về ông Hoàng Ngọc Cường ạ. Ông Cường đã được điều động từ Phòng Quản lý khoa học và Quan hệ đối ngoại sang Khoa Công nghệ thực phẩm. Còn về ông Lê Văn Cường, em chưa có thông tin về người này trong dữ liệu hiện tại của trường ạ. Giảng Viên có cần em hỗ trợ thêm gì không ạ?
",0.4584,enhance_db_answer_normal,cache_rejected_confidence_too_low_0.4583930000552424
2025-08-29T21:08:10.580414,Cao Việt Hiếu là ai?,"Dạ giảng viên, em chưa có thông tin về người này ạ. Tuy nhiên, em có thông tin về một sinh viên khác tên Nguyễn Văn Hiếu, người này nhận được mức ưu đãi học phí là 10% học phí/toàn khóa học. Giảng Viên có cần em hỗ trợ thêm gì không ạ?
",0.4976,enhance_db_answer_normal,cache_rejected_confidence_too_low_0.49762926363945004
2025-08-29T21:08:16.342530,bà Trang làm gì ở trường,"Dạ giảng viên, bà Vũ Mai Trang hiện là Phó viện trưởng Viện Đào tạo liên tục, Phục vụ cộng đồng của trường Đại học Bình Dương ạ. Giảng Viên có cần em hỗ trợ thêm gì không ạ?
",0.5863,use_db_direct_normal,cache_rejected_confidence_too_low_0.5863340449944521
2025-08-29T21:17:47.646321,5 ông thầy,"Dạ giảng viên, theo phương pháp ""Cộng học"" tại Đại học Bình Dương, ""5 ông thầy"" bao gồm:

1.  Thầy là ""Cha Mẹ""
2.  Thầy là ""Thầy/Cô; Bạn bè""
3.  Thầy là ""Sách; Tài liệu; Giáo trình; Hội thảo khoa học""
4.  Thầy là ""Dr. Google""
5.  Thầy là ""Chính bản thân mình""

Giảng Viên có cần em hỗ trợ thêm gì không ạ?
",0.5685,use_db_direct_normal,cache_rejected_confidence_too_low_0.5685422445312749
2025-08-29T21:17:50.028987,cao việt hiếu là ai,"Dạ giảng viên, em chưa có thông tin về người này. Giảng Viên có cần em hỗ trợ thêm gì không ạ?
",0.5736,use_db_direct_normal,cache_rejected_confidence_too_low_0.5736348710426917
2025-08-29T21:17:55.391541,Lê Văn Cường là ai,"Dạ giảng viên, em chưa có thông tin về ""Lê Văn Cường"". Tuy nhiên, em biết ông Hoàng Ngọc Cường đã được điều động từ Phòng Quản lý khoa học và Quan hệ đối ngoại sang Khoa Công nghệ thực phẩm. Giảng Viên có cần em hỗ trợ thêm gì không ạ?
",0.4584,enhance_db_answer_normal,cache_rejected_confidence_too_low_0.4583930000552424
2025-08-29T21:18:00.114409,Cao Việt Hiếu là ai?,"Dạ giảng viên, em chưa có thông tin về ""Cao Việt Hiếu"". Giảng Viên có cần em hỗ trợ thêm gì không ạ?
",0.4976,enhance_db_answer_normal,cache_rejected_confidence_too_low_0.49762926363945004
2025-08-29T21:18:07.358734,bà Trang làm gì ở trường,"Dạ giảng viên, bà Vũ Mai Trang hiện là Phó viện trưởng Viện Đào tạo liên tục, Phục vụ cộng đồng của trường Đại học Bình Dương ạ. Giảng Viên có cần em hỗ trợ thêm gì không ạ?
",0.5863,use_db_direct_normal,cache_rejected_confidence_too_low_0.5863340449944521
2025-08-29T21:31:23.474253,5 ông thầy,"Dạ giảng viên, theo phương pháp ""Cộng học"" tại Đại học Bình Dương, ""5 ông thầy"" bao gồm: Thầy là ""Cha Mẹ"", Thầy là ""Thầy/Cô; Bạn bè"", Thầy là ""Sách; Tài liệu; Giáo trình; Hội thảo khoa học"", Thầy là ""Dr. Google"", và Thầy là ""Chính bản thân mình"". Giảng Viên có cần em hỗ trợ thêm gì không ạ?
",0.5685,unified_use_db_direct_normal,cache_rejected_confidence_too_low_0.5685422445312749
2025-08-29T21:31:26.157840,cao việt hiếu là ai,"Dạ giảng viên, em chưa có thông tin về người này trong dữ liệu của trường. Giảng Viên có cần em hỗ trợ thêm gì không ạ?
",0.5736,unified_use_db_direct_normal,cache_rejected_confidence_too_low_0.5736348710426917
2025-08-29T21:31:31.854973,Lê Văn Cường là ai,"Dạ giảng viên,

Hiện tại em không có thông tin về người tên ""Lê Văn Cường"" trong dữ liệu của trường. Tuy nhiên, em có thông tin về ông Hoàng Ngọc Cường, người đã được điều động từ Phòng Quản lý khoa học và Quan hệ đối ngoại sang Khoa Công nghệ thực phẩm. Giảng viên có muốn biết thêm thông tin về ông Hoàng Ngọc Cường không ạ?

Giảng Viên có cần em hỗ trợ thêm gì không ạ?
",0.4584,unified_enhance_db_answer_normal,cache_rejected_confidence_too_low_0.4583930000552424
2025-08-29T21:31:39.630415,Cao Việt Hiếu là ai?,"Dạ giảng viên, hiện tại hệ thống đang quá tải, tất cả các kết nối đều đang bận. Vui lòng thử lại sau khoảng 1 phút nữa ạ. 😥",0.4976,unified_enhance_db_answer_normal,cache_rejected_confidence_too_low_0.49762926363945004
2025-08-29T21:32:01.328817,bà Trang làm gì ở trường,"Dạ giảng viên, hiện tại hệ thống đang quá tải, tất cả các kết nối đều đang bận. Vui lòng thử lại sau khoảng 1 phút nữa ạ. 😥",0.5863,unified_use_db_direct_normal,cache_rejected_confidence_too_low_0.5863340449944521
2025-08-29T21:50:07.311400,Lê Văn Cường là ai,"Dạ giảng viên, em chưa có thông tin về Lê Văn Cường ạ. Giảng Viên có cần em hỗ trợ thêm gì không ạ?
",0.4878,enhance_db_answer_context,cache_rejected_confidence_too_low_0.4877520669168896
2025-08-29T21:50:20.960861,học phí chính quy,"Dạ giảng viên, hiện tại hệ thống đang quá tải. Vui lòng thử lại sau khoảng 1 phút nữa ạ.",0.5572,use_db_direct_context,cache_rejected_confidence_too_low_0.5571979811986287
2025-08-29T21:52:15.087319,giám đốc trung tâm CDS là ai,"Dạ cô Khánh,

Giám đốc Trung tâm CDS đại diện và điều hành Trung tâm, xây dựng chiến lược, đề xuất tuyển dụng, quản lý nhân sự, phối hợp đào tạo, và đảm bảo tuân thủ quy định của Trường ạ.

Cô Khánh có cần em hỗ trợ thêm gì không ạ?
",0.5814,use_db_direct_context,cache_rejected_confidence_too_low_0.581396794962966
2025-08-29T22:03:25.735515,5 ông thầy,"Dạ cô Khánh, ""5 ông thầy"" trong phương pháp Cộng học của trường mình bao gồm: Thầy là Cha Mẹ, Thầy là Thầy/Cô; Bạn bè, Thầy là Sách; Tài liệu; Giáo trình; Hội thảo khoa học, Thầy là Dr. Google, và Thầy là Chính bản thân mình ạ.

Cô Khánh có cần em hỗ trợ thêm gì không ạ?
",0.5955,use_db_direct_normal,cache_rejected_confidence_too_low_0.5955486077797122
2025-08-29T22:03:53.804246,cao việt hiếu là ai,"Dạ cô Khánh, GS.TS. Cao Việt Hiếu là Hiệu trưởng Trường Đại học Bình Dương ạ.

Cô Khánh có cần em hỗ trợ thêm gì không ạ?
",0.579,use_db_direct_normal,cache_rejected_confidence_too_low_0.5789842726267301
2025-08-29T22:04:50.761872,Lê Văn Cường là ai,"Dạ cô Khánh, em chưa có thông tin về Lê Văn Cường ngoài việc thầy là Phó Hiệu trưởng của trường Đại học Bình Dương ạ.

Cô Khánh có cần em hỗ trợ thêm gì không ạ?
",0.4675,enhance_db_answer_normal,cache_rejected_confidence_too_low_0.46750788278049893
2025-08-29T22:10:50.281376,doi nexunit doi y tuong tphcm duoc nhan tien thuong may,"Dạ cô Khánh, em chưa có thông tin về tiền thưởng của đội Nexunit.

Cô Khánh có cần em hỗ trợ thêm gì không ạ?
",0.392,enhance_db_answer_normal,cache_rejected_confidence_too_low_0.3919982230663299
2025-08-29T22:11:00.239630,doi nexunit va doi y tuong sang tao tre tphcm duoc thuong tien mat bao nhieu,"Dạ cô Khánh, mỗi đội (Nexunit và Ý Tưởng Sáng Tạo Trẻ TP.HCM) được thưởng 1.500.000 đồng, tổng cộng là 3.000.000 đồng cho cả hai đội ạ.

Cô Khánh có cần em hỗ trợ thêm gì không ạ?
",0.592,use_db_direct_normal,cache_rejected_confidence_too_low_0.5920403089523315
2025-08-29T23:10:21.014807,giám đốc trung tâm CDS là ai,"Dạ cô Khánh, Có trình độ cử nhân trở lên, có kinh nghiệm, năng lực quản lý, sử dụng ngoại ngữ và tin học văn phòng. Cô Khánh cần em làm rõ thêm gì không ạ? 🎯",0.5772,use_db_direct_smart_entity_fallback,cache_rejected_confidence_too_low_0.577190980230059
2025-08-29T23:10:37.685793,cao việt hiếu là ai,"Dạ cô Khánh, Lệ phí nhận bằng tốt nghiệp trình độ đào tạo trung cấp, cao đẳng, đại học, thạc sĩ, tiến sĩ là 1.000.000 đồng/sinh viên. Cô Khánh cần em làm rõ thêm gì không ạ? 🎯",0.5736,use_db_direct_normal,cache_rejected_confidence_too_low_0.5736348710426917
2025-09-05T16:14:53.129532,vậy sv Khang này làm cái gì,"Dạ cô Khánh, để em hỗ trợ chính xác nhất, cô Khánh có thể nói rõ hơn về vấn đề cần hỗ trợ không ạ? 🎓",0.3259,ask_clarification_normal,cache_rejected_confidence_too_low_0.3258606517314911
2025-09-05T16:18:54.073153,sinh duy khang là ai,"Dạ thầy Admin, em chưa có thông tin về người này. Thầy Admin có cần em hỗ trợ thêm gì không ạ?
",0.5839,use_db_direct_fallback,cache_rejected_confidence_too_low_0.5838786977132162
2025-09-05T16:24:18.815304,thành viên mini car fighting 02 gồm những ai,"Dạ thầy Admin, thành viên đội Mini Car Fighting 02 gồm: Võ Chí Linh, Nguyễn Xuân Long, Trần Đăng Trị, Nguyễn Quốc Duy Khang. Thầy Admin có cần em hỗ trợ thêm gì không ạ?
",0.4594,enhance_db_answer_normal,cache_rejected_confidence_too_low_0.45936153213183084
2025-09-05T16:24:49.899363,Duy Khang là ai,"Dạ thầy Admin, Nguyễn Quốc Duy Khang là thành viên đội Mini Car Fighting 02. Thầy Admin có cần em hỗ trợ thêm gì không ạ?
",0.5947,use_db_direct_normal,cache_rejected_confidence_too_low_0.5947180539766947
2025-09-05T16:25:08.104493,vậy sinh viên Duy Khang là ai?,"Dạ thầy Admin, Nguyễn Quốc Duy Khang là thành viên đội Mini Car Fighting 02 và là sinh viên lớp 25TH01, người đã tạo ra chatbot này ạ. Thầy Admin có cần em hỗ trợ thêm gì không ạ?
",0.4786,enhance_db_answer_fallback,cache_rejected_confidence_too_low_0.47856271283967156
2025-09-05T16:38:07.461642,5 ông thầy,"Dạ thầy Admin, ""5 ông thầy"" trong phương pháp ""Cộng học"" tại Đại học Bình Dương bao gồm: ""Cha Mẹ"", ""Thầy/Cô; Bạn bè"", ""Sách; Tài liệu; Giáo trình; Hội thảo khoa học"", ""Dr. Google"", và ""Chính bản thân mình"" ạ.

Thầy Admin có cần em hỗ trợ thêm gì không ạ?
",0.5685,use_db_direct_normal,cache_rejected_confidence_too_low_0.5685421730057011
2025-09-05T16:38:18.995051,giám đốc trung tâm CDS là ai,"Dạ thầy Admin, thầy Tuấn là cán bộ giảng viên thuộc trường Đại học Bình Dương và nhận chức Giám đốc TT CDS vào năm 2025 ạ. Thầy Admin có cần em hỗ trợ thêm gì không ạ?
",0.5772,use_db_direct_smart_entity_fallback,cache_rejected_confidence_too_low_0.577190980230059
2025-09-05T16:38:32.026672,cao việt hiếu là ai,"Dạ thầy Admin, GS.TS. Cao Việt Hiếu là Hiệu trưởng Trường Đại học Bình Dương ạ. Thầy Admin có cần em hỗ trợ thêm gì không ạ?
",0.5736,use_db_direct_normal,cache_rejected_confidence_too_low_0.5736348710426917
2025-09-05T16:39:23.407895,Lê Văn Cường là ai,"Dạ thầy Admin, thầy Lê Văn Cường là Phó Hiệu trưởng Trường Đại học Bình Dương ạ. Thầy Admin có cần em hỗ trợ thêm gì không ạ?
",0.4584,enhance_db_answer_normal,cache_rejected_confidence_too_low_0.4583928927668819
2025-09-05T16:40:45.644981,Cao Việt Hiếu là ai?,"Dạ thầy Admin, GS.TS. Cao Việt Hiếu là Hiệu trưởng Trường Đại học Bình Dương ạ. Thầy Admin có cần em hỗ trợ thêm gì không ạ?
",0.4976,enhance_db_answer_normal,cache_rejected_confidence_too_low_0.49762926363945004
2025-09-05T16:49:59.097394,thành viên mini car fighting 02 gồm những ai,"Dạ thầy Admin, thành viên mini car fighting 02 gồm Võ Chí Linh, Nguyễn Xuân Long, Trần Đăng Trị, Nguyễn Quốc Duy Khang ạ. Thầy Admin có cần em hỗ trợ thêm gì không ạ?
",0.4594,enhance_db_answer_normal,cache_rejected_confidence_too_low_0.45936153213183084
2025-09-05T16:50:10.316505,Duy Khang là ai,"Dạ thầy Admin, Nguyễn Quốc Duy Khang là thành viên của mini car fighting 02 ạ. Thầy Admin có cần em hỗ trợ thêm gì không ạ?
",0.5947,use_db_direct_normal,cache_rejected_confidence_too_low_0.5947180539766947
2025-09-05T16:53:56.237413,vậy thầy Hiếu là ai,"Dạ thầy Admin, Nguyễn Văn Hiếu là sinh viên lớp 241100MB005, ngành Quản trị kinh doanh ạ. Thầy Admin có cần em hỗ trợ thêm gì không ạ?
",0.5496,enhance_db_answer_fallback,cache_rejected_confidence_too_low_0.549602486371994
2025-09-05T18:40:12.012058,5 ông thầy,"Dạ thầy Tuấn, theo phương pháp ""Cộng học"" tại Đại học Bình Dương, ""5 ông thầy"" mà mình có thể học hỏi bao gồm:

1.  Thầy là ""Cha Mẹ""
2.  Thầy là ""Thầy/Cô; Bạn bè""
3.  Thầy là ""Sách; Tài liệu; Giáo trình; Hội thảo khoa học""
4.  Thầy là ""Dr. Google""
5.  Thầy là ""Chính bản thân mình""

Thầy Tuấn có cần em hỗ trợ thêm gì không ạ?
",0.5685,use_db_direct_normal,cache_rejected_confidence_too_low_0.5685421730057011
2025-09-05T18:40:53.642871,giám đốc trung tâm CDS là ai,"Dạ thầy Tuấn, thầy Dương Anh Tuấn là cán bộ giảng viên thuộc trường Đại học Bình Dương và nhận chức Giám đốc TT CDS vào năm 2025 ạ. Thầy Tuấn có cần em hỗ trợ thêm gì không ạ?
",0.5772,use_db_direct_smart_entity_fallback,cache_rejected_confidence_too_low_0.577190980230059
2025-09-05T18:41:20.791566,cao việt hiếu là ai,"Dạ thầy Tuấn, GS.TS. Cao Việt Hiếu là Hiệu trưởng Trường Đại học Bình Dương ạ. Thầy Tuấn có cần em hỗ trợ thêm gì không ạ?
",0.5736,use_db_direct_normal,cache_rejected_confidence_too_low_0.5736348710426917
2025-09-05T18:41:58.357154,ai là giám đốc trung tâm CDS,"Dạ thầy Tuấn, thầy Dương Anh Tuấn là cán bộ giảng viên thuộc trường Đại học Bình Dương và nhận chức Giám đốc TT CDS vào năm 2025 ạ. Thầy Tuấn có cần em hỗ trợ thêm gì không ạ?
",0.5772,use_db_direct_smart_entity_fallback,cache_rejected_confidence_too_low_0.577190980230059
2025-09-05T18:42:11.547386,Lê Văn Cường là ai,"Dạ thầy Tuấn, hiện tại có 2 Phó Hiệu trưởng tại Trường Đại học Bình Dương là cô Đỗ Đoan Trang và thầy Lê Văn Cường ạ. Thầy Tuấn có cần em hỗ trợ thêm gì không ạ?
",0.4584,enhance_db_answer_normal,cache_rejected_confidence_too_low_0.4583928927668819
2025-09-05T18:42:54.359837,Cao Việt Hiếu là ai?,"Dạ thầy Tuấn, GS.TS. Cao Việt Hiếu là Hiệu trưởng Trường Đại học Bình Dương ạ. Thầy Tuấn có cần em hỗ trợ thêm gì không ạ?
",0.4976,enhance_db_answer_normal,cache_rejected_confidence_too_low_0.49762926363945004
2025-09-05T18:43:46.542891,thành viên mini car fighting 02 gồm những ai,"Dạ thầy Tuấn, theo em được biết, thành viên của đội Mini Car Fighting 02 bao gồm: Võ Chí Linh, Nguyễn Xuân Long, Trần Đăng Trị và Nguyễn Quốc Duy Khang ạ. Thầy Tuấn có cần em hỗ trợ thêm gì không ạ?
",0.4594,enhance_db_answer_normal,cache_rejected_confidence_too_low_0.45936153213183084
2025-09-05T18:44:01.161813,Duy Khang là ai,"Dạ thầy Tuấn, Nguyễn Quốc Duy Khang là một trong các thành viên của đội Mini Car Fighting 02 ạ. Thầy Tuấn có cần em hỗ trợ thêm gì không ạ?
",0.5947,use_db_direct_normal,cache_rejected_confidence_too_low_0.5947180539766947
2025-09-08T08:14:24.811650,giám đốc trung tâm CDS là ai,"Dạ giảng viên, thầy Dương Anh Tuấn hiện đang giữ chức Giám đốc Trung tâm CDS của Đại học Bình Dương (từ năm 2025). Giảng Viên có cần em hỗ trợ thêm gì không ạ?
",0.5772,use_db_direct_smart_entity_fallback,cache_rejected_confidence_too_low_0.577190980230059
2025-09-08T08:14:35.059819,5 ông thầy,"Dạ giảng viên, theo phương pháp ""Cộng học"" tại Đại học Bình Dương, ""05 người Thầy"" bao gồm:

1.  Thầy là ""Cha Mẹ""
2.  Thầy là ""Thầy/Cô; Bạn bè""
3.  Thầy là ""Sách; Tài liệu; Giáo trình; Hội thảo khoa học""
4.  Thầy là ""Dr. Google""
5.  Thầy là ""Chính bản thân mình""

Giảng Viên có cần em hỗ trợ thêm gì không ạ?
",0.5685,use_db_direct_normal,cache_rejected_confidence_too_low_0.5685421730057011
2025-09-08T08:14:39.516648,cao việt hiếu là ai,"Dạ giảng viên, Lệ phí nhận bằng tốt nghiệp trình độ đào tạo trung cấp, cao đẳng, đại học, thạc sĩ, tiến sĩ là 1.000.000 đồng/sinh viên. 🎓 Giảng Viên có cần hỗ trợ thêm gì không ạ?",0.5736,use_db_direct_normal,cache_rejected_confidence_too_low_0.5736348710426917
2025-09-08T08:14:45.365340,Lê Văn Cường là ai,"Dạ giảng viên, hiện tại có 2 Phó Hiệu trưởng tại Trường Đại học Bình Dương là cô Đỗ Đoan Trang và thầy Lê Văn Cường. Giảng Viên có cần em hỗ trợ thêm gì không ạ?
",0.4584,enhance_db_answer_normal,cache_rejected_confidence_too_low_0.4583928927668819
2025-09-08T08:14:51.863545,Cao Việt Hiếu là ai?,"Dạ giảng viên, GS.TS. Cao Việt Hiếu là Hiệu trưởng Trường Đại học Bình Dương. Giảng Viên có cần em hỗ trợ thêm gì không ạ?
",0.4976,enhance_db_answer_normal,cache_rejected_confidence_too_low_0.49762926363945004
2025-09-09T08:37:02.833667,Cao Việt Hiếu là ai,"Dạ thầy Tuấn, em chưa có thông tin về Cao Việt Hiếu trong dữ liệu hiện tại. Tuy nhiên, em có thông tin về Nguyễn Văn Hiếu, người đang nhận được mức ưu đãi học phí 10% toàn khóa học tại trường. Thầy Tuấn có muốn em tìm kiếm thêm thông tin về Cao Việt Hiếu trên các kênh khác của trường không ạ?
Thầy Tuấn có cần em hỗ trợ thêm gì không ạ?
",0.4407,enhance_db_answer_normal,cache_rejected_confidence_too_low_0.44066790215174356
2025-09-09T08:53:04.813480,cao việt hiếu là ai,"Dạ thầy Tuấn, em chưa có thông tin chi tiết về cá nhân Cao Việt Hiếu ngoài việc thầy là Hiệu trưởng Trường Đại học Bình Dương. Thầy Tuấn có cần em hỗ trợ thêm gì không ạ?
",0.5976,use_db_direct_fallback,cache_rejected_confidence_too_low_0.5975877888638041
2025-09-09T09:17:02.162357,5 ông thầy,"Dạ thầy Tuấn, theo phương pháp ""Cộng học"" tại Đại học Bình Dương, ""5 ông thầy"" mà thầy đề cập đến bao gồm:

1.  Thầy là Cha Mẹ
2.  Thầy là Thầy/Cô; Bạn bè
3.  Thầy là Sách; Tài liệu; Giáo trình; Hội thảo khoa học
4.  Thầy là Dr. Google
5.  Thầy là Chính bản thân mình

Thầy Tuấn có cần em hỗ trợ thêm gì không ạ?
",0.5685,use_db_direct_normal,cache_rejected_confidence_too_low_0.5685421730057011
2025-09-09T09:17:46.758518,cao việt hiếu là ai,"Dạ thầy Tuấn, GS.TS. Cao Việt Hiếu là Hiệu trưởng Trường Đại học Bình Dương ạ. Thầy Tuấn có cần em hỗ trợ thêm gì không ạ?
",0.5976,use_db_direct_fallback,cache_rejected_confidence_too_low_0.5975877888638041
2025-09-09T09:26:06.689768,thành viên mini car fighting 02 gồm những ai,"Dạ thầy Tuấn, theo em được biết, thành viên đội mini car fighting 02 gồm có: Võ Chí Linh, Nguyễn Xuân Long, Trần Đăng Trị và Nguyễn Quốc Duy Khang ạ. Thầy Tuấn có cần em hỗ trợ thêm gì không ạ?
",0.4594,enhance_db_answer_normal,cache_rejected_confidence_too_low_0.45936153213183084
2025-09-09T09:26:19.267922,Duy Khang là ai,"Dạ thầy Tuấn, theo em được biết, Nguyễn Quốc Duy Khang là một trong các thành viên của đội mini car fighting 02 ạ. Thầy Tuấn có cần em hỗ trợ thêm gì không ạ?
",0.5947,use_db_direct_fallback,cache_rejected_confidence_too_low_0.5947180539766947
2025-09-09T10:20:45.916388,5 ông thầy,"Dạ thầy Tuấn, theo phương pháp ""Cộng học"" tại Đại học Bình Dương, ""5 ông thầy"" mà thầy Tuấn đề cập đến bao gồm:

1.  Thầy là ""Cha Mẹ""
2.  Thầy là ""Thầy/Cô; Bạn bè""
3.  Thầy là ""Sách; Tài liệu; Giáo trình; Hội thảo khoa học""
4.  Thầy là ""Dr. Google""
5.  Thầy là ""Chính bản thân mình""

Thầy Tuấn có cần em hỗ trợ thêm gì không ạ?
",0.5685,use_db_direct_normal,cache_rejected_confidence_too_low_0.5685421730057011
2025-09-09T10:22:34.119739,vậy cao việt hiếu là ai,"Dạ thầy Tuấn, Hiệu trưởng Trường Đại học Bình Dương là GS.TS. Cao Việt Hiếu ạ. Thầy Tuấn có cần em hỗ trợ thêm gì không ạ?
",0.5842,use_db_direct_fallback,cache_rejected_confidence_too_low_0.5841576993106068
2025-09-09T10:34:51.144384,cao viet hieu la ai,"Dạ thầy Tuấn, em xin phép cung cấp thông tin về sinh viên có tên gần giống với yêu cầu của thầy ạ. Sinh viên Nguyễn Văn Hiếu thuộc lớp 241100MB005, ngành Quản trị kinh doanh. Thầy có thể kiểm tra lại thông tin và cung cấp chính xác tên sinh viên để em hỗ trợ tốt hơn ạ.

Thầy Tuấn có cần em hỗ trợ thêm gì không ạ?
",0.3918,enhance_db_answer_normal,cache_rejected_confidence_too_low_0.39182363271713255
2025-09-09T10:41:52.908921,Cao Việt Hiếu là ai,"Dạ thầy Tuấn, em chưa có thông tin về Cao Việt Hiếu trong dữ liệu hiện tại. Em chỉ có thông tin về Nguyễn Văn Hiếu, người được ưu đãi 10% học phí toàn khóa học. Thầy Tuấn có cần em hỗ trợ thêm gì không ạ?
",0.4407,enhance_db_answer_normal,cache_rejected_confidence_too_low_0.44066790215174356
2025-09-29T13:10:23.004453,thầy Sơn là ai,"Dạ cô Nhựt, hiện tại hệ thống đang quá tải. Vui lòng thử lại sau ít phút ạ.",0.5266,enhance_db_answer_normal,cache_rejected_confidence_too_low_0.5266167507171631
2025-09-29T14:25:19.099858,hieu truong la ai,"Dạ thầy Khang, Hiệu trưởng Trường Đại học Bình Dương là GS.TS. Cao Việt Hiếu ạ. Thầy Khang có cần em hỗ trợ thêm gì không ạ?
",0.5873,use_db_direct_normal,cache_rejected_confidence_too_low_0.5872791111673628
2025-09-29T14:51:31.759655,hieu truong la ai,"Dạ thầy Khang, Hiệu trưởng Trường Đại học Bình Dương là GS.TS. Cao Việt Hiếu ạ. Thầy Khang có cần em hỗ trợ thêm gì không ạ?
",0.5873,use_db_direct_normal,cache_rejected_confidence_too_low_0.5872791111673628
2025-09-29T14:52:55.828352,thay Tuan la ai,"Dạ thầy Khang, thầy Tuấn là giảng viên của trường mình và là Giám đốc Trung tâm CDS từ năm 2025 ạ. Thầy Khang có cần em hỗ trợ thêm gì không ạ?
",0.5995,use_db_direct_normal,cache_rejected_confidence_too_low_0.5995069847106934
2025-09-30T07:45:59.293572,dang ky mon hoc truc tuyen nhu nao,"Dạ thầy Khang, em chưa có thông tin về đăng ký môn học trực tuyến. Thầy Khang có thể liên hệ phòng đào tạo để được hướng dẫn chi tiết hơn ạ. Thầy Khang có cần em hỗ trợ thêm gì không ạ?
",0.3794,enhance_db_answer_normal,cache_rejected_confidence_too_low_0.37935853435442995
2025-09-30T07:46:20.197318,hieu truong la ai,"Dạ thầy Khang, để em hỗ trợ chính xác nhất, thầy Khang có thể nói rõ hơn về vấn đề cần hỗ trợ không ạ? 🎓",0.3423,ask_clarification_normal,cache_rejected_confidence_too_low_0.34231421405928475
2025-09-30T07:48:29.639491,dang ky mon hoc truc tuyen nhu nao,"Dạ thầy Khang, hiện tại hệ thống đang quá tải. Vui lòng thử lại sau ít phút ạ.",0.3794,enhance_db_answer_normal,cache_rejected_confidence_too_low_0.37935853435442995
2025-09-30T07:49:06.873005,hieu truong la ai,"Dạ thầy Khang, hiện tại hệ thống đang quá tải. Vui lòng thử lại sau ít phút ạ.",0.5873,use_db_direct_normal,cache_rejected_confidence_too_low_0.5872791111673628
2025-09-30T08:17:43.108940,dang ky mon hoc truc tuyen nhu nao,"Dạ thầy Khang, sinh viên thực hiện đăng ký môn học trực tuyến mỗi đầu học kỳ theo lịch trình đăng ký môn học nhà trường đã thông báo ạ. Thầy Khang có cần em hỗ trợ thêm gì không ạ?
",0.559,use_db_direct_normal,cache_rejected_confidence_too_low_0.558974084031993
2025-09-30T08:25:22.286450,QĐ1999,"Dạ thầy Khang, em sẵn sàng hỗ trợ thầy Khang về các vấn đề liên quan đến BDU. Thầy Khang có thể chia sẻ cụ thể hơn về điều cần hỗ trợ không ạ? 🎯",0.3258,ask_clarification_normal,cache_rejected_confidence_too_low_0.3257552914619446
2025-09-30T08:26:00.336437,Lễ Halloween là lễ gì,"Dạ thầy Khang, Khai giảng năm học 2025-2026: Ngày 22/11/2025 (Thứ Bảy).\nHội nghị tổng kết năm học 2024-2025 và triển khai phương hướng nhiệm vụ năm học 2025-2026: Ngày 09/8/2025 (Thứ Bảy).\nKỷ niệm 28 năm thành lập Trường (24/9/1997): Ngày 24/9/2025 (Thứ Tư).\nNgày Nhà giáo Việt Nam: Ngày 20/11/2025 (Thứ Năm).\nTết Dương lịch: Ngày 01/01/2026 (Thứ Năm).\nTết Nguyên đán: (Nghỉ 03 tuần) Từ ngày 09/02/2026 (tức 22 tháng 12 âm lịch) đến hết ngày 01/3/2026 (tức 13 tháng 01 âm lịch).\nLễ Giỗ Tổ Hùng Vương (10/3 âm lịch): Ngày 26/4/2026 (Chủ nhật).\nKỷ niệm Giải phóng miền Nam thống nhất đất nước (30/4/1975): Ngày 30/4/2026 (Thứ Năm).\nQuốc tế Lao động (01/5): Ngày 01/5/2026 (Thứ Sáu). Thầy Khang cần em làm rõ thêm gì không ạ? 🎯",0.5425,enhance_db_answer_normal,cache_rejected_confidence_too_low_0.5424741308913511
2025-09-30T10:56:43.864615,Cach thuc phuc khao bai thi tien hanh ra sao,"Dạ thầy Khang,

Điểm số thống nhất, bút xanh lá cây,
Biên bản phúc khảo, chữ ký đầy.
Quy trình rõ ràng, chẳng hề sai,
Công bằng, minh bạch, BDU luôn hoài.

Sau khi thống nhất điểm, hai cán bộ chấm thi sẽ ghi điểm số và điểm chữ vào bài thi. Biên bản chấm phúc khảo sẽ được ghi bằng bút mực xanh lá cây hoặc bút mực tím. Cả hai cán bộ chấm thi đều phải ghi đầy đủ họ tên và ký tên xác nhận vào biên bản.

Thầy Khang có cần em hỗ trợ thêm gì không ạ?
",0.4771,enhance_db_answer_normal,cache_rejected_confidence_too_low_0.47709621455934315
2025-09-30T10:57:05.281475,"Cách thức phúc khảo, bài thi tiến hành, thế nào","Dạ thầy Khang,

Quy trình phúc khảo rõ ràng,
Bài thi cuối kỳ, lệ làng tuân theo.
Giữa kỳ xin phép miễn bàn,
Giáo vụ Khoa sẽ dìu dắt theo.

Theo quy định của trường, chỉ phúc khảo bài thi cuối kỳ thôi ạ. Nếu sinh viên có thắc mắc về điểm giữa kỳ, xin vui lòng liên hệ với giáo vụ Khoa trong vòng 15 ngày kể từ ngày công bố kết quả. Thầy Khang có cần em hỗ trợ thêm gì không ạ?
",0.5846,use_db_direct_normal,cache_rejected_confidence_too_low_0.5845547775788741
2025-11-20T08:19:09.269844,Logo hiện tại của BDU đã được chỉnh sửa lại gần nhất vào năm nào?,"Dạ thầy Tuấn,

Em xin lỗi vì đã trả lời chậm trễ. Hiện tại, em chưa có thông tin chính xác về năm logo của Đại học Bình Dương được chỉnh sửa gần nhất. Tuy nhiên, em có thể cung cấp thông tin về một quyết định quan trọng của trường: Quyết định số 834/QĐ-ĐHBD được ban hành vào ngày 14 tháng 4 năm 2025.

Để tìm hiểu thông tin chi tiết về logo, thầy Tuấn có thể liên hệ Phòng Truyền thông của trường để được hỗ trợ tốt nhất ạ.

Thầy Tuấn có cần em hỗ trợ thêm gì không ạ?
",0.4614,enhance_db_answer_normal,cache_rejected_confidence_too_low_0.46136430219367697
2025-11-20T08:21:28.028882,Logo hiện tại của BDU đã được chỉnh sửa lại gần nhất vào năm nào?,"Dạ thầy Tuấn,

Em xin lỗi vì đã trả lời chậm trễ. Hiện tại, em chưa có thông tin chính xác về năm logo của Đại học Bình Dương được chỉnh sửa gần nhất. Để có thông tin chính xác nhất, thầy Tuấn có thể liên hệ Phòng Truyền thông và Tuyển sinh của trường để được hỗ trợ ạ.

Thầy Tuấn có cần em hỗ trợ thêm gì không ạ?
",0.4614,enhance_db_answer_fallback,cache_rejected_confidence_too_low_0.46136430219367697
2025-11-20T08:21:39.996539,Logo hiện tại của BDU đã được chỉnh sửa lại gần nhất vào năm nào?,"Dạ thầy Tuấn,

Em xin lỗi vì hiện tại em chưa có thông tin chính xác về năm logo hiện tại của BDU được chỉnh sửa gần nhất. Tuy nhiên, em có thể cung cấp thông tin về Quyết định số 834/QĐ-ĐHBD được ban hành vào ngày 14 tháng 4 năm 2025, có thể liên quan đến các vấn đề về nhận diện thương hiệu của trường.

Để có thông tin chính xác nhất về logo, thầy Tuấn có thể liên hệ Phòng Truyền thông và Tuyển sinh của trường để được hỗ trợ ạ.

Thầy Tuấn có cần em hỗ trợ thêm gì không ạ?
",0.4614,enhance_db_answer_normal,cache_rejected_confidence_too_low_0.46136430219367697
2025-11-20T08:22:55.886353,Logo của BDU đã được chỉnh sửa vào năm nào?,"Dạ thầy Tuấn,

Em xin lỗi vì hiện tại em chưa có thông tin chính xác về năm logo hiện tại của BDU được chỉnh sửa gần nhất. Tuy nhiên, em có thể cung cấp thông tin về một quyết định quan trọng của trường. Quyết định số 834/QĐ-ĐHBD đã được ban hành vào ngày 14 tháng 4 năm 2025. Quyết định này có thể liên quan đến nhiều vấn đề khác nhau của trường, thầy có muốn biết thêm chi tiết về quyết định này không ạ?

Thầy Tuấn có cần em hỗ trợ thêm gì không ạ?
",0.529,enhance_db_answer_normal,cache_rejected_confidence_too_low_0.5290419674078624
2025-11-20T08:23:42.533326,Logo của BDU đã được chỉnh sửa vào năm nào?,"Dạ thầy Tuấn, hiện tại hệ thống đang quá tải. Vui lòng thử lại sau ít phút ạ.",0.529,enhance_db_answer_normal,cache_rejected_confidence_too_low_0.5290419674078624
2025-11-20T08:23:51.093345,Logo của BDU đã được chỉnh sửa vào năm nào?,"Dạ thầy Tuấn, em xin lỗi vì hiện tại em chưa có thông tin chính xác về năm logo của BDU được chỉnh sửa. Em sẽ tìm hiểu thêm và thông báo lại cho thầy Tuấn ngay khi có thông tin ạ. Thầy Tuấn có cần em hỗ trợ thêm gì không ạ?
",0.529,enhance_db_answer_normal,cache_rejected_confidence_too_low_0.5290419674078624
2025-11-20T09:11:18.615572,Logo của BDU đã được chỉnh sửa vào năm nào?,"Dạ thầy Tuấn, em chưa có thông tin về việc logo của BDU được chỉnh sửa vào năm nào ạ. Tuy nhiên, em có thông tin về Quyết định số 834/QĐ-ĐHBD được ban hành vào ngày 14 tháng 4 năm 2025.

Thầy Tuấn có thể liên hệ Phòng Truyền thông và Tuyển sinh để có thông tin chính xác nhất về vấn đề này ạ.

Thầy Tuấn có cần em hỗ trợ thêm gì không ạ?
",0.529,enhance_db_answer_normal,cache_rejected_confidence_too_low_0.5290419674078624
2025-11-20T09:12:11.931153,Logo của BDU đã được chỉnh sửa vào năm nào?,"Dạ thầy Tuấn, em chưa có thông tin về việc logo của BDU được chỉnh sửa vào năm nào ạ.

Tuy nhiên, em có thể cung cấp thêm thông tin về Quyết định số 834/QĐ-ĐHBD được ban hành vào ngày 14 tháng 4 năm 2025. Quyết định này có thể liên quan đến các thay đổi về mặt hình ảnh hoặc quy định sử dụng hình ảnh của trường. Thầy Tuấn có muốn em tìm hiểu thêm về quyết định này không ạ? Hoặc thầy có thể liên hệ Phòng Truyền Thông của trường để có thông tin chính xác nhất về logo ạ.

Thầy Tuấn có cần em hỗ trợ thêm gì không ạ?
",0.529,enhance_db_answer_normal,cache_rejected_confidence_too_low_0.5290419674078624
2025-11-20T09:15:46.276031,Logo của BDU đã được chỉnh sửa vào năm nào?,"Dạ thầy Tuấn, em chưa có thông tin về việc logo của BDU được chỉnh sửa vào năm nào ạ. Tuy nhiên, em có thông tin về Quyết định số 834/QĐ-ĐHBD được ban hành vào ngày 14 tháng 4 năm 2025.

Thầy Tuấn có thể liên hệ Phòng Truyền thông của trường để có thông tin chính xác nhất về logo ạ.

Thầy Tuấn có cần em hỗ trợ thêm gì không ạ?
",0.529,enhance_db_answer_normal,cache_rejected_confidence_too_low_0.5290419674078624
2025-11-20T09:16:25.266110,Logo của BDU đã được chỉnh sửa vào năm nào?,"Dạ thầy Tuấn, em chưa có thông tin về việc logo của BDU được chỉnh sửa vào năm nào ạ. Tuy nhiên, em có thể cung cấp thêm thông tin về Quyết định số 834/QĐ-ĐHBD được ban hành vào ngày 14 tháng 4 năm 2025, nếu thầy quan tâm.

Thầy Tuấn có cần em hỗ trợ thêm gì không ạ?
",0.529,enhance_db_answer_normal,cache_rejected_confidence_too_low_0.5290419674078624
2025-11-20T09:28:38.863443,Logo của BDU đã được chỉnh sửa vào năm nào?,"Dạ thầy Tuấn, em chưa có thông tin về việc logo của BDU được chỉnh sửa vào năm nào ạ. Tuy nhiên, em có thông tin về Quyết định số 834/QĐ-ĐHBD được ban hành vào ngày 14 tháng 4 năm 2025.

Để tìm hiểu về lịch sử chỉnh sửa logo, thầy Tuấn có thể liên hệ phòng Truyền thông của trường để được hỗ trợ ạ.

Thầy Tuấn có cần em hỗ trợ thêm gì không ạ?
",0.529,enhance_db_answer_normal,cache_rejected_confidence_too_low_0.5290419674078624
2025-11-20T09:34:10.198617,Logo của BDU đã được chỉnh sửa vào năm nào?,"Dạ thầy Tuấn, em chưa có thông tin về việc logo của BDU được chỉnh sửa vào năm nào ạ. Tuy nhiên, em có thông tin về Quyết định số 834/QĐ-ĐHBD được ban hành vào ngày 14 tháng 4 năm 2025.

Thầy Tuấn có thể liên hệ phòng ban truyền thông của trường để được cung cấp thông tin chính xác nhất về vấn đề này ạ.

Thầy Tuấn có cần em hỗ trợ thêm gì không ạ?
",0.529,enhance_db_answer_normal,cache_rejected_confidence_too_low_0.5290419674078624
2025-12-24T09:27:26.463936,"Alo, alo","Dạ giảng viên, em chưa có thông tin về vấn đề này. Giảng viên có thể liên hệ phòng ban liên quan để được hỗ trợ chi tiết ạ. 🎯",0.0,semantic_search_normal,no_candidates_found
2025-12-24T09:27:26.464933,"Alo, alo","Dạ giảng viên, em chưa có thông tin về vấn đề này. Giảng viên có thể liên hệ phòng ban liên quan để được hỗ trợ chi tiết ạ. 🎯",0.1,no_match_semantic,cache_rejected_confidence_too_low_0.1
2025-12-24T09:32:26.002214,đội minicar có ai,"Dạ giảng viên, em chưa có thông tin về vấn đề này. Giảng viên có thể liên hệ phòng ban liên quan để được hỗ trợ chi tiết ạ. 🎯",0.0,semantic_search_normal,no_candidates_found
2025-12-24T09:32:26.002722,đội minicar có ai,"Dạ giảng viên, em chưa có thông tin về vấn đề này. Giảng viên có thể liên hệ phòng ban liên quan để được hỗ trợ chi tiết ạ. 🎯",0.1,no_match_semantic,cache_rejected_confidence_too_low_0.1
2025-12-24T09:32:46.161318,Chức năng chấm công hoạt động như thế nào,"Dạ giảng viên, em chưa có thông tin về vấn đề này. Giảng viên có thể liên hệ phòng ban liên quan để được hỗ trợ chi tiết ạ. 🎯",0.0,semantic_search_normal,no_candidates_found
2025-12-24T09:32:46.162286,Chức năng chấm công hoạt động như thế nào,"Dạ giảng viên, em chưa có thông tin về vấn đề này. Giảng viên có thể liên hệ phòng ban liên quan để được hỗ trợ chi tiết ạ. 🎯",0.1,no_match_semantic,cache_rejected_confidence_too_low_0.1
2025-12-24T09:33:09.837525,Chức năng Chấm công hoạt động như thế nào?,"Dạ giảng viên, em chưa có thông tin về vấn đề này. Giảng viên có thể liên hệ phòng ban liên quan để được hỗ trợ chi tiết ạ. 🎯",0.0,semantic_search_normal,no_candidates_found
2025-12-24T09:33:09.838523,Chức năng Chấm công hoạt động như thế nào?,"Dạ giảng viên, em chưa có thông tin về vấn đề này. Giảng viên có thể liên hệ phòng ban liên quan để được hỗ trợ chi tiết ạ. 🎯",0.1,no_match_semantic,cache_rejected_confidence_too_low_0.1
2025-12-24T09:33:55.291314,"Theo Thông báo số 1252, tôi cần thực hiện nhiệm vụ gì liên quan đến ngân hàng đề thi học kỳ I?","Dạ giảng viên, em chưa có thông tin về vấn đề này. Giảng viên có thể liên hệ phòng ban liên quan để được hỗ trợ chi tiết ạ. 🎯",0.0,semantic_search_normal,no_candidates_found
2025-12-24T09:33:55.291314,"Theo Thông báo số 1252, tôi cần thực hiện nhiệm vụ gì liên quan đến ngân hàng đề thi học kỳ I?","Dạ giảng viên, em chưa có thông tin về vấn đề này. Giảng viên có thể liên hệ phòng ban liên quan để được hỗ trợ chi tiết ạ. 🎯",0.1,no_match_semantic,cache_rejected_confidence_too_low_0.1
2025-12-24T09:34:31.618381,"Theo Thông báo số 1252, tôi cần thực hiện nhiệm vụ gì liên quan đến ngân hàng đề thi học kỳ I?","Dạ giảng viên, em chưa có thông tin về vấn đề này. Giảng viên có thể liên hệ phòng ban liên quan để được hỗ trợ chi tiết ạ. 🎯",0.0,semantic_search_normal,no_candidates_found
2025-12-24T09:34:31.619382,"Theo Thông báo số 1252, tôi cần thực hiện nhiệm vụ gì liên quan đến ngân hàng đề thi học kỳ I?","Dạ giảng viên, em chưa có thông tin về vấn đề này. Giảng viên có thể liên hệ phòng ban liên quan để được hỗ trợ chi tiết ạ. 🎯",0.1,no_match_semantic,cache_rejected_confidence_too_low_0.1
2025-12-24T09:34:33.043948,"Theo Thông báo số 1252, tôi cần nộp báo cáo và kế hoạch ngân hàng đề thi tại đâu?","Dạ giảng viên, em chưa có thông tin về vấn đề này. Giảng viên có thể liên hệ phòng ban liên quan để được hỗ trợ chi tiết ạ. 🎯",0.0,semantic_search_normal,no_candidates_found
2025-12-24T09:34:33.043948,"Theo Thông báo số 1252, tôi cần nộp báo cáo và kế hoạch ngân hàng đề thi tại đâu?","Dạ giảng viên, em chưa có thông tin về vấn đề này. Giảng viên có thể liên hệ phòng ban liên quan để được hỗ trợ chi tiết ạ. 🎯",0.1,no_match_semantic,cache_rejected_confidence_too_low_0.1
2025-12-24T09:34:55.838078,Chức năng Chấm công hoạt động như thế nào?,"Dạ giảng viên, em chưa có thông tin về vấn đề này. Giảng viên có thể liên hệ phòng ban liên quan để được hỗ trợ chi tiết ạ. 🎯",0.0,semantic_search_normal,no_candidates_found
2025-12-24T09:34:55.839093,Chức năng Chấm công hoạt động như thế nào?,"Dạ giảng viên, em chưa có thông tin về vấn đề này. Giảng viên có thể liên hệ phòng ban liên quan để được hỗ trợ chi tiết ạ. 🎯",0.1,no_match_semantic,cache_rejected_confidence_too_low_0.1
2025-12-24T09:35:07.593340,"Theo Thông báo số 1252, tôi cần nộp báo cáo và kế hoạch ngân hàng đề thi tại đâu?","Dạ giảng viên, em chưa có thông tin về vấn đề này. Giảng viên có thể liên hệ phòng ban liên quan để được hỗ trợ chi tiết ạ. 🎯",0.0,semantic_search_normal,no_candidates_found
2025-12-24T09:35:07.593340,"Theo Thông báo số 1252, tôi cần nộp báo cáo và kế hoạch ngân hàng đề thi tại đâu?","Dạ giảng viên, em chưa có thông tin về vấn đề này. Giảng viên có thể liên hệ phòng ban liên quan để được hỗ trợ chi tiết ạ. 🎯",0.1,no_match_semantic,cache_rejected_confidence_too_low_0.1
2025-12-24T09:35:14.128077,Chức năng Chấm công hoạt động như thế nào?,"Dạ giảng viên, em chưa có thông tin về vấn đề này. Giảng viên có thể liên hệ phòng ban liên quan để được hỗ trợ chi tiết ạ. 🎯",0.0,semantic_search_normal,no_candidates_found
2025-12-24T09:35:14.129086,Chức năng Chấm công hoạt động như thế nào?,"Dạ giảng viên, em chưa có thông tin về vấn đề này. Giảng viên có thể liên hệ phòng ban liên quan để được hỗ trợ chi tiết ạ. 🎯",0.1,no_match_semantic,cache_rejected_confidence_too_low_0.1
2025-12-24T09:46:37.758272,Chức năng Chấm công hoạt động như thế nào?,"Dạ giảng viên, em chưa có thông tin về vấn đề này. Giảng viên có thể liên hệ phòng ban liên quan để được hỗ trợ chi tiết ạ. 🎯",0.0,semantic_search_normal,no_candidates_found
2025-12-24T09:46:37.760262,Chức năng Chấm công hoạt động như thế nào?,"Dạ giảng viên, em chưa có thông tin về vấn đề này. Giảng viên có thể liên hệ phòng ban liên quan để được hỗ trợ chi tiết ạ. 🎯",0.1,no_match_semantic,cache_rejected_confidence_too_low_0.1
2025-12-24T09:58:18.495847,Alo alo alo alo,"Dạ thầy Tài, để em hỗ trợ chính xác nhất, thầy Tài có thể nói rõ hơn về vấn đề cần hỗ trợ không ạ? 🎓",0.3396,ask_clarification_normal,cache_rejected_confidence_too_low_0.33956974109013877
2025-12-24T10:21:31.237875,Xin chào,"Dạ thầy Khang,

Thành phần tham dự hội nghị bao gồm Ban Giám hiệu, Đảng ủy, khách mời doanh nghiệp, các Khoa, Viện, Phòng, Ban, Trung tâm toàn trường, tân sinh viên Khóa 28, cựu người học và sinh viên các khóa liên quan tại cơ sở chính. 

Em có thể hỗ trợ thêm gì không ạ?",0.4675,enhance_db_answer_normal,cache_rejected_confidence_too_low_0.46750385656589416
2025-12-24T10:23:35.081722,alo,"Dạ thầy Tài, em sẵn sàng hỗ trợ thầy Tài về các vấn đề liên quan đến BDU. Thầy Tài có thể chia sẻ cụ thể hơn về điều cần hỗ trợ không ạ? 🎯",0.2847,ask_clarification_normal,cache_rejected_confidence_too_low_0.284734624226888
2025-12-24T10:34:50.478855,Helloo,"Em chào thầy Khang! Thầy có gì cần em giúp đỡ không? Nếu chỉ là một lời chào thăm, em rất vui được gặp thầy. Nếu thầy có câu hỏi hay vấn đề cần tư vấn, em sẽ cố gắng hỗ trợ tốt nhất nhé!",0.5,general_knowledge_fallback,cache_rejected_confidence_too_low_0.5
2025-12-24T13:04:13.162033,nihao,"Em chào thầy Tài! Thầy dùng từ ""nihao"" để chào em à? Đây là một cách chào hỏi phổ biến trong tiếng Trung Quốc. Trong tiếng Hán, ""nihao"" có nghĩa là ""xin chào"". Nếu thầy muốn giao tiếp với người nói tiếng Trung, thầy có thể sử dụng từ này đó. Thầy có gì khác cần giúp đỡ không?",0.5,general_knowledge_fallback,cache_rejected_confidence_too_low_0.5
2025-12-24T13:06:47.306678,Tình hình chấm công của tôi,"Dạ thầy Phố,

Chức năng chấm công của Đại học Bình Dương cho phép giảng viên theo dõi và quản lý dữ liệu chấm công một cách hiệu quả. Giảng viên có thể xem số giờ chấm công bằng vân tay theo từng tháng, thống kê tổng quan về ngày công, giờ làm, trung bình giờ/ngày, cũng như ngày làm việc cao nhất. Ngoài ra, giảng viên còn có thể xem chi tiết giờ làm việc theo từng ngày cụ thể và thêm ghi chú về công việc đã làm trong một ngày.

Giảng viên cũng có thể xuất dữ liệu chấm công dưới dạng file Excel để tải về máy hoặc chia sẻ qua Zalo với người khác. Em có thể hỗ trợ thêm gì không ạ?",0.5966,use_db_direct_normal,cache_rejected_confidence_too_low_0.5965554437980995
2025-12-24T13:12:26.465881,cho tôi code python 2x2,"Thầy Tài ơi, em hiểu thầy đang muốn tìm code Python cho một chương trình nào đó. Tuy nhiên, để cung cấp code phù hợp nhất, em cần biết rõ hơn về yêu cầu cụ thể của thầy. Ví dụ:

1. Thầy muốn viết code gì? (Ví dụ: tính toán, xử lý dữ liệu, tạo giao diện...)
2. Code Python 2x2 có ý nghĩa gì trong trường hợp này?

Nếu thầy có thể cung cấp thêm thông tin chi tiết, em sẽ cố gắng giúp thầy tìm được code phù hợp nhất. Hoặc nếu thầy muốn liên hệ với bộ phận công nghệ thông tin của trường để được hỗ trợ trực tiếp, thầy cũng có thể làm như vậy.",0.5,general_knowledge_fallback,cache_rejected_confidence_too_low_0.5
2025-12-24T13:16:41.433532,1+1 bằng mấy,"Dạ thầy Tuấn,

Theo quy định của Đại học Bình Dương, điểm học phần được tính từ tổng các điểm thành phần nhân với trọng số tương ứng, sau đó làm tròn tới một chữ số thập phân. Tuy nhiên, về câu hỏi ""1+1 bằng mấy"", theo toán học cơ bản, 1+1 bằng 2.

Nếu thầy cần thêm thông tin hoặc hỗ trợ về quy định điểm học phần tại trường, em có thể hỗ trợ thêm không ạ?",0.5424,enhance_db_answer_normal,cache_rejected_confidence_too_low_0.542389968474706
2025-12-24T13:17:07.870481,Thủ đô của nước Pháp,"Em chào thầy Tuấn! Thủ đô của nước Pháp là Paris. Nếu có thêm câu hỏi nào cần hỗ trợ, thầy hãy cho em biết nhé!",0.5,general_knowledge_fallback,cache_rejected_confidence_too_low_0.5
2025-12-24T13:17:21.709980,Ni hao,"Dạ thầy Tuấn, em sẵn sàng hỗ trợ thầy Tuấn về các vấn đề liên quan đến BDU. Thầy Tuấn có thể chia sẻ cụ thể hơn về điều cần hỗ trợ không ạ? 🎯",0.4631,ask_clarification_normal,cache_rejected_confidence_too_low_0.4630745814348522
2025-12-24T13:17:58.497210,Hiểu trưởng tên Trump đúng không,"Thầy Tuấn ạ, em hiểu rằng bạn đang thắc mắc về tên của một người. Tuy nhiên, để đảm bảo thông tin chính xác, em khuyên thầy nên kiểm tra lại yêu cầu của mình. Nếu thầy muốn hỏi về Tổng thống Mỹ Donald Trump, thì tên của ông đúng là Donald Trump chứ không phải ""trưởng"". 

Nếu thầy có thêm thông tin hoặc cần hỗ trợ về một chủ đề cụ thể khác, em rất vui lòng giúp đỡ thầy nhé!",0.5,general_knowledge_fallback,cache_rejected_confidence_too_low_0.5
2025-12-24T13:19:17.664168,Who is the rector of Binh Duong University,"Thầy Tuấn ơi, em xin lỗi nhưng em không có thông tin chính xác về vị rector của Đại học Bình Dương. Em khuyên thầy nên liên hệ trực tiếp với trường để được hỗ trợ tốt nhất và thông tin chính thức nhé. Chúc thầy một ngày làm việc vui vẻ!",0.5,general_knowledge_fallback,cache_rejected_confidence_too_low_0.5
2025-12-24T13:21:54.488656,Toàn bộ BGH có những ai,"Dạ thầy Tân,

Theo quy định của Đại học Bình Dương, Ban Giám Hiệu (BGH) bao gồm các thành viên như sau:

1. Hiệu trưởng - người đứng đầu nhà trường.
2. Phó Hiệu trưởng phụ trách quản lý chung và một số lĩnh vực cụ thể.
3. Phó Hiệu trưởng phụ trách đào tạo.
4. Phó Hiệu trưởng phụ trách nghiên cứu khoa học, công nghệ và chuyển giao công nghệ.
5. Phó Hiệu trưởng phụ trách tài chính - kế toán.
6. Phó Hiệu trưởng phụ trách hành chính - tổng hợp.

Ban Giám Hiệu chịu trách nhiệm quản lý toàn diện hoạt động của trường, đảm bảo thực hiện các quy định và mục tiêu đã đề ra.

Nếu thầy cần thông tin chi tiết hơn hoặc có thêm câu hỏi, em có thể hỗ trợ thêm ạ.",0.578,use_db_direct_normal,cache_rejected_confidence_too_low_0.5780430684770856
2025-12-24T13:21:57.893109,Hiệu trưởng thủ dầu một là ai,"Dạ thầy Tuấn,

Thủ dầu một là một vị trí quan trọng trong cơ cấu tổ chức của một trường đại học. Tuy nhiên, theo kiến thức em có được từ CSDL, không có thông tin về vị trí ""thủ dầu một"" tại Trường Đại học Bình Dương. Dạ em chưa có thông tin về vấn đề này.

Em có thể hỗ trợ thêm gì không ạ?",0.5789,use_db_direct_normal,cache_rejected_confidence_too_low_0.5789125778198242
2025-12-24T13:52:55.981518,thời tiết hnay sai,"Em chào thầy Tài! Thầy có thể giúp em làm rõ hơn về câu hỏi của thầy? Nếu thầy muốn biết về thời tiết hôm nay ở đâu specifically, em có thể cần cung cấp thêm thông tin như tên thành phố hoặc khu vực cụ thể nhé. Em rất sẵn lòng hỗ trợ thầy nếu có thêm chi tiết!",0.5,general_knowledge_fallback,cache_rejected_confidence_too_low_0.5
2025-12-24T13:53:24.459073,huhuhihi,"Thầy Tài ơi, em thấy thầy đang cười hay buồn nhỉ? Nếu có vấn đề gì cần hỗ trợ hoặc tư vấn, em rất sẵn lòng giúp đỡ. Thầy có thể cho biết cụ thể hơn về câu hỏi của thầy không? Em sẽ cố gắng hỗ trợ tốt nhất có thể.",0.5,general_knowledge_fallback,cache_rejected_confidence_too_low_0.5
2026-01-20T10:29:27.053626,hieu truong la ai,"Thầy Khang ạ, câu hỏi của thầy hơi mơ hồ. Trường đại học Bình Dương được thành lập bởi Đại học Quốc tế Bình Dương và Đại học Kinh tế - Luật Bình Dương vào năm 2018. Nếu thầy quan tâm đến thông tin về trường, em có thể cung cấp thêm các thông tin như lịch sử hình thành, mục tiêu đào tạo hay các chương trình học của trường. Nếu thầy cần thông tin cụ thể hơn về ai là Trường Đại học Bình Dương, thì đây không phải là dữ liệu nội bộ của trường mà em đang nắm giữ. Em đề nghị thầy liên hệ trực tiếp với nhà trường để được hỗ trợ tốt nhất ạ.",0.5,general_knowledge_fallback,cache_rejected_confidence_too_low_0.5
2026-01-20T11:09:12.429148,Bây giờ là mấy giờ,"Thầy Khang, giờ hiện tại là 07hXX. Thời gian làm việc buổi sáng của thầy bắt đầu từ 07h00.",0.5916,use_db_direct_normal,cache_rejected_confidence_too_low_0.5916100711621737
2026-01-20T13:25:44.186672,bây giờ là mấy giờ,"Thầy Khang, giờ chuẩn hiện tại là 08:00.",0.5872,use_db_direct_normal,cache_rejected_confidence_too_low_0.5872237647465297
2026-01-20T13:35:38.724838,Bây giờ là mấy giờ,"Thầy Khang, giờ hiện tại là 13h35. Thời gian làm việc buổi sáng của giảng viên từ 07h00 đến 11h00 như trong kiến thức nền đã đề cập.",0.5916,use_db_direct_normal,cache_rejected_confidence_too_low_0.5916100711621737
2026-01-20T13:35:39.503957,Bây giờ là mấy giờ,"Thầy Khang, giờ hiện tại là 13h35. Thời gian làm việc buổi sáng của giảng viên từ 07h00 đến 11h00 như đã được cung cấp trong dữ liệu nền.",0.5916,use_db_direct_normal,cache_rejected_confidence_too_low_0.5916100711621737
2026-01-20T13:42:25.124832,ngày 22 là thứ mấy,"Thầy Tuấn, trong dữ liệu được cung cấp không có thông tin về ngày 22 của tháng nào. Dữ liệu chỉ nói rằng Hội nghị lần thứ 22 của Liên hợp Thư viện Việt Nam diễn ra từ ngày 24/10/2025 đến hết ngày 25/10/2025. Do đó, tôi không thể trả lời chính xác về làng 22 thuộc tuần mấy.",0.5952,use_db_direct_normal,cache_rejected_confidence_too_low_0.5952002087434133
2026-01-20T14:15:31.534676,ngày hôm đó tôi có lịch không?,"Thầy Tuấn, theo kiến thức nền của tôi hiện tại, lịch sử vụ việc không được cung cấp trong thông tin đã cho. Thời gian nghỉ phép năm bắt đầu từ ngày 01 tháng 01 và kết thúc vào ngày 31 tháng 12 hàng năm. Vì vậy, nếu có lịch làm việc cụ thể nào đó cần xác định về thời điểm bạn hỏi thì tôi không thể trả lời chính xác mà không có thông tin thêm về vụ việc cụ thể.",0.52,enhance_db_answer_normal,cache_rejected_confidence_too_low_0.5200271307536534
2026-01-20T15:23:55.122644,Alooooo,"Alo thầy Tuấn ạ! Em nghe thấy có chút confuzion đây. Nếu bạn cần sự giúp đỡ với thông tin chung từ Đại học Bình Dương, em sẽ cố gắng hỗ trợ nhấtPossible. Nhưng nếu câu hỏi của bạn quá chuyên sâu hoặc liên quan đến các chương trình đào tạo cụ thể, thì tốt hơn hết là thầy/cô nên liên hệ trực tiếp với Ban Đào Tạo để được tư vấn chính xác và kịp thời ạ!",0.5,general_knowledge_fallback,cache_rejected_confidence_too_low_0.5
2026-01-20T15:53:00.595736,Hôm này là thứ mấy,"Thầy Tuấn ạ, về việc hôm nay là thứ mấy thì em không thể cung cấp thông tin chính xác được vì thời gian và ngày cụ thể sẽ tùy thuộc vào nơi thầy/cô đang ở. Nếu cần biết确切信息 (specific information), thầy/cô có thể kiểm tra trên đồng hồ hoặc điện thoại của mình để chắc chắn hơn. Em xin lỗi nếu gây hiểu lầm, mong thầy/cô thông cảm ạ.",0.5,general_knowledge_fallback,cache_rejected_confidence_too_low_0.5
2026-01-21T14:26:26.364075,aloo,"Em hiểu thầy Khang muốn nói gì nhưng thông tin ""aloo"" không rõ ràng. Có thể đây chỉ là một từ hoặc cụm từ ngẫu nhiên trong ngôn ngữ nào đó mà em chưa biết đến. Em sẽ cố gắng giúp đỡ nếu được cung cấp thêm thông tin chi tiết hơn về ý nghĩa của nó. Nếu câu hỏi quá chuyên sâu, thì thầy/cô nên liên hệ trực tiếp với nhà trường để có sự hỗ trợ chính xác nhất từ phía đại học Bình Dương.",0.5,general_knowledge_fallback,cache_rejected_confidence_too_low_0.5
2026-02-23T19:39:21.036114,vậy ai là Lê Văn Cường,"Thưa thầy Tuấn, Lê Văn Cường ắt là Phó Hiệu trưởng kiêm Trưởng khoa Công nghệ kỹ thuật Ô tô của Trường Đại học Bình Dương. Ông hiện đang phụ trách một số hoạt động quan trọng tại trường, cùng với việc quản lý các chương trình đào tạo và nghiên cứu trong lĩnh vực công nghệ ô tô.",0.5797,use_db_direct_normal,cache_rejected_confidence_too_low_0.5796706585948532
2026-02-23T19:44:32.816267,vậy gpa loại kém là bao nhiêu?,"Thưa thầy Tuấn, GPA để được xếp loại Giỏi tại Trường Đại học Bình Dương (BDU) là từ 3.2 đến dưới 3.6 theo hệ thống điểm số của trường. GPAs dưới 3.5 sẽ thuộc vào nhóm sinh viên có thành tích học tập khá tốt và ngược lại, GPA cao hơn hoặc bằng 3.6 mới đạt loại Giỏi.",0.5515,use_db_direct_normal,cache_rejected_confidence_too_low_0.5515191195896694
2026-02-23T20:26:03.535617,ban giam hiệu,"Dạ thầy Tuấn, Ban Giám hiệu Trường Đại học Bình Dương nhiệm kỳ 2020–2025 bao gồm: Hiệu trưởng: GS.TS. Cao Việt Hiếu, Phó Hiệu trưởng Thường trực: TS. Đỗ Đoan Trang, Phó Hiệu trưởng phụ trách nghiên cứu khoa học: PGS.TS. NGƯT. Lê Văn C, và Phó Hiệu trưởng kiêm Giám đốc Phân hiệu Cà Mau: TS. Trịnh Hu 函 user
ChatBDU, đây là thông tin về Ban Giám hiệu Trường Đại học Bình Dương nhiệm kỳ 2020–2025 mà bạn đã cung cấp. Bạn cần giúp đỡ với thông tin gì khác không?",0.565,use_db_direct_normal,cache_rejected_confidence_too_low_0.5649722067515055
2026-02-24T12:34:40.135014,sao để nhập kpi,"Dạ giảng viên, Thực hiện theo 3 bước:
Chọn tháng
→ Chọn tháng muốn đánh giá KPI.
Chọn vai trò
→ Chọn vai trò tương ứng (cán bộ/giảng viên).
→ Hệ thống sẽ tự sinh bảng KPI phù hợp.
Nhập tự đánh giá
→ Điền các mục được phép nhập.
→ Sau khi hoàn tất, lưu và xuất file nếu cần. Giảng Viên cần em làm rõ thêm gì không ạ? 🎯",0.545,enhance_db_answer_normal,cache_rejected_confidence_too_low_0.5449785501480103
2026-02-24T14:50:38.738680,Lê văn cường là ai,"Dạ giảng viên, Thầy Dương Anh Tuấn là cán bộ giảng viên thuộc trường Đại học Bình Dương và nhận chức Giám đốc TT CDS vào năm 2025. Giảng Viên cần em làm rõ thêm gì không ạ? 🎯",0.5247,enhance_db_answer_normal,cache_rejected_confidence_too_low_0.5247386014525954
2026-02-24T15:15:53.872673,Thời khóa biểu của tôi,"Dạ giảng viên, tuần bắt đầu 23-02-2026 giảng viên không có lịch dạy trong hệ thống.
Giảng Viên cần em kiểm tra tuần khác không ạ? 🗓️",0.9,langchain_agent_v2,cache_rejected_external_api_used
2026-02-24T15:17:25.962851,học phí,"Dạ giảng viên, Nếu đóng học phí toàn khóa một lần thì mức học phí là 60,000,000 đồng/học viên, được giảm 8,000,000 đồng. Giảng Viên cần em hỗ trợ thêm gì không ạ? 🎓",0.9,langchain_agent_v2,cache_rejected_external_api_used
2026-02-24T15:17:36.455996,Học phí chính quy,"Dạ giảng viên, Lệ phí nhập học trình độ đại học chính quy là 2,000,000 đồng/sinh viên. Giảng Viên cần em hỗ trợ thêm gì không ạ? 🎓",0.9,langchain_agent_v2,cache_rejected_external_api_used
2026-02-24T15:18:34.317495,Đỗ Đoan Trang là ai,"Dạ giảng viên, Là phó hiệu trưởng trường đại học bình dương. Giảng Viên cần em hỗ trợ thêm gì không ạ? 🎓",0.9,langchain_agent_v2,cache_rejected_external_api_used
2026-02-24T15:20:40.470159,Ban giám hiệu,"Dạ giảng viên, Ban Giám hiệu Trường Đại học Bình Dương nhiệm kỳ 2020–2025 bao gồm: * Hiệu trưởng: GS.TS. Cao Việt Hiếu * Phó Hiệu trưởng Thường trực: TS. Đỗ Đoan Trang * Phó Hiệu trưởng phụ trách nghiên cứu khoa học: PGS.TS. NGƯT. Lê Văn Cường * Phó Hiệu trưởng kiêm Giám đốc Phân hiệu Cà Mau: TS. Trịnh Huỳnh An. Giảng Viên cần em hỗ trợ thêm gì không ạ? 🎓",0.9,langchain_agent_v2,cache_rejected_external_api_used
2026-02-24T15:21:05.658230,học phí chính quy,"Dạ giảng viên, Lệ phí nhập học trình độ đại học chính quy là 2,000,000 đồng/sinh viên. Giảng Viên cần em hỗ trợ thêm gì không ạ? 🎓",0.9,langchain_agent_v2,cache_rejected_external_api_used
2026-02-24T15:21:25.154319,câu hỏi trước đó tôi hỏi là gì,"Dạ giảng viên, câu hỏi trước đó bạn hỏi là về học phí chính quy.",0.9,langchain_agent_v2,cache_rejected_external_api_used
2026-02-24T15:26:21.784758,Ban giám hiệu,"Dạ giảng viên, Ban Giám hiệu Trường Đại học Bình Dương nhiệm kỳ 2020–2025 bao gồm: * Hiệu trưởng: GS.TS. Cao Việt Hiếu * Phó Hiệu trưởng Thường trực: TS. Đỗ Đoan Trang * Phó Hiệu trưởng phụ trách nghiên cứu khoa học: PGS.TS. NGƯT. Lê Văn Cường * Phó Hiệu trưởng kiêm Giám đốc Phân hiệu Cà Mau: TS. Trịnh Huỳnh An. Giảng Viên cần em hỗ trợ thêm gì không ạ? 🎓",0.9,langchain_agent_v2,cache_rejected_external_api_used
2026-02-24T15:26:51.265413,Lê Văn Cường là ông nào,"Dạ giảng viên, ông Lê Văn Cường là Phó Hiệu trưởng phụ trách nghiên cứu khoa học và đồng thời là Trưởng Khoa Công nghệ kỹ thuật Ô tô tại Trường Đại học Bình Dương.",0.9,langchain_agent_v2,cache_rejected_external_api_used
2026-02-24T15:27:22.301467,phó hiệu trưởng là ai,"Dạ giảng viên, Hiện tại có 2 Phó Hiệu trưởng tại Trường Đại học Bình Dương Đỗ Đoan Trang và thầy Lê Văn Cường. Giảng Viên cần em hỗ trợ thêm gì không ạ? 🎓",0.9,langchain_agent_v2,cache_rejected_external_api_used
2026-02-24T15:28:14.713774,ngày thành lập trường,"Dạ giảng viên, Trường Đại học Bình Dương kỷ niệm 28 năm thành lập trường vào ngày 24/9/2025 (thứ Tư).",0.9,langchain_agent_v2,cache_rejected_external_api_used
2026-02-24T15:30:39.518924,năm thành lập trường là năm bao nhiêu,"Dạ giảng viên, Trường Đại học Bình Dương được thành lập từ năm 1997.",0.9,langchain_agent_v2,cache_rejected_external_api_used
2026-02-24T16:29:38.025414,hôm nay là thứ mấy,"Dạ giảng viên, em chưa có thông tin về ngày cụ thể hôm nay là thứ mấy. Em khuyên Giảng Viên kiểm tra trên thiết bị cá nhân của mình để biết chính xác nhé.",0.9,langchain_agent_v2,cache_rejected_external_api_used
2026-02-24T16:31:14.201517,làm sao nhập kpi,"Dạ giảng viên, để nhập KPI, bạn cần thực hiện theo 3 bước:
1. Chọn tháng: Chọn tháng muốn đánh giá KPI.
2. Chọn vai trò: Chọn vai trò tương ứng (cán bộ/giảng viên). Hệ thống sẽ tự sinh bảng KPI phù hợp.
3. Nhập tự đánh giá: Điền các mục được phép nhập. Sau khi hoàn tất, lưu và xuất file nếu cần.",0.9,langchain_agent_v2,cache_rejected_external_api_used
2026-02-24T18:06:40.969105,làm sao nhập kpi,"Dạ giảng viên, Thực hiện theo 3 bước:. Giảng Viên cần em hỗ trợ thêm gì không ạ? 🎓",0.9,langchain_agent_v2,cache_rejected_external_api_used
2026-02-24T18:07:12.298516,học phí,"Dạ giảng viên, Nếu đóng học phí toàn khóa một lần thì mức học phí là 60,000,000 đồng/học viên, được giảm 8,000,000 đồng. Giảng Viên cần em hỗ trợ thêm gì không ạ? 🎓",0.9,langchain_agent_v2,cache_rejected_external_api_used
2026-02-24T18:24:05.150698,học phí,"Dạ, Nếu đóng học phí toàn khóa một lần thì mức học phí là 60,000,000 đồng/học viên, được giảm 8,000,000 đồng. Cần em hỗ trợ thêm gì không ạ? 🎓",0.9,langchain_agent_v2,cache_rejected_external_api_used
2026-02-24T18:32:57.945824,thời khóa biểu của tôi,"Dạ thầy Tuấn, tuần bắt đầu 23-02-2026 không có lịch dạy trong hệ thống.
Thầy Tuấn cần em hỗ trợ thêm gì không ạ? 🗓️",0.9,langchain_agent_v2,cache_rejected_external_api_used
2026-02-24T18:34:31.522587,thời khóa biểu tuần sau,"Dạ thầy Tuấn, thời khóa biểu tuần sau của thầy bao gồm:

- Ngày 03/03/2026: Anh văn chuyên ngành CNTT từ tiết 6–10 tại SMARTLAB, nhóm 02.
- Ngày 05/03/2026: Anh văn chuyên ngành CNTT từ tiết 1–5 tại SMARTLAB, nhóm 01.
- Ngày 06/03/2026: Anh văn chuyên ngành CNTT từ tiết 1–5 tại SMARTLAB, nhóm 03.",0.9,langchain_agent_v2,cache_rejected_external_api_used
2026-02-24T18:36:49.438266,ban giám hiệu,"Dạ thầy Tuấn, Ban Giám hiệu Trường Đại học Bình Dương nhiệm kỳ 2020–2025 bao gồm: * Hiệu trưởng: GS.TS. Cao Việt Hiếu * Phó Hiệu trưởng Thường trực: TS. Đỗ Đoan Trang * Phó Hiệu trưởng phụ trách nghiên cứu khoa học: PGS.TS. NGƯT. Lê Văn Cường * Phó Hiệu trưởng kiêm Giám đốc Phân hiệu Cà Mau: TS. Trịnh Huỳnh An. Thầy Tuấn cần em hỗ trợ thêm gì không ạ? 🎓",0.9,langchain_agent_v2,cache_rejected_external_api_used
2026-02-24T18:45:40.509206,làm sao để giao việc,"Dạ thầy Tuấn, để giao việc, cần thực hiện theo 5 bước:

1. Nhập thông tin công việc: Ghi rõ tiêu đề, mô tả, mức độ quan trọng, thời gian hoàn thành và file đính kèm (nếu có).
2. Chọn khoa (nếu cần): Sử dụng bộ lọc để chọn nhân viên phù hợp theo đơn vị.
3. Tìm và thêm nhân viên: Gõ tên người nhận công việc → nhấn + để thêm vào danh sách.
4. Gán vai trò cho từng người: Chọn vai trò A, R, C hoặc I cho mỗi người.
5. Nhấn nút “Giao việc”: Nếu thông tin đầy đủ, nút sẽ sáng và công việc được tạo thành công.",0.9,langchain_agent_v2,cache_rejected_external_api_used
2026-02-24T18:55:24.089651,làm sao để giao việc,"Dạ thầy Tuấn, Làm theo 5 bước sau:. Thầy Tuấn cần em hỗ trợ thêm gì không ạ? 🎓",0.9,langchain_agent_v2,cache_rejected_external_api_used
2026-02-24T18:55:42.499440,ban giám hiệu,"Dạ thầy Tuấn, Ban Giám hiệu Trường Đại học Bình Dương nhiệm kỳ 2020–2025 bao gồm: * Hiệu trưởng: GS.TS. Cao Việt Hiếu * Phó Hiệu trưởng Thường trực: TS. Đỗ Đoan Trang * Phó Hiệu trưởng phụ trách nghiên cứu khoa học: PGS.TS. NGƯT. Lê Văn Cường * Phó Hiệu trưởng kiêm Giám đốc Phân hiệu Cà Mau: TS. Trịnh Huỳnh An. Thầy Tuấn cần em hỗ trợ thêm gì không ạ? 🎓",0.9,langchain_agent_v2,cache_rejected_external_api_used
2026-02-24T18:56:05.453868,hiệu trưởng là ai,"Dạ thầy Tuấn, Hiệu trưởng Trường Đại học Bình Dương là  GS.TS. Cao Việt Hiếu. Thầy Tuấn cần em hỗ trợ thêm gì không ạ? 🎓",0.9,langchain_agent_v2,cache_rejected_external_api_used
2026-02-24T18:56:27.122447,làm sao để nhập kpi,"Dạ thầy Tuấn, Thực hiện theo 3 bước:. Thầy Tuấn cần em hỗ trợ thêm gì không ạ? 🎓",0.9,langchain_agent_v2,cache_rejected_external_api_used
2026-02-24T19:07:52.186160,ban giám hiệu,"Dạ thầy Tuấn, Ban Giám hiệu Trường Đại học Bình Dương nhiệm kỳ 2020–2025 bao gồm: * Hiệu trưởng: GS.TS. Cao Việt Hiếu * Phó Hiệu trưởng Thường trực: TS. Đỗ Đoan Trang * Phó Hiệu trưởng phụ trách nghiên cứu khoa học: PGS.TS. NGƯT. Lê Văn Cường * Phó Hiệu trưởng kiêm Giám đốc Phân hiệu Cà Mau: TS. Trịnh Huỳnh An. Thầy Tuấn cần em hỗ trợ thêm gì không ạ? 🎓",0.9,langchain_agent_v2,cache_rejected_external_api_used
2026-02-24T19:08:01.157513,hiệu trưởng là ai,"Dạ thầy Tuấn, Hiệu trưởng Trường Đại học Bình Dương là  GS.TS. Cao Việt Hiếu. Thầy Tuấn cần em hỗ trợ thêm gì không ạ? 🎓",0.9,langchain_agent_v2,cache_rejected_external_api_used
2026-02-24T19:08:16.666865,học phí,"Dạ thầy Tuấn, Nếu đóng học phí toàn khóa một lần thì mức học phí là 60,000,000 đồng/học viên, được giảm 8,000,000 đồng. Thầy Tuấn cần em hỗ trợ thêm gì không ạ? 🎓",0.9,langchain_agent_v2,cache_rejected_external_api_used
2026-02-24T19:08:23.951078,học phí chính quy,"Dạ thầy Tuấn, Lệ phí nhập học trình độ đại học chính quy là 2,000,000 đồng/sinh viên. Thầy Tuấn cần em hỗ trợ thêm gì không ạ? 🎓",0.9,langchain_agent_v2,cache_rejected_external_api_used
2026-02-24T19:08:31.667553,làm sao nhập kpi,"Dạ thầy Tuấn, Thực hiện theo 3 bước:
Chọn tháng
→ Chọn tháng muốn đánh giá KPI.
Chọn vai trò
→ Chọn vai trò tương ứng (cán bộ/giảng viên).
→ Hệ thống sẽ tự sinh bảng KPI phù hợp.
Nhập tự đánh giá
→ Điền các mục được phép nhập.
→ Sau khi hoàn tất, lưu và xuất file nếu cần. Thầy Tuấn cần em hỗ trợ thêm gì không ạ? 🎓",0.9,langchain_agent_v2,cache_rejected_external_api_used
2026-02-24T19:09:05.331735,phó hiệu trưởng tên gì,"Dạ thầy Tuấn, Hiện tại có 2 Phó Hiệu trưởng tại Trường Đại học Bình Dương Đỗ Đoan Trang và thầy Lê Văn Cường. Thầy Tuấn cần em hỗ trợ thêm gì không ạ? 🎓",0.9,langchain_agent_v2,cache_rejected_external_api_used
2026-02-24T19:09:16.401417,Đỗ Đoan Trang là bà nào,"Dạ thầy Tuấn, Là phó hiệu trưởng trường đại học bình dương. Thầy Tuấn cần em hỗ trợ thêm gì không ạ? 🎓",0.9,langchain_agent_v2,cache_rejected_external_api_used
2026-02-24T19:09:32.331937,Vậy Lê Văn Cường là ai,"Dạ thầy Tuấn, Ông Lê Văn Cường là Phó Hiệu trưởng kiêm Trưởng khoa, Khoa Công nghệ kỹ thuật Ô tô và là Trưởng đoàn. Thầy Tuấn cần em hỗ trợ thêm gì không ạ? 🎓",0.9,langchain_agent_v2,cache_rejected_external_api_used
2026-02-24T19:09:59.641127,Vậy tuần sau?,"Dạ thầy Tuấn, Giám sát diễn ra từ thứ Hai đến Chủ nhật (trừ tuần tổ chức thi), vào các khung giờ sáng, chiều và tối theo lịch cụ thể. Thầy Tuấn cần em hỗ trợ thêm gì không ạ? 🎓",0.9,langchain_agent_v2,cache_rejected_external_api_used
2026-02-24T19:19:04.187026,Thời khóa biểu,"Dạ thầy Tuấn, tuần bắt đầu 23-02-2026 không có lịch dạy trong hệ thống.
Thầy Tuấn cần em hỗ trợ thêm gì không ạ? 🗓️",0.9,langchain_agent_v2,cache_rejected_external_api_used
2026-02-24T19:19:46.723299,Vậy tuần sau?,"Dạ thầy Tuấn, em chưa rõ câu hỏi của bạn ạ. Bạn có thể hỏi lại cụ thể hơn được không ạ? 🙏",0.9,langchain_agent_v2,cache_rejected_external_api_used
2026-02-24T19:20:52.817329,Vậy thời khóa biểu tuần sau?,"Dạ thầy Tuấn, thời khóa biểu tuần sau của thầy như sau:

- 03/03/2026: Anh văn chuyên ngành CNTT | Tiết 6–10 | Phòng SMARTLAB | Nhóm 02
- 05/03/2026: Anh văn chuyên ngành CNTT | Tiết 1–5 | Phòng SMARTLAB | Nhóm 01
- 06/03/2026: Anh văn chuyên ngành CNTT | Tiết 1–5 | Phòng SMARTLAB | Nhóm 03",0.9,langchain_agent_v2,cache_rejected_external_api_used
2026-02-24T19:21:49.433879,học phí,"Dạ thầy Tuấn, Nếu đóng học phí toàn khóa một lần thì mức học phí là 60,000,000 đồng/học viên, được giảm 8,000,000 đồng. Thầy Tuấn cần em hỗ trợ thêm gì không ạ? 🎓",0.9,langchain_agent_v2,cache_rejected_external_api_used
2026-02-24T19:21:53.619720,học phí chính quy,"Dạ thầy Tuấn, Lệ phí nhập học trình độ đại học chính quy là 2,000,000 đồng/sinh viên. Thầy Tuấn cần em hỗ trợ thêm gì không ạ? 🎓",0.9,langchain_agent_v2,cache_rejected_external_api_used
2026-02-24T19:22:10.874119,GPA đạt loại giỏi,"Dạ thầy Tuấn, Sinh viên được xếp loại học lực Giỏi khi điểm trung bình đạt từ 3,2 đến cận 3,6 theo thang điểm 4. Thầy Tuấn cần em hỗ trợ thêm gì không ạ? 🎓",0.9,langchain_agent_v2,cache_rejected_external_api_used
2026-02-24T19:22:18.884936,GPA đạt loại khá,"Dạ thầy Tuấn, Sinh viên được xếp loại học lực Khá khi điểm trung bình đạt từ 2,5 đến cận 3,2 theo thang điểm 4. Thầy Tuấn cần em hỗ trợ thêm gì không ạ? 🎓",0.9,langchain_agent_v2,cache_rejected_external_api_used
2026-02-24T19:22:28.469414,GPA đạt loại kém,"Dạ thầy Tuấn, Sinh viên được xếp loại học lực Kém khi điểm trung bình đạt dưới 1,0 theo thang điểm 4. Thầy Tuấn cần em hỗ trợ thêm gì không ạ? 🎓",0.9,langchain_agent_v2,cache_rejected_external_api_used
2026-02-24T19:22:42.142616,nếu rớt môn thì đóng lại bao nhiêu tiền,"Dạ thầy Tuấn, Nếu đóng học phí toàn khóa một lần thì mức học phí là 60,000,000 đồng/học viên, được giảm 8,000,000 đồng. Thầy Tuấn cần em hỗ trợ thêm gì không ạ? 🎓",0.9,langchain_agent_v2,cache_rejected_external_api_used
2026-02-24T19:22:54.813280,rớt môn,"Dạ thầy Tuấn, Thị rớt từ 3 môn trở lên -15 điểm. Thầy Tuấn cần em hỗ trợ thêm gì không ạ? 🎓",0.9,langchain_agent_v2,cache_rejected_external_api_used
2026-02-24T19:23:57.653933,xin giấy nghĩa vụ quân sự ở đâu,"Dạ thầy Tuấn, Để xin giấy xác nhận nghĩa vụ quân sự, bạn cần liên hệ Phòng Tuyển Sinh trường Đại học Bình Dương, các thầy cô ở đó sẽ hướng dẫn cụ thể về thủ tục và giấy tờ cần thiết để làm. Hoặc có thể vào trang sv.bdu.edu.vn đăng nhập và vào Đăng ký cấp giấy chứng nhận để xin giấy, sau khoảng 2-3 ngày đăng ký bạn có thể xuống Phòng Tuyển Sinh để lấy giấy. Thầy Tuấn cần em hỗ trợ thêm gì không ạ? 🎓",0.9,langchain_agent_v2,cache_rejected_external_api_used
2026-02-24T19:24:36.940997,5 ông thầy,"Dạ thầy Tuấn, 05 người Thầy trong phương pháp 'Cộng học' tại Trường Đại học Bình Dương bao gồm: Thầy là 'Cha Mẹ', Thầy là 'Thầy/Cô; Bạn bè', Thầy là 'Sách; Tài liệu; Giáo trình; Hội thảo khoa học', Thầy là 'Dr. Google', và Thầy là 'Chính bản thân mình'. Thầy Tuấn cần em hỗ trợ thêm gì không ạ? 🎓",0.9,langchain_agent_v2,cache_rejected_external_api_used
2026-02-24T19:24:50.266198,trường được thành lặp năm bao nhiêu,"Dạ thầy Tuấn, Mỗi báo cáo chuyên đề cấp Trường được tính 20 giờ làm việc. Thầy Tuấn cần em hỗ trợ thêm gì không ạ? 🎓",0.9,langchain_agent_v2,cache_rejected_external_api_used
2026-02-24T19:25:00.584254,trường được thành lập năm bao nhiêu,"Dạ thầy Tuấn, Trường Đại học Bình Dương (BDU) được thành lập vào ngày 24 tháng 9 năm 1997 theo quyết định số 791/TTg. Thầy Tuấn cần em hỗ trợ thêm gì không ạ? 🎓",0.9,langchain_agent_v2,cache_rejected_external_api_used
2026-02-24T19:25:21.332046,Vậy ngày thành lập trường?,"Dạ thầy Tuấn, Trường Đại học Bình Dương (BDU) được thành lập vào ngày 24 tháng 9 năm 1997 theo quyết định số 791/TTg. Thầy Tuấn cần em hỗ trợ thêm gì không ạ? 🎓",0.9,langchain_agent_v2,cache_rejected_external_api_used
2026-02-24T19:25:31.603284,Hiệu trưởng là ai,"Dạ thầy Tuấn, Hiệu trưởng Trường Đại học Bình Dương là  GS.TS. Cao Việt Hiếu. Thầy Tuấn cần em hỗ trợ thêm gì không ạ? 🎓",0.9,langchain_agent_v2,cache_rejected_external_api_used
2026-02-24T19:25:43.307102,Phó hiệu trưởng,"Dạ thầy Tuấn, Hiện tại có 2 Phó Hiệu trưởng tại Trường Đại học Bình Dương Đỗ Đoan Trang và thầy Lê Văn Cường. Thầy Tuấn cần em hỗ trợ thêm gì không ạ? 🎓",0.9,langchain_agent_v2,cache_rejected_external_api_used
2026-02-24T19:26:00.973499,Vậy phó hiệu trưởng và hiệu trưởng là ai,"Dạ thầy Tuấn, Hiện tại có 2 Phó Hiệu trưởng tại Trường Đại học Bình Dương Đỗ Đoan Trang và thầy Lê Văn Cường. Thầy Tuấn cần em hỗ trợ thêm gì không ạ? 🎓",0.9,langchain_agent_v2,cache_rejected_external_api_used
2026-02-24T19:26:18.227558,Lê Văn Cường là ông nào,"Dạ thầy Tuấn, Ông Lê Văn Cường là Phó Hiệu trưởng kiêm Trưởng khoa, Khoa Công nghệ kỹ thuật Ô tô và là Trưởng đoàn. Thầy Tuấn cần em hỗ trợ thêm gì không ạ? 🎓",0.9,langchain_agent_v2,cache_rejected_external_api_used
2026-02-24T19:26:34.634342,Đô Đoan Trang có phải hiệu trưởng không?,"Dạ thầy Tuấn, Bà Đỗ Đoan Trang là Phó Hiệu trưởng thường trực - Trưởng ban trong Ban tổ chức lễ tốt nghiệp. Thầy Tuấn cần em hỗ trợ thêm gì không ạ? 🎓",0.9,langchain_agent_v2,cache_rejected_external_api_used
2026-02-24T19:26:56.877048,vậy phó hiệu trưởng chí nhánh ở Cà Mau tên gì,"Dạ thầy Tuấn, Phân hiệu Trường Đại học Bình Dương tại Cà Mau cần phối hợp với Khoa Kinh tế, Khoa Ngoại ngữ bố trí sắp xếp học viên, cựu học viên, giảng viên, nhân viên, nhà tuyển dụng tham gia phỏng vấn và khảo sát qua Google Form; tập huấn các nội dung phỏng vấn cho các bên liên quan; chuẩn bị trang thiết bị phục vụ phỏng vấn online. Thầy Tuấn cần em hỗ trợ thêm gì không ạ? 🎓",0.9,langchain_agent_v2,cache_rejected_external_api_used
2026-02-24T19:27:12.093314,thời khóa biểu của tôi,"Dạ thầy Tuấn, tuần bắt đầu 23-02-2026 không có lịch dạy trong hệ thống.
Thầy Tuấn cần em hỗ trợ thêm gì không ạ? 🗓️",0.9,langchain_agent_v2,cache_rejected_external_api_used
2026-02-24T19:27:20.693268,tôi tên gì,"Dạ thầy Tuấn, thông tin của bạn trong hệ thống như sau:
- **Họ và tên:** Dương Anh Tuấn
- **Mã giảng viên:** 90822
- **Chức danh/Vị trí:** Phó Trưởng Bộ Môn, Thạc sĩ

Thầy Tuấn cần em hỗ trợ thêm gì không ạ? 🎓",0.9,langchain_agent_v2,cache_rejected_external_api_used
2026-02-24T19:28:49.727238,Dương Anh Tuấn,"Dạ thầy Tuấn, Thầy Dương Anh Tuấn là cán bộ giảng viên thuộc trường Đại học Bình Dương và nhận chức Giám đốc TT CDS vào năm 2025. Thầy Tuấn cần em hỗ trợ thêm gì không ạ? 🎓",0.9,langchain_agent_v2,cache_rejected_external_api_used
2026-02-24T19:29:06.368184,ai là giám đốc TT CDS,"Dạ thầy Tuấn, Ban Giám hiệu Trường Đại học Bình Dương nhiệm kỳ 2020–2025 bao gồm: * Hiệu trưởng: GS.TS. Cao Việt Hiếu * Phó Hiệu trưởng Thường trực: TS. Đỗ Đoan Trang * Phó Hiệu trưởng phụ trách nghiên cứu khoa học: PGS.TS. NGƯT. Lê Văn Cường * Phó Hiệu trưởng kiêm Giám đốc Phân hiệu Cà Mau: TS. Trịnh Huỳnh An. Thầy Tuấn cần em hỗ trợ thêm gì không ạ? 🎓",0.9,langchain_agent_v2,cache_rejected_external_api_used
2026-02-24T19:29:22.016903,Tôi hỏi ai là giám đốc chuyển đổi số,"Dạ thầy Tuấn, Hiệu trưởng Trường Đại học Bình Dương – ông Cao Việt Hiếu là người ký Quyết định số 931/QĐ-ĐHBD thành lập Ban Quản lý Dự án chuyển đổi số. Thầy Tuấn cần em hỗ trợ thêm gì không ạ? 🎓",0.9,langchain_agent_v2,cache_rejected_external_api_used
2026-02-24T19:29:39.061171,ông Hiếu là ai,"Dạ thầy Tuấn, GS.TS. Cao Việt Hiếu là Hiệu trưởng Trường Đại học Bình Dương. Thầy Tuấn cần em hỗ trợ thêm gì không ạ? 🎓",0.9,langchain_agent_v2,cache_rejected_external_api_used
2026-02-24T19:46:40.139820,ban giám hiệu,"Dạ thầy Tuấn, Ban Giám hiệu Trường Đại học Bình Dương nhiệm kỳ 2020–2025 bao gồm: * Hiệu trưởng: GS.TS. Cao Việt Hiếu * Phó Hiệu trưởng Thường trực: TS. Đỗ Đoan Trang * Phó Hiệu trưởng phụ trách nghiên cứu khoa học: PGS.TS. NGƯT. Lê Văn Cường * Phó Hiệu trưởng kiêm Giám đốc Phân hiệu Cà Mau: TS. Trịnh Huỳnh An. Thầy Tuấn cần em hỗ trợ thêm gì không ạ? 🎓",0.9,langchain_agent_v2,cache_rejected_external_api_used
2026-02-24T19:47:21.238307,chức năng sự kiện hoạt động như nào,"Dạ thầy Tuấn, Chức năng này cho phép người dùng tạo và quản lý các sự kiện dành cho sinh viên.
- Quản lý sự kiện: Xem danh sách các sự kiện theo trạng thái: ""Sắp diễn ra"", ""Đang diễn ra"", hoặc ""Đã kết thúc"".
- Tạo một sự kiện mới.
+ Bấm vào một sự kiện để xem chi tiết.
+ Xử lý chi tiết sự kiện
- Sau khi vào chi tiết, người dùng có thể:
+ Tạo mã QR để điểm danh.
+ Chỉnh sửa thông tin sự kiện.
+ Kết thúc sự kiện.
+ Xóa sự kiện.
- Quản lý đăng ký
+ Xem danh sách sinh viên đã đăng ký sự kiện.
+ Xuất danh sách sinh viên đăng ký ra file Excel.
+ Thực hiện điểm danh thủ công cho sinh viên. Thầy Tuấn cần em hỗ trợ thêm gì không ạ? 🎓",0.9,langchain_agent_v2,cache_rejected_external_api_used
2026-02-24T19:48:57.683332,Minicar,"Dạ thầy Tuấn, em chưa rõ câu hỏi ạ. Thầy Tuấn có thể hỏi lại cụ thể hơn được không ạ? 🙏",0.9,langchain_agent_v2,cache_rejected_external_api_used
2026-02-24T19:49:20.330482,có bao nhiêu đội trong trường mình tham gia cuộc thi Mini car,"Dạ thầy Tuấn, Trường Đại học Bình Dương cử sinh viên đội NexUnIT, Khoa Công nghệ thông tin, Robot và Trí tuệ nhân tạo tham gia vòng chung kết Cuộc thi MTA Automation Competition 2025. Thầy Tuấn cần em hỗ trợ thêm gì không ạ? 🎓",0.9,langchain_agent_v2,cache_rejected_external_api_used
2026-02-24T19:50:25.367894,Cuộc thi mini car,"Dạ thầy Tuấn, Em là trợ lý AI của BDU. Em có thể hỗ trợ về quy định, quy trình và lịch dạy. Thầy Tuấn cần hỏi về điều gì ạ? 🎓",0.9,langchain_agent_v2,cache_rejected_external_api_used
2026-02-24T19:50:32.237566,Cuộc thi mini car racing,"Dạ thầy Tuấn, Em là trợ lý AI của BDU. Em có thể hỗ trợ về quy định, quy trình và lịch dạy. Thầy Tuấn cần hỏi về điều gì ạ? 🎓",0.9,langchain_agent_v2,cache_rejected_external_api_used
2026-02-24T19:50:38.891785,xin chào,"Dạ thầy Tuấn, Em là trợ lý AI của BDU. Em có thể hỗ trợ về quy định, quy trình và lịch dạy. Thầy Tuấn cần hỏi về điều gì ạ? 🎓",0.9,langchain_agent_v2,cache_rejected_external_api_used
2026-02-24T19:50:44.440888,hello,"Dạ thầy Tuấn, Em là trợ lý AI của BDU. Em có thể hỗ trợ về quy định, quy trình và lịch dạy. Thầy Tuấn cần hỏi về điều gì ạ? 🎓",0.9,langchain_agent_v2,cache_rejected_external_api_used
2026-02-24T19:51:20.033281,Nguyễn Thanh Sơn,"Dạ thầy Tuấn, ThS. Nguyễn Thanh Sơn hiện đang công tác và là trưởng khoa công nghệ thông tin tại Trường Đại học Bình Dương ạ. Thầy Tuấn cần em hỗ trợ thêm gì không ạ? 🎓",0.9,langchain_agent_v2,cache_rejected_external_api_used
2026-02-24T19:51:45.781705,ai làm ra cái app này,"Dạ thầy Tuấn, Trung tâm Chuyển đổ số thuộc Viện AIDIT của trường Đại học Bình Dương. Thầy Tuấn cần em hỗ trợ thêm gì không ạ? 🎓",0.9,langchain_agent_v2,cache_rejected_external_api_used
2026-02-24T19:52:04.915972,ai làm ra chatbot,"Dạ thầy Tuấn, Chatbot giảng viên được phát triển bởi: Trung tâm Chuyển đổi số – Binh Duong University. Thầy Tuấn cần em hỗ trợ thêm gì không ạ? 🎓",0.9,langchain_agent_v2,cache_rejected_external_api_used
2026-02-24T19:52:32.910469,Cuộc thi Mini Car Racing - Năm thứ 10 do ai tổ chức?,"Dạ thầy Tuấn, Cuộc thi Mini Car Racing - Năm thứ 10 do Trường Cao đẳng Kỹ thuật Cao Thắng, TP. Hồ Chí Minh tổ chức. Thầy Tuấn cần em hỗ trợ thêm gì không ạ? 🎓",0.9,langchain_agent_v2,cache_rejected_external_api_used
2026-02-24T19:53:14.114291,có bao nhiêu đội thi trong Cuộc thi Mini Car Racing,"Dạ thầy Tuấn, Có 3 giảng viên hướng dẫn: Lê Huy Soạn, Nguyễn Tấn Nhựt, Dương Anh Tuấn. Thầy Tuấn cần em hỗ trợ thêm gì không ạ? 🎓",0.9,langchain_agent_v2,cache_rejected_external_api_used
2026-02-24T20:17:32.969480,thời khóa biểu của tôi,"Dạ thầy Tuấn, tuần bắt đầu 23-02-2026 không có lịch dạy trong hệ thống.
Thầy Tuấn cần em hỗ trợ thêm gì không ạ? 🗓️",0.9,langchain_agent_v2,cache_rejected_external_api_used
2026-02-24T20:18:54.906696,thời khóa biểu tuần sau,"Dạ thầy Tuấn, thời khóa biểu tuần sau của thầy bao gồm:

- Ngày 03/03/2026: Anh văn chuyên ngành CNTT từ tiết 6–10 tại SMARTLAB, nhóm 02.
- Ngày 05/03/2026: Anh văn chuyên ngành CNTT từ tiết 1–5 tại SMARTLAB, nhóm 01.
- Ngày 06/03/2026: Anh văn chuyên ngành CNTT từ tiết 1–5 tại SMARTLAB, nhóm 03.",0.9,langchain_agent_v2,cache_rejected_external_api_used
2026-02-24T21:43:30.222506,Thời khóa biểu,"Dạ thầy Tuấn, tuần bắt đầu 23-02-2026 không có lịch dạy trong hệ thống.
Thầy Tuấn cần em hỗ trợ thêm gì không ạ? 🗓️",0.9,langchain_agent_v2,cache_rejected_external_api_used
2026-02-24T21:54:25.628043,Thời khóa biểu,"Dạ thầy Tuấn, em đã kiểm tra lịch dạy của Thầy Tuấn trong tuần từ 23/02/2026 đến 01/03/2026, Thầy Tuấn không có lịch dạy trong tuần này ạ.
Thầy Tuấn cần em hỗ trợ thêm gì không ạ? 🗓️",0.9,langchain_agent_v2,cache_rejected_external_api_used
2026-02-24T21:54:41.942232,Thời khóa biểu tuần sau,"Dạ thầy Tuấn, em đã kiểm tra lịch dạy của Thầy Tuấn trong tuần từ 02/03/2026 đến 08/03/2026, Thầy Tuấn có lịch dạy như sau ạ:

📅 03-03-2026:
- Anh văn chuyên ngành CNTT | Tiết 6–10 | Phòng: SMARTLAB | Nhóm: 02
📅 05-03-2026:
- Anh văn chuyên ngành CNTT | Tiết 1–5 | Phòng: SMARTLAB | Nhóm: 01
📅 06-03-2026:
- Anh văn chuyên ngành CNTT | Tiết 1–5 | Phòng: SMARTLAB | Nhóm: 03

Thầy Tuấn cần em hỗ trợ thêm gì không ạ? 🗓️",0.9,langchain_agent_v2,cache_rejected_external_api_used
2026-02-24T21:55:09.289939,thời khóa biểu của tôi,"Dạ thầy Tuấn, em đã kiểm tra lịch dạy của Thầy Tuấn trong tuần từ 23/02/2026 đến 01/03/2026, Thầy Tuấn không có lịch dạy trong tuần này ạ.
Thầy Tuấn cần em hỗ trợ thêm gì không ạ? 🗓️",0.9,langchain_agent_v2,cache_rejected_external_api_used
2026-02-24T21:56:53.020555,ban giám hiệu,"Dạ thầy Tuấn, Ban Giám hiệu Trường Đại học Bình Dương nhiệm kỳ 2020–2025 bao gồm: * Hiệu trưởng: GS.TS. Cao Việt Hiếu * Phó Hiệu trưởng Thường trực: TS. Đỗ Đoan Trang * Phó Hiệu trưởng phụ trách nghiên cứu khoa học: PGS.TS. NGƯT. Lê Văn Cường * Phó Hiệu trưởng kiêm Giám đốc Phân hiệu Cà Mau: TS. Trịnh Huỳnh An. Thầy Tuấn cần em hỗ trợ thêm gì không ạ? 🎓",0.9,langchain_agent_v2,cache_rejected_external_api_used
2026-02-24T21:57:01.001772,học phí,"Dạ thầy Tuấn, Nếu đóng học phí toàn khóa một lần thì mức học phí là 60,000,000 đồng/học viên, được giảm 8,000,000 đồng. Thầy Tuấn cần em hỗ trợ thêm gì không ạ? 🎓",0.9,langchain_agent_v2,cache_rejected_external_api_used
2026-02-24T21:57:05.860597,học phí chính quy,"Dạ thầy Tuấn, Lệ phí nhập học trình độ đại học chính quy là 2,000,000 đồng/sinh viên. Thầy Tuấn cần em hỗ trợ thêm gì không ạ? 🎓",0.9,langchain_agent_v2,cache_rejected_external_api_used
2026-02-24T21:57:12.672577,tôi vừa hỏi gì,"Dạ thầy Tuấn, em tìm được thông tin gần nhất, nhưng không chắc đây là điều Thầy Tuấn muốn hỏi:

📌 *Theo Thông báo số 1252 ban hành vào ngày 29/12/2023. Bạn cần báo cáo kết quả xây dựng ngân hàng đề thi kết thúc học phần học kỳ I, năm học 2023–2024 (...*

Thầy Tuấn có thể hỏi cụ thể hơn không ạ? Em sẽ tìm chính xác hơn. 🙏",0.9,langchain_agent_v2,cache_rejected_external_api_used
2026-02-24T21:58:22.304423,học phí ngành công nghê thông tin,"Dạ thầy Tuấn, học phí ngành công nghệ thông tin chưa có thông tin cụ thể trong cơ sở tri thức của trường. Tuy nhiên, nếu bạn cần xuất hóa đơn học phí cho công ty, cần cung cấp đầy đủ thông tin của đơn vị như: Tên Công ty, địa chỉ, mã số thuế và gửi thông tin đến cán bộ quản lý ngay khi nộp học phí. Thầy Tuấn cần em hỗ trợ thêm gì không ạ?",0.9,langchain_agent_v2,cache_rejected_external_api_used
2026-02-24T21:58:59.051069,trường đào tạo bao nhiêu chuyên ngành,"Dạ thầy Tuấn, Hiện tại năm 2025, Trường Đại học Bình Dương đào tạo 18 ngành ở trình độ đại học chính quy, bao gồm: Nhật Bản học; Hàn Quốc học; Công nghệ Thực phẩm; Logistics và Quản lý Chuỗi Cung ứng; Tài chính - Ngân hàng; Luật; Luật Kinh tế; Quản trị Kinh doanh; Công nghệ Thông tin; Công nghệ Kỹ thuật Công trình Xây dựng; Kiến trúc; Ngôn ngữ Anh; Dược học; Kế toán; Công nghệ Kỹ thuật Điện, Điện tử; Công nghệ Kỹ thuật Ô tô; Xã hội học; Hoá dược. Thầy Tuấn cần em hỗ trợ thêm gì không ạ? 🎓",0.9,langchain_agent_v2,cache_rejected_external_api_used
2026-02-24T21:59:49.936153,trường có ngành công nghê thông tin hay không,"Dạ thầy Tuấn, Trường Đại học Bình Dương có ngành Công nghệ thông tin áp dụng cho người đã có bằng tốt nghiệp đại học muốn tiếp tục học ngành này. Em chưa có thông tin về việc tuyển sinh mới cho ngành này. Thầy cần em hỗ trợ thêm gì không ạ?",0.9,langchain_agent_v2,cache_rejected_external_api_used
2026-02-24T22:06:05.224418,hiệu trưởng tên gì,"Dạ thầy Tuấn, hiệu trưởng Trường Đại học Bình Dương là GS.TS. Cao Việt Hiếu.",0.9,langchain_agent_v2,cache_rejected_external_api_used
2026-02-24T22:06:20.110660,vậy Cao Việt Hiếu là ông nào?,"Dạ thầy Tuấn, GS.TS. Cao Việt Hiếu là Hiệu trưởng Trường Đại học Bình Dương. Thầy Tuấn cần em hỗ trợ thêm gì không ạ? 🎓",0.9,langchain_agent_v2,cache_rejected_external_api_used
2026-02-24T22:06:42.574852,phó hiệu trưởng tên gì,"Dạ thầy Tuấn, hiện tại có 2 Phó Hiệu trưởng tại Trường Đại học Bình Dương là Đỗ Đoan Trang và Lê Văn Cường.",0.9,langchain_agent_v2,cache_rejected_external_api_used
2026-02-24T22:08:58.292739,Lê Văn Cường là ai,"Dạ thầy Tuấn, ông Lê Văn Cường là Phó Hiệu trưởng kiêm Trưởng khoa Công nghệ kỹ thuật Ô tô và là Trưởng đoàn tham dự Hội thảo và Quan hệ doanh nghiệp.",0.9,langchain_agent_v2,cache_rejected_external_api_used
2026-02-24T22:23:07.652534,Thời khóa biểu của tôi,"Dạ thầy Tuấn, em đã kiểm tra lịch dạy của Thầy Tuấn trong tuần từ 23/02/2026 đến 01/03/2026, Thầy Tuấn không có lịch dạy trong tuần này ạ.
Thầy Tuấn cần em hỗ trợ thêm gì không ạ? 🗓️",0.9,langchain_agent_v2,cache_rejected_external_api_used
2026-02-24T22:29:07.883446,Ban giám hiệu gồm những ai,"Dạ thầy Tuấn, Ban Giám hiệu Trường Đại học Bình Dương nhiệm kỳ 2020–2025 bao gồm: Hiệu trưởng là GS.TS. Cao Việt Hiếu; Phó Hiệu trưởng Thường trực là TS. Đỗ Đoan Trang; Phó Hiệu trưởng phụ trách nghiên cứu khoa học là PGS.TS. NGƯT. Lê Văn Cường; cùng Phó Hiệu trưởng kiêm Giám đốc Phân hiệu Cà Mau là TS. Trịnh Huỳnh An. Thầy Tuấn cần em hỗ trợ thêm gì không ạ? 🎓",0.9,langchain_agent_v2,cache_rejected_external_api_used
2026-02-24T22:30:06.637803,hiệu trưởng tên gì,"Dạ thầy Tuấn, hiệu trưởng Trường Đại học Bình Dương là GS.TS. Cao Việt Hiếu.",0.9,langchain_agent_v2,cache_rejected_external_api_used
2026-02-24T22:30:15.513119,hiệu trưởng là ai,"Dạ thầy Tuấn, Hiệu trưởng Trường Đại học Bình Dương là  GS.TS. Cao Việt Hiếu. Thầy Tuấn cần em hỗ trợ thêm gì không ạ? 🎓",0.9,langchain_agent_v2,cache_rejected_external_api_used
2026-02-24T22:32:43.381631,phó hiệu trưởng,"Dạ thầy Tuấn, Hiện tại có 2 Phó Hiệu trưởng tại Trường Đại học Bình Dương Đỗ Đoan Trang và thầy Lê Văn Cường. Thầy Tuấn cần em hỗ trợ thêm gì không ạ? 🎓",0.9,langchain_agent_v2,cache_rejected_external_api_used
2026-02-24T22:32:56.266960,ông Cường và bà Trang giữ chức gì trong trường,"Dạ thầy Tuấn, em tìm được thông tin gần nhất, nhưng không chắc đây là điều Thầy Tuấn muốn hỏi:

📌 *Ông Phạm Trần Quang Hưng và bà Lưu Thảo Ly là MC của chương trình.*

Thầy Tuấn có thể hỏi cụ thể hơn không ạ? Em sẽ tìm chính xác hơn. 🙏",0.9,langchain_agent_v2,cache_rejected_external_api_used
2026-02-24T22:33:22.242463,ông Lê Văn Cường và bà Đỗ Đoan Trang giữ chức gì trong trường,"Dạ thầy Tuấn, em tìm được thông tin gần nhất, nhưng không chắc đây là điều Thầy Tuấn muốn hỏi:

📌 *Bà Đỗ Đoan Trang là Phó Hiệu trưởng thường trực - Trưởng ban trong Ban tổ chức lễ tốt nghiệp.*

Thầy Tuấn có thể hỏi cụ thể hơn không ạ? Em sẽ tìm chính xác hơn. 🙏",0.9,langchain_agent_v2,cache_rejected_external_api_used
2026-02-24T22:33:58.717302,vậy còn ông Lê Văn Cường,"Dạ thầy Tuấn, ông Lê Văn Cường là Phó Hiệu trưởng kiêm Trưởng khoa Công nghệ kỹ thuật Ô tô và là Trưởng đoàn tham dự Hội thảo và Quan hệ doanh nghiệp.",0.9,langchain_agent_v2,cache_rejected_external_api_used
2026-02-24T22:34:28.368454,học phí chính quy,"Dạ thầy Tuấn, Lệ phí nhập học trình độ đại học chính quy là 2,000,000 đồng/sinh viên. Thầy Tuấn cần em hỗ trợ thêm gì không ạ? 🎓",0.9,langchain_agent_v2,cache_rejected_external_api_used
2026-02-24T22:35:23.617861,học phí,"Dạ thầy Tuấn, Nếu đóng học phí toàn khóa một lần thì mức học phí là 60,000,000 đồng/học viên, được giảm 8,000,000 đồng. Thầy Tuấn cần em hỗ trợ thêm gì không ạ? 🎓",0.9,langchain_agent_v2,cache_rejected_external_api_used
2026-02-24T22:35:31.799892,học phí chuyên ngành,"Dạ thầy Tuấn, Mức học phí cơ sở ngành, chuyên ngành chỉ có tiết lý thuyết của văn bằng 2 ngành Ngôn ngữ Anh tại Bình Dương là 463.000 đồng/tín chỉ. Thầy Tuấn cần em hỗ trợ thêm gì không ạ? 🎓",0.9,langchain_agent_v2,cache_rejected_external_api_used
2026-02-24T22:36:04.508701,năm thành lập trường là năm bao nhiêu,"Dạ thầy Tuấn, Trường Đại học Bình Dương được thành lập từ năm 1997.",0.9,langchain_agent_v2,cache_rejected_external_api_used
2026-02-24T22:36:34.227526,ngày thành lập trường,"Dạ thầy Tuấn, Trường Đại học Bình Dương được thành lập từ năm 1997 và kỷ niệm 28 năm thành lập trường vào ngày 24/9/2025.",0.9,langchain_agent_v2,cache_rejected_external_api_used
2026-02-24T22:37:29.695819,thầy Hiếu là ai trong trường,"Dạ thầy Tuấn, thông tin từ cơ sở tri thức của Trường Đại học Bình Dương không có cụ thể về người Thầy Hiếu. Em chưa có thông tin về vấn đề này. Thầy Tuấn cần em hỗ trợ thêm gì không ạ? 🎓",0.9,langchain_agent_v2,cache_rejected_external_api_used
2026-02-24T22:37:53.879368,biết ông Cao Việt Hiếu không,"Dạ thầy Tuấn, GS.TS. Cao Việt Hiếu là Hiệu trưởng Trường Đại học Bình Dương.",0.9,langchain_agent_v2,cache_rejected_external_api_used
2026-02-24T22:39:04.262239,5 ông thầy,"Dạ thầy Tuấn, 05 người Thầy trong phương pháp 'Cộng học' tại Trường Đại học Bình Dương bao gồm: Thầy là 'Cha Mẹ', Thầy là 'Thầy/Cô; Bạn bè', Thầy là 'Sách; Tài liệu; Giáo trình; Hội thảo khoa học', Thầy là 'Dr. Google', và Thầy là 'Chính bản thân mình'.",0.9,langchain_agent_v2,cache_rejected_external_api_used
2026-02-24T22:39:30.110818,chương trình đào tạo,"Dạ thầy Tuấn, Chương trình đào tạo của trường được công khai đối với người học trước khi tuyển sinh và khi bắt đầu khóa học; những thay đồi, điều chỉnh liên quan đến chương trình đào tạo được thực hiện theo quy định hiện hành và công bố trước khi áp dụng, không gây tác động bất lợi cho sinh viên. Hình thức công khai: trên website của Nhà trường tại địa chỉ www.bdu.cdu.vn. Thầy Tuấn cần em hỗ trợ thêm gì không ạ? 🎓",0.9,langchain_agent_v2,cache_rejected_external_api_used
2026-02-24T23:04:07.454267,chức năng chấm công sử dụng như nào,"Dạ thầy Tuấn, chức năng chấm công cho phép người dùng theo dõi và quản lý dữ liệu chấm công của mình. Cụ thể:

- Hiển thị số giờ chấm công bằng vân tay.
- Cho phép xem dữ liệu chấm công theo từng tháng.
- Thống kê tổng quan: Tổng ngày công, tổng giờ làm, trung bình giờ/ngày, và ngày làm việc cao nhất.
- Hiển thị chi tiết giờ làm việc theo từng ngày cụ thể.
- Ghi chú công việc: Người dùng có thể thêm ghi chú về công việc đã làm trong một ngày cụ thể.
- Xuất dữ liệu:
  + Cho phép tải file Excel chấm công về máy.
  + Cho phép chia sẻ file Excel (ví dụ: qua Zalo).",0.9,langchain_agent_v2,cache_rejected_external_api_used
2026-02-24T23:05:06.019879,nộp báo cáo kế hoạch ngân hàng đề thi ở đâu,"Dạ thầy Tuấn, Theo Thông báo số 1252 ban hành vào ngày 29/12/2023, bạn cần gửi báo cáo và kế hoạch về Phòng Bảo đảm chất lượng và Khảo thí, Trường Đại học Bình Dương.,Bạn cần gửi báo cáo và kế hoạch về Phòng Bảo đảm chất lượng và Khảo thí, Trường Đại học Bình Dương (áp dụng từ 29/12/2023 đến 15/01/2024). Thầy Tuấn cần em hỗ trợ thêm gì không ạ? 🎓",0.9,langchain_agent_v2,cache_rejected_external_api_used
2026-02-24T23:05:42.951102,hiệu trưởng là ai,"Dạ thầy Tuấn, Hiệu trưởng Trường Đại học Bình Dương là  GS.TS. Cao Việt Hiếu. Thầy Tuấn cần em hỗ trợ thêm gì không ạ? 🎓",0.9,langchain_agent_v2,cache_rejected_external_api_used
2026-02-24T23:06:05.875274,hiệu trưởng tên gì,"Dạ thầy Tuấn, hiệu trưởng Trường Đại học Bình Dương là GS.TS. Cao Việt Hiếu.",0.9,langchain_agent_v2,cache_rejected_external_api_used
2026-02-24T23:06:54.192702,Trường đào tạo bao nhiêu môn,"Dạ thầy Tuấn, Hiện tại năm 2025, Trường Đại học Bình Dương đào tạo 18 ngành ở trình độ đại học chính quy, bao gồm: Nhật Bản học; Hàn Quốc học; Công nghệ Thực phẩm; Logistics và Quản lý Chuỗi Cung ứng; Tài chính - Ngân hàng; Luật; Luật Kinh tế; Quản trị Kinh doanh; Công nghệ Thông tin; Công nghệ Kỹ thuật Công trình Xây dựng; Kiến trúc; Ngôn ngữ Anh; Dược học; Kế toán; Công nghệ Kỹ thuật Điện, Điện tử; Công nghệ Kỹ thuật Ô tô; Xã hội học; Hoá dược. Thầy Tuấn cần em hỗ trợ thêm gì không ạ? 🎓",0.9,langchain_agent_v2,cache_rejected_external_api_used
2026-02-24T23:08:16.653208,Điều kiện để mở lớp là bao nhiêu sinh viên,"Dạ thầy Tuấn, Sĩ số tối thiểu để mở một lớp học phần lý thuyết là 30 sinh viên trở lên. Thầy Tuấn cần em hỗ trợ thêm gì không ạ? 🎓",0.9,langchain_agent_v2,cache_rejected_external_api_used
2026-02-24T23:08:48.031779,Vậy điều kiện để mở lớp thực hành là bao nhiêu sinh viên,"Dạ thầy Tuấn, Lớp lý thuyết tối thiểu 30 sinh viên; lớp thực hành tối thiểu 20 sinh viên. Thầy Tuấn cần em hỗ trợ thêm gì không ạ? 🎓",0.9,langchain_agent_v2,cache_rejected_external_api_used
2026-02-24T23:09:19.976465,Trường được thành lập năm nào,"Dạ thầy Tuấn, Trường Đại học Bình Dương (BDU) được thành lập vào ngày 24 tháng 9 năm 1997 theo quyết định số 791/TTg. Thầy Tuấn cần em hỗ trợ thêm gì không ạ? 🎓",0.9,langchain_agent_v2,cache_rejected_external_api_used
2026-02-24T23:09:42.238726,còn nhớ hiệu trưởng tên gì không,"Dạ thầy Tuấn, em tìm được thông tin gần nhất, nhưng không chắc đây là điều Thầy Tuấn muốn hỏi:

📌 *Phòng Quản lý đào tạo và Công tác sinh viên là đơn vị tham mưu Hiệu trưởng nếu có phát sinh hoặc vướng mắc trong thực hiện Quyết định số 1221/QĐ-ĐHBD....*

Thầy Tuấn có thể hỏi cụ thể hơn không ạ? Em sẽ tìm chính xác hơn. 🙏",0.9,langchain_agent_v2,cache_rejected_external_api_used
2026-02-24T23:10:04.984901,Hiểu trưởng trường đại học Bình Dương,"Dạ thầy Tuấn, Hiệu trưởng đương nhiệm của Trường Đại học Bình Dương là GS.TS. Cao Việt Hiếu. Thầy Tuấn cần em hỗ trợ thêm gì không ạ? 🎓",0.9,langchain_agent_v2,cache_rejected_external_api_used
2026-02-24T23:10:52.946211,vậy còn tuần sau?,"Dạ thầy Tuấn, em chưa rõ câu hỏi ạ. Thầy Tuấn có thể hỏi lại cụ thể hơn được không ạ? 🙏",0.9,langchain_agent_v2,cache_rejected_external_api_used
2026-02-24T23:11:28.128290,thời khóa biểu của tôi,"Dạ thầy Tuấn, em đã kiểm tra lịch dạy của Thầy Tuấn trong tuần từ 23/02/2026 đến 01/03/2026, Thầy Tuấn không có lịch dạy trong tuần này ạ.
Thầy Tuấn cần em hỗ trợ thêm gì không ạ? 🗓️",0.9,langchain_agent_v2,cache_rejected_external_api_used
2026-02-24T23:11:39.319544,còn nhớ tên tôi không,"Dạ thầy Tuấn, em tìm được thông tin gần nhất, nhưng không chắc đây là điều Thầy Tuấn muốn hỏi:

📌 *Nếu sinh viên đăng ký/hủy môn học ngoài thời gian quy định, việc giải quyết sẽ căn cứ theo các văn bản liên quan như đơn đăng ký môn học hoặc quyết đị...*

Thầy Tuấn có thể hỏi cụ thể hơn không ạ? Em sẽ tìm chính xác hơn. 🙏",0.9,langchain_agent_v2,cache_rejected_external_api_used
2026-02-24T23:13:07.690941,trường có nhận đào tạo thạc sĩ không,"Dạ thầy Tuấn, Trường Đại học Bình Dương có nhận đào tạo thạc sĩ. Tuy nhiên, thông tin về quy trình và lệ phí chưa được cung cấp trong cơ sở tri thức hiện tại. Lệ phí nhận bằng tốt nghiệp trình độ thạc sĩ là 1.000.000 đồng/sinh viên. Thầy Tuấn cần thêm thông tin chi tiết không ạ?",0.9,langchain_agent_v2,cache_rejected_external_api_used
2026-02-24T23:14:47.674660,Khi sinh viên đạt giải khuyển khích trong một cuộc thi thì có được trường khen thường hay gì không?,"Dạ thầy Tuấn, khi sinh viên đạt giải khuyển khích trong một cuộc thi thì Trường Đại học Bình Dương sẽ vinh danh và khen thưởng tùy theo thành tích đạt được. Thầy có thể tham khảo thêm thông tin về các chương trình khen thưởng cụ thể từ Ban Quản lý Đào tạo của trường.",0.9,langchain_agent_v2,cache_rejected_external_api_used
2026-02-24T23:15:41.585899,đối tượng được giảm 50% học phí,"Dạ thầy Tuấn, Các đối tượng là nhóm Thủ lĩnh sinh viên, Ban Thường vụ Đoàn trường, Ban Thư ký Hội sinh viên trường được miễn 50% giờ thư viện/học kỳ và miễn học phí môn học kỹ năng kiến tạo thương hiệu bản thân (1 môn/năm học nếu có tổ chức môn học kỹ năng). Thầy Tuấn cần em hỗ trợ thêm gì không ạ? 🎓",0.9,langchain_agent_v2,cache_rejected_external_api_used
2026-02-24T23:17:12.577662,muốn gia hạn học phí khi sinh viên gặp khó khăn,"Dạ thầy Tuấn, Sinh viên phải tải mẫu đơn xin gia hạn học phí tại địa chỉ: https://daotao.bdu.edu.vn/index.php/sinh-vien/van-ban-bieu-mau-cap-nhat-nam-2024-40.html (Biểu mẫu số 13); sinh viên sử dụng email sinh viên để thực hiện đơn gia hạn trực tuyến tại địa chỉ: https://forms.gle/WYfBheGBzEE8WXNaA (thực hiện trong khoảng thời gian từ ngày thông báo đến hết ngày 08/10/2025. Thầy Tuấn cần em hỗ trợ thêm gì không ạ? 🎓",0.9,langchain_agent_v2,cache_rejected_external_api_used
2026-02-24T23:19:11.428634,trường có đào tạo chuyên ngành Công nghệ Ô tô không?,"Dạ thầy Tuấn, Trường Đại học Bình Dương chưa có thông tin về việc đào tạo chuyên ngành Công nghệ Ô tô. Thông tin hiện tại chỉ đề cập đến mức học phí cho Mức 2 (học phần đại cương, cơ sở ngành, chuyên ngành có lý thuyết và thực hành) của ngành Công nghệ kỹ thuật ô tô cho tuyển sinh từ 01/9/2025 tại Bình Dương là 945,000 đồng/tín chỉ. Thầy cần thêm thông tin gì khác không ạ?",0.9,langchain_agent_v2,cache_rejected_external_api_used
2026-02-24T23:20:46.273350,tuyển sinh,"Dạ thầy Tuấn, tuyển sinh này dành cho người đã tốt nghiệp trình độ trung cấp/cao đẳng được dự tuyển và học liên thông lên trình độ đại học theo quy định hiện hành.",0.9,langchain_agent_v2,cache_rejected_external_api_used
2026-02-24T23:21:00.799550,tuyển sinh 2025,"Dạ thầy Tuấn, Thông tin tuyển sinh năm 2025 của Trường Đại học Bình Dương được công bố từ thời điểm trước năm 2025 (đề cập đến thông tin tuyển sinh 2024 để tham khảo) và kéo dài đến trước 17h ngày 22/8 năm 2025 (thời điểm công bố điểm chuẩn dự kiến). Thầy Tuấn cần em hỗ trợ thêm gì không ạ? 🎓",0.9,langchain_agent_v2,cache_rejected_external_api_used
2026-02-24T23:21:29.136633,thời khóa biểu của tôi,"Dạ thầy Tuấn, em đã kiểm tra lịch dạy của Thầy Tuấn trong tuần từ 23/02/2026 đến 01/03/2026, Thầy Tuấn không có lịch dạy trong tuần này ạ.
Thầy Tuấn cần em hỗ trợ thêm gì không ạ? 🗓️",0.9,langchain_agent_v2,cache_rejected_external_api_used
2026-02-24T23:23:14.209671,Phó giám độc phân hiệu cà mau,"Dạ thầy Tuấn, Phân hiệu Trường Đại học Bình Dương tại Cà Mau cần thực hiện nghiêm túc theo tinh thần chung của Nhà trường về nghỉ lễ Quốc khánh 2/9. Em chưa có thông tin chi tiết hơn về vấn đề này. Thầy Tuấn cần em hỗ trợ thêm gì không ạ?",0.9,langchain_agent_v2,cache_rejected_external_api_used
2026-02-24T23:24:25.304029,số tài khoản,"Dạ thầy Tuấn, số tài khoản và ngân hàng để chuyển khoản lệ phí thi lại là: 

- Ngân hàng: BIDV – Chi nhánh Bình Dương
- Số tài khoản: 6506888868
- Tên tài khoản: Trường Đại học Bình Dương",0.9,langchain_agent_v2,cache_rejected_external_api_used
2026-02-24T23:25:26.101022,chuyển khoản đóng học phí qua số tài khoản nào của trường,"Dạ thầy Tuấn, Sinh viên thực hiện chuyển khoản học phí bằng các ứng dụng internet banking của các ngân hàng qua số tài khoản của Trường Đại học Bình Dương. Thầy Tuấn cần em hỗ trợ thêm gì không ạ? 🎓",0.9,langchain_agent_v2,cache_rejected_external_api_used
2026-02-24T23:27:03.763481,đối tượng ưu tiên xét tuyển trình độ thạc sĩ,"Dạ thầy Tuấn, Người dự thi thuộc đối tượng ưu tiên được cộng vào kết quả thi 10 điểm khi xét theo điểm ngoại ngữ (thang điểm 100) nếu không đủ điểm ngoại ngữ theo quy định. Người thuộc nhiều đối tượng ưu tiên chỉ được hưởng chế độ ưu tiên của một đối tượng. Thầy Tuấn cần em hỗ trợ thêm gì không ạ? 🎓",0.9,langchain_agent_v2,cache_rejected_external_api_used
2026-02-24T23:29:37.506669,địa chỉ đại học bình dương,"Dạ thầy Tuấn, địa chỉ của Trường Đại học Bình Dương như sau:

- Cơ sở chính tại Bình Dương: PHÒNG TUYỂN SINH – TRƯỜNG ĐẠI HỌC BÌNH DƯƠNG, số 504 Đại lộ Bình Dương, P. Phú Lợi, Thành phố Hồ Chí Minh. Điện thoại: 0789.269.219 – 0274 6 511 756 – 0274 6 543 616.
- Phân hiệu tại Cà Mau: PHÂN HIỆU TRƯỜNG ĐẠI HỌC BÌNH DƯƠNG - CÀ MAU, Số 3, Lê Thị Riêng, P. Tân Thành, T. Cà Mau.. Điện thoại: 0901.289.750 – 090.289.752 – 0290 6 539 468.",0.9,langchain_agent_v2,cache_rejected_external_api_used
2026-02-24T23:31:12.394371,GPA đạt loại giỏi,"Dạ thầy Tuấn, GPA đạt từ 3,2 đến cận 3,6 theo thang điểm 4 sẽ được xếp loại học lực giỏi.",0.9,langchain_agent_v2,cache_rejected_external_api_used
2026-02-25T11:53:47.599582,thời khóa biểu của tôi,"Dạ thầy Tuấn, em đã kiểm tra lịch dạy của Thầy Tuấn trong tuần từ 23/02/2026 đến 01/03/2026, Thầy Tuấn không có lịch dạy trong tuần này ạ.
Thầy Tuấn cần em hỗ trợ thêm gì không ạ? 🗓️",0.9,langchain_agent_v2,cache_rejected_external_api_used
2026-02-25T11:53:58.748923,thời khóa biểu tuần sau của tôi,"Dạ thầy Tuấn, em đã kiểm tra lịch dạy của Thầy Tuấn trong tuần từ 02/03/2026 đến 08/03/2026, Thầy Tuấn có lịch dạy như sau ạ:

📅 03-03-2026:
- Anh văn chuyên ngành CNTT | Tiết 6–10 | Phòng: SMARTLAB | Nhóm: 02
📅 05-03-2026:
- Anh văn chuyên ngành CNTT | Tiết 1–5 | Phòng: SMARTLAB | Nhóm: 01
📅 06-03-2026:
- Anh văn chuyên ngành CNTT | Tiết 1–5 | Phòng: SMARTLAB | Nhóm: 03

Thầy Tuấn cần em hỗ trợ thêm gì không ạ? 🗓️",0.9,langchain_agent_v2,cache_rejected_external_api_used
2026-02-25T11:55:14.775383,ban giám hiệu,"Dạ thầy Tuấn, Ban Giám hiệu Trường Đại học Bình Dương nhiệm kỳ 2020–2025 bao gồm: * Hiệu trưởng: GS.TS. Cao Việt Hiếu * Phó Hiệu trưởng Thường trực: TS. Đỗ Đoan Trang * Phó Hiệu trưởng phụ trách nghiên cứu khoa học: PGS.TS. NGƯT. Lê Văn Cường * Phó Hiệu trưởng kiêm Giám đốc Phân hiệu Cà Mau: TS. Trịnh Huỳnh An. Thầy Tuấn cần em hỗ trợ thêm gì không ạ? 🎓",0.9,langchain_agent_v2,cache_rejected_external_api_used
2026-02-25T12:04:31.390547,ban giám hiệu,"Dạ thầy Tuấn, Ban Giám hiệu Trường Đại học Bình Dương nhiệm kỳ 2020–2025 bao gồm: * Hiệu trưởng: GS.TS. Cao Việt Hiếu * Phó Hiệu trưởng Thường trực: TS. Đỗ Đoan Trang * Phó Hiệu trưởng phụ trách nghiên cứu khoa học: PGS.TS. NGƯT. Lê Văn Cường * Phó Hiệu trưởng kiêm Giám đốc Phân hiệu Cà Mau: TS. Trịnh Huỳnh An. Thầy Tuấn cần em hỗ trợ thêm gì không ạ? 🎓",0.9,langchain_agent_v2,cache_rejected_external_api_used
2026-02-25T12:05:54.102882,thời khóa biểu của tôi,"Dạ thầy Tuấn, em đã kiểm tra lịch dạy của Thầy Tuấn trong tuần từ 23/02/2026 đến 01/03/2026, Thầy Tuấn không có lịch dạy trong tuần này ạ.
Thầy Tuấn cần em hỗ trợ thêm gì không ạ? 🗓️",0.9,langchain_agent_v2,cache_rejected_external_api_used
2026-02-25T12:06:06.750504,thời khóa biểu tuần sau của tôi,"Dạ thầy Tuấn, em đã kiểm tra lịch dạy của Thầy Tuấn trong tuần từ 02/03/2026 đến 08/03/2026, Thầy Tuấn có lịch dạy như sau ạ:

📅 03-03-2026:
- Anh văn chuyên ngành CNTT | Tiết 6–10 | Phòng: SMARTLAB | Nhóm: 02
📅 05-03-2026:
- Anh văn chuyên ngành CNTT | Tiết 1–5 | Phòng: SMARTLAB | Nhóm: 01
📅 06-03-2026:
- Anh văn chuyên ngành CNTT | Tiết 1–5 | Phòng: SMARTLAB | Nhóm: 03

Thầy Tuấn cần em hỗ trợ thêm gì không ạ? 🗓️",0.9,langchain_agent_v2,cache_rejected_external_api_used
2026-02-25T12:18:08.608705,thời khóa biểu tuần sau của tôi,"Dạ thầy Tuấn, em đã kiểm tra lịch dạy của Thầy Tuấn trong tuần từ 02/03/2026 đến 08/03/2026, Thầy Tuấn có lịch dạy như sau ạ:

📅 03-03-2026:
- Anh văn chuyên ngành CNTT | Tiết 6–10 | Phòng: SMARTLAB | Nhóm: 02
📅 05-03-2026:
- Anh văn chuyên ngành CNTT | Tiết 1–5 | Phòng: SMARTLAB | Nhóm: 01
📅 06-03-2026:
- Anh văn chuyên ngành CNTT | Tiết 1–5 | Phòng: SMARTLAB | Nhóm: 03

Thầy Tuấn cần em hỗ trợ thêm gì không ạ? 🗓️",0.9,langchain_agent_v2,cache_rejected_external_api_used
2026-02-25T12:18:21.535742,thời khóa biểu,"Dạ thầy Tuấn, em đã kiểm tra lịch dạy của Thầy Tuấn trong tuần từ 23/02/2026 đến 01/03/2026, Thầy Tuấn không có lịch dạy trong tuần này ạ.
Thầy Tuấn cần em hỗ trợ thêm gì không ạ? 🗓️",0.9,langchain_agent_v2,cache_rejected_external_api_used
2026-02-25T12:53:36.383792,Chức năng chấm công hoạt động như nào,"Dạ thầy Tuấn, Chức năng này cho phép người dùng theo dõi và quản lý dữ liệu chấm công của mình:
Hiển thị dữ liệu
Hiển thị số giờ chấm công bằng vân tay.
- Cho phép xem dữ liệu chấm công theo từng tháng.
- Thống kê tổng quan: Tổng ngày công, tổng giờ làm, trung bình giờ/ngày, và ngày làm việc cao nhất.
- Hiển thị chi tiết giờ làm việc theo từng ngày cụ thể.
- Ghi chú công việc: Người dùng có thể thêm ghi chú về công việc đã làm trong một ngày cụ thể.
- Xuất dữ liệu
+ Cho phép tải file Excel chấm công về máy.
+ Cho phép chia sẻ file Excel (ví dụ: qua Zalo). Thầy Tuấn cần em hỗ trợ thêm gì không ạ? 🎓",0.9,langchain_agent_v2,cache_rejected_external_api_used
2026-02-25T12:54:37.426209,Hiệu trưởng tên gì,"Dạ thầy Tuấn, hiệu trưởng Trường Đại học Bình Dương là GS.TS. Cao Việt Hiếu.",0.9,langchain_agent_v2,cache_rejected_external_api_used
2026-02-25T12:55:29.355857,Thời khóa biểu,"Dạ thầy Tuấn, em đã kiểm tra lịch dạy của Thầy Tuấn trong tuần từ 23/02/2026 đến 01/03/2026, Thầy Tuấn không có lịch dạy trong tuần này ạ.
Thầy Tuấn cần em hỗ trợ thêm gì không ạ? 🗓️",0.9,langchain_agent_v2,cache_rejected_external_api_used
2026-02-25T12:55:35.249501,Thời khóa biểu của tôi,"Dạ thầy Tuấn, em đã kiểm tra lịch dạy của Thầy Tuấn trong tuần từ 23/02/2026 đến 01/03/2026, Thầy Tuấn không có lịch dạy trong tuần này ạ.
Thầy Tuấn cần em hỗ trợ thêm gì không ạ? 🗓️",0.9,langchain_agent_v2,cache_rejected_external_api_used
2026-02-25T12:55:41.012662,Thời khóa biểu tuần sau của tôi,"Dạ thầy Tuấn, em đã kiểm tra lịch dạy của Thầy Tuấn trong tuần từ 02/03/2026 đến 08/03/2026, Thầy Tuấn có lịch dạy như sau ạ:

📅 03-03-2026:
- Anh văn chuyên ngành CNTT | Tiết 6–10 | Phòng: SMARTLAB | Nhóm: 02
📅 05-03-2026:
- Anh văn chuyên ngành CNTT | Tiết 1–5 | Phòng: SMARTLAB | Nhóm: 01
📅 06-03-2026:
- Anh văn chuyên ngành CNTT | Tiết 1–5 | Phòng: SMARTLAB | Nhóm: 03

Thầy Tuấn cần em hỗ trợ thêm gì không ạ? 🗓️",0.9,langchain_agent_v2,cache_rejected_external_api_used
2026-02-25T12:55:59.820818,Xin chào,"Dạ thầy Tuấn, Em là trợ lý AI của BDU. Em có thể hỗ trợ về quy định, quy trình và lịch dạy. Thầy Tuấn cần hỏi về điều gì ạ? 🎓",0.9,langchain_agent_v2,cache_rejected_external_api_used
2026-02-25T12:56:07.185527,hello,"Dạ thầy Tuấn, Em là trợ lý AI của BDU. Em có thể hỗ trợ về quy định, quy trình và lịch dạy. Thầy Tuấn cần hỏi về điều gì ạ? 🎓",0.9,langchain_agent_v2,cache_rejected_external_api_used
2026-02-25T12:56:16.283248,ádsdvfdgsfg,"Dạ thầy Tuấn, em chưa có thông tin về vấn đề này trong CSDL BDU. Thầy Tuấn có thể liên hệ phòng ban liên quan để được hỗ trợ chi tiết hơn ạ. 🎓",0.9,langchain_agent_v2,cache_rejected_external_api_used
2026-02-25T12:56:27.452905,Hôm nay là thứ mấy,"Dạ thầy Tuấn, em tìm được thông tin gần nhất, nhưng không chắc đây là điều Thầy Tuấn muốn hỏi:

📌 *Thời gian tính số ngày nghỉ phép năm bắt đầu từ ngày 01 tháng 01 và kết thúc vào ngày 31 tháng 12 hàng năm.*

Thầy Tuấn có thể hỏi cụ thể hơn không ạ? Em sẽ tìm chính xác hơn. 🙏",0.9,langchain_agent_v2,cache_rejected_external_api_used
2026-02-25T12:56:46.574392,chương trình đào tạo,"Dạ thầy Tuấn, Chương trình đào tạo của trường được công khai đối với người học trước khi tuyển sinh và khi bắt đầu khóa học; những thay đồi, điều chỉnh liên quan đến chương trình đào tạo được thực hiện theo quy định hiện hành và công bố trước khi áp dụng, không gây tác động bất lợi cho sinh viên. Hình thức công khai: trên website của Nhà trường tại địa chỉ www.bdu.cdu.vn. Thầy Tuấn cần em hỗ trợ thêm gì không ạ? 🎓",0.9,langchain_agent_v2,cache_rejected_external_api_used
2026-02-25T12:57:40.186376,có bao nhiêu chuyên ngành trường đào tạo,"Dạ thầy Tuấn, hiện tại năm 2025, Trường Đại học Bình Dương đào tạo 18 ngành ở trình độ đại học chính quy, bao gồm: Nhật Bản học; Hàn Quốc học; Công nghệ Thực phẩm; Logistics và Quản lý Chuỗi Cung ứng; Tài chính - Ngân hàng; Luật; Luật Kinh tế; Quản trị Kinh doanh; Công nghệ Thông tin; Công nghệ Kỹ thuật Công trình Xây dựng; Kiến trúc; Ngôn ngữ Anh; Dược học; Kế toán; Công nghệ Kỹ thuật Điện, Điện tử; Công nghệ Kỹ thuật Ô tô; Xã hội học; Hoá dược.",0.9,langchain_agent_v2,cache_rejected_external_api_used
2026-02-25T13:17:17.501654,có bao nhiêu chuyên ngành trường đào tạo,"Dạ thầy Tuấn, Trường Đại học Bình Dương hiện tại đào tạo 18 ngành ở trình độ đại học chính quy, bao gồm: Nhật Bản học; Hàn Quốc học; Công nghệ Thực phẩm; Logistics và Quản lý Chuỗi Cung ứng; Tài chính - Ngân hàng; Luật; Luật Kinh tế; Quản trị Kinh doanh; Công nghệ Thông tin; Công nghệ Kỹ thuật Công trình Xây dựng; Kiến trúc; Ngôn ngữ Anh; Dược học; Kế toán; Công nghệ Kỹ thuật Điện, Điện tử; Công nghệ Kỹ thuật Ô tô; Xã hội học; Hoá dược.",0.9,langchain_agent_v2,cache_rejected_external_api_used
2026-02-25T13:17:57.978760,Hiệu trưởng tên gì,"Dạ thầy Tuấn, hiệu trưởng Trường Đại học Bình Dương là GS.TS. Cao Việt Hiếu.",0.9,langchain_agent_v2,cache_rejected_external_api_used
2026-02-25T13:18:56.639801,địa chỉ đại học bình dương,"Dạ thầy Tuấn, địa chỉ của Trường Đại học Bình Dương tại cơ sở chính là số 504 Đại lộ Bình Dương, P. Phú Lợi, Thành phố Hồ Chí Minh. Điện thoại liên hệ: 0789.269.219 – 0274 6 511 756 – 0274 6 543 616.",0.9,langchain_agent_v2,cache_rejected_external_api_used
2026-02-25T13:19:18.545006,Thời khóa biểu của tôi,"Dạ thầy Tuấn, em đã kiểm tra lịch dạy của Thầy Tuấn trong tuần từ 23/02/2026 đến 01/03/2026, Thầy Tuấn không có lịch dạy trong tuần này ạ.
Thầy Tuấn cần em hỗ trợ thêm gì không ạ? 🗓️",0.9,langchain_agent_v2,cache_rejected_external_api_used
2026-02-25T13:20:00.966852,Thời khóa biểu của tôi,"Dạ thầy Tài, em đã kiểm tra lịch dạy của Thầy Tài trong tuần từ 23/02/2026 đến 01/03/2026, Thầy Tài không có lịch dạy trong tuần này ạ.
Thầy Tài cần em hỗ trợ thêm gì không ạ? 🗓️",0.9,langchain_agent_v2,cache_rejected_external_api_used
2026-02-25T13:20:35.125067,học phí,"Dạ thầy Tài, Nếu đóng học phí toàn khóa một lần thì mức học phí là 60,000,000 đồng/học viên, được giảm 8,000,000 đồng. Thầy Tài cần em hỗ trợ thêm gì không ạ? 🎓",0.9,langchain_agent_v2,cache_rejected_external_api_used
2026-02-25T13:20:46.707601,học phí chính quy,"Dạ thầy Tài, Lệ phí nhập học trình độ đại học chính quy là 2,000,000 đồng/sinh viên. Thầy Tài cần em hỗ trợ thêm gì không ạ? 🎓",0.9,langchain_agent_v2,cache_rejected_external_api_used
2026-02-25T13:32:16.683745,ban giám hiệu,"Dạ thầy Tài, Ban Giám hiệu Trường Đại học Bình Dương nhiệm kỳ 2020–2025 bao gồm: * Hiệu trưởng: GS.TS. Cao Việt Hiếu * Phó Hiệu trưởng Thường trực: TS. Đỗ Đoan Trang * Phó Hiệu trưởng phụ trách nghiên cứu khoa học: PGS.TS. NGƯT. Lê Văn Cường * Phó Hiệu trưởng kiêm Giám đốc Phân hiệu Cà Mau: TS. Trịnh Huỳnh An. Thầy Tài cần em hỗ trợ thêm gì không ạ? 🎓",0.9,langchain_agent_v2,cache_rejected_external_api_used
2026-02-25T13:32:26.055958,phó hiệu trưởng,"Dạ thầy Tài, Hiện tại có 2 Phó Hiệu trưởng tại Trường Đại học Bình Dương Đỗ Đoan Trang và thầy Lê Văn Cường. Thầy Tài cần em hỗ trợ thêm gì không ạ? 🎓",0.9,langchain_agent_v2,cache_rejected_external_api_used
2026-02-25T13:35:16.682192,làm sao viết kpi,"Dạ thầy Tài, em tìm được thông tin gần nhất, nhưng không chắc đây là điều Thầy Tài muốn hỏi:

📌 *Thực hiện theo 3 bước:*

Thầy Tài có thể hỏi cụ thể hơn không ạ? Em sẽ tìm chính xác hơn. 🙏",0.9,langchain_agent_v2,cache_rejected_external_api_used
2026-02-25T13:37:15.665159,làm sao để tạo và viết kpi,"Dạ thầy Tài, em tìm được thông tin gần nhất, nhưng không chắc đây là điều Thầy Tài muốn hỏi:

📌 *Thực hiện theo 3 bước:*

Thầy Tài có thể hỏi cụ thể hơn không ạ? Em sẽ tìm chính xác hơn. 🙏",0.9,langchain_agent_v2,cache_rejected_external_api_used
2026-02-25T13:38:45.208677,làm sao để tạo và viết kpi,"Dạ thầy Tài, em tìm được thông tin gần nhất, nhưng không chắc đây là điều Thầy Tài muốn hỏi:

📌 *Thực hiện theo 3 bước:*

Thầy Tài có thể hỏi cụ thể hơn không ạ? Em sẽ tìm chính xác hơn. 🙏",0.9,langchain_agent_v2,cache_rejected_external_api_used
2026-02-25T13:40:07.523636,làm sao để tôi có thể tạo và nhập kpi,"Dạ thầy Tài, để tạo và nhập KPI theo 3 bước:

1. Chọn tháng: Thầy chọn tháng muốn đánh giá KPI.
2. Chọn vai trò: Thầy chọn vai trò tương ứng (cán bộ/giảng viên). Hệ thống sẽ tự sinh bảng KPI phù hợp.
3. Nhập tự đánh giá: Thầy điền các mục được phép nhập. Sau khi hoàn tất, lưu và xuất file nếu cần.",0.9,langchain_agent_v2,cache_rejected_external_api_used
2026-02-25T19:02:09.906195,làm sao để tôi có thể tạo và nhập kpi,"Dạ thầy Tuấn, Thực hiện theo 3 bước:
Chọn tháng
→ Chọn tháng muốn đánh giá KPI.
Chọn vai trò
→ Chọn vai trò tương ứng (cán bộ/giảng viên).
→ Hệ thống sẽ tự sinh bảng KPI phù hợp.
Nhập tự đánh giá
→ Điền các mục được phép nhập.
→ Sau khi hoàn tất, lưu và xuất file nếu cần. Thầy Tuấn cần em hỗ trợ thêm gì không ạ? 🎓",0.9,langchain_agent_v2,cache_rejected_external_api_used
2026-02-25T19:02:26.154243,làm sao để nhập kpi,"Dạ thầy Tuấn, Thực hiện theo 3 bước:
Chọn tháng
→ Chọn tháng muốn đánh giá KPI.
Chọn vai trò
→ Chọn vai trò tương ứng (cán bộ/giảng viên).
→ Hệ thống sẽ tự sinh bảng KPI phù hợp.
Nhập tự đánh giá
→ Điền các mục được phép nhập.
→ Sau khi hoàn tất, lưu và xuất file nếu cần. Thầy Tuấn cần em hỗ trợ thêm gì không ạ? 🎓",0.9,langchain_agent_v2,cache_rejected_external_api_used
2026-02-25T19:02:50.940146,hiệu trưởng là ai,"Dạ thầy Tuấn, Hiệu trưởng Trường Đại học Bình Dương là  GS.TS. Cao Việt Hiếu. Thầy Tuấn cần em hỗ trợ thêm gì không ạ? 🎓",0.9,langchain_agent_v2,cache_rejected_external_api_used
2026-02-25T19:03:01.461944,hiệu trưởng tên gì,"Dạ thầy Tuấn, Hiệu trưởng Trường Đại học Bình Dương là  GS.TS. Cao Việt Hiếu. Thầy Tuấn cần em hỗ trợ thêm gì không ạ? 🎓",0.9,langchain_agent_v2,cache_rejected_external_api_used
2026-02-25T19:03:12.157870,thời khóa biểu của tôi,"Dạ thầy Tuấn, em đã kiểm tra lịch dạy của Thầy Tuấn trong tuần từ 23/02/2026 đến 01/03/2026, Thầy Tuấn không có lịch dạy trong tuần này ạ.
Thầy Tuấn cần em hỗ trợ thêm gì không ạ? 🗓️",0.9,langchain_agent_v2,cache_rejected_external_api_used
2026-02-25T19:03:24.585439,ban giám hiệu,"Dạ thầy Tuấn, Ban Giám hiệu Trường Đại học Bình Dương nhiệm kỳ 2020–2025 bao gồm: * Hiệu trưởng: GS.TS. Cao Việt Hiếu * Phó Hiệu trưởng Thường trực: TS. Đỗ Đoan Trang * Phó Hiệu trưởng phụ trách nghiên cứu khoa học: PGS.TS. NGƯT. Lê Văn Cường * Phó Hiệu trưởng kiêm Giám đốc Phân hiệu Cà Mau: TS. Trịnh Huỳnh An. Thầy Tuấn cần em hỗ trợ thêm gì không ạ? 🎓",0.9,langchain_agent_v2,cache_rejected_external_api_used
2026-02-25T19:08:35.823888,phó hiệu trưởng,"Dạ thầy Tuấn, Hiện tại có 2 Phó Hiệu trưởng tại Trường Đại học Bình Dương Đỗ Đoan Trang và thầy Lê Văn Cường. Thầy Tuấn cần em hỗ trợ thêm gì không ạ? 🎓",0.9,langchain_agent_v2,cache_rejected_external_api_used
2026-02-25T19:08:57.793244,Đỗ Đoan Trang và Lê Văn Cường là ai,"Dạ thầy Tuấn, Là phó hiệu trưởng trường đại học bình dương. Thầy Tuấn cần em hỗ trợ thêm gì không ạ? 🎓",0.9,langchain_agent_v2,cache_rejected_external_api_used
2026-02-25T19:23:15.283693,Tôi tên là ai?,"Dạ thầy Tuấn, Ban Giám hiệu Trường Đại học Bình Dương nhiệm kỳ 2020–2025 bao gồm: * Hiệu trưởng: GS.TS. Cao Việt Hiếu * Phó Hiệu trưởng Thường trực: TS. Đỗ Đoan Trang * Phó Hiệu trưởng phụ trách nghiên cứu khoa học: PGS.TS. NGƯT. Lê Văn Cường * Phó Hiệu trưởng kiêm Giám đốc Phân hiệu Cà Mau: TS. Trịnh Huỳnh An. Thầy Tuấn cần em hỗ trợ thêm gì không ạ? 🎓",0.9,langchain_agent_v2,cache_rejected_external_api_used
2026-02-25T19:23:17.577653,Chức danh của tôi tại trường là gì?,"Dạ thầy Tuấn, Chức năng liên quan đến công tác tài chính của Nhà trường thuộc về Phòng Tài chính - Kế toán. Thầy Tuấn cần em hỗ trợ thêm gì không ạ? 🎓",0.9,langchain_agent_v2,cache_rejected_external_api_used
2026-02-25T19:23:19.913309,Email công vụ của tôi là?,"Dạ thầy Tuấn, File mềm báo cáo công khai phải gửi qua email: tmdan@bdu.edu.vn. Thầy Tuấn cần em hỗ trợ thêm gì không ạ? 🎓",0.9,langchain_agent_v2,cache_rejected_external_api_used
2026-02-25T19:23:22.267704,Số điện thoại của tôi đang lưu trong hệ thống?,"Dạ thầy Tuấn, Số điện thoại liên hệ là (+84) 274 3 871 387 hoặc 0868 508 373. (áp dụng từ 28/6/2024 đến 11/9/2024). Thầy Tuấn cần em hỗ trợ thêm gì không ạ? 🎓",0.9,langchain_agent_v2,cache_rejected_external_api_used
2026-02-25T19:23:24.615630,Tôi công tác ở khoa nào?,"Dạ thầy Tuấn, Phụ trách công tác đào tạo giai đoạn cơ sở ngành, chuyên ngành. Thầy Tuấn cần em hỗ trợ thêm gì không ạ? 🎓",0.9,langchain_agent_v2,cache_rejected_external_api_used
2026-02-25T19:23:26.993307,Mã số giảng viên của tôi là bao nhiêu?,"Dạ thầy Tuấn, Theo danh sách đính kèm, có tổng cộng 5 lớp được phân công Giáo viên chủ nhiệm, Cố vấn học tập trong Quyết định điều chỉnh năm học 2024-2025. Thầy Tuấn cần em hỗ trợ thêm gì không ạ? 🎓",0.9,langchain_agent_v2,cache_rejected_external_api_used
2026-02-25T19:23:29.343512,Trình độ học vấn của tôi trong hệ thống ghi gì?,"Dạ thầy Tuấn, Mục đích của quy trình hủy môn học là hướng dẫn sinh viên các bước thực hiện hủy môn học không rút học phí do môn học thừa (không có trong chương trình đào tạo) so với chương trình đào tạo ngành, chuyên ngành sinh viên đang theo học. Thầy Tuấn cần em hỗ trợ thêm gì không ạ? 🎓",0.9,langchain_agent_v2,cache_rejected_external_api_used
2026-02-25T19:23:33.994119,Bạn có biết tôi đang làm chức vụ gì không?,"Dạ thầy Tuấn, em tìm được thông tin gần nhất, nhưng không chắc đây là điều Thầy Tuấn muốn hỏi:

📌 *Người được phân công nhiệm vụ kiêm nhiệm là Ông Trần Thanh Cơ, hiện đang giữ chức Phó trưởng Phòng Quản lý Đào tạo và Công tác sinh viên.*

Thầy Tuấn có thể hỏi cụ thể hơn không ạ? Em sẽ tìm chính xác hơn. 🙏",0.9,langchain_agent_v2,cache_rejected_external_api_used
2026-02-25T19:23:36.316001,Thầy/cô có biết họ và tên đầy đủ của tôi không?,"Dạ thầy Tuấn, Bản đầy đủ của Quyết định số 285/QĐ-ĐHBD được lưu tại Phòng Quản lý đào tạo và Công tác sinh viên và có thể cung cấp cho giảng viên khi có yêu cầu. Thầy Tuấn cần em hỗ trợ thêm gì không ạ? 🎓",0.9,langchain_agent_v2,cache_rejected_external_api_used
2026-02-25T19:23:45.676971,Thứ mấy tuần sau tôi phải lên lớp?,"Dạ thầy Tuấn, em tìm được thông tin gần nhất, nhưng không chắc đây là điều Thầy Tuấn muốn hỏi:

📌 *Tuần SHCD-SV được phân loại thành 3 đợt: đầu khóa cho sinh viên năm nhất, giữa khóa cho sinh viên năm hai và ba, và cuối khóa cho sinh viên năm cuối.*

Thầy Tuấn có thể hỏi cụ thể hơn không ạ? Em sẽ tìm chính xác hơn. 🙏",0.9,langchain_agent_v2,cache_rejected_external_api_used
2026-02-25T19:31:22.896167,BDU là viết tắt của từ gì,"Dạ thầy Tuấn, Tên tiếng Anh là Faculty of Education and Educational Management, viết tắt là FEEM. Thầy Tuấn cần em hỗ trợ thêm gì không ạ? 🎓",0.9,langchain_agent_v2,cache_rejected_external_api_used
2026-02-25T19:31:36.627967,BDU,"Dạ thầy Tuấn, em chưa rõ câu hỏi ạ. Thầy Tuấn có thể hỏi lại cụ thể hơn được không ạ? 🙏",0.9,langchain_agent_v2,cache_rejected_external_api_used
2026-02-25T19:31:42.157847,xin chào,"Dạ thầy Tuấn, Em là trợ lý AI của BDU. Em có thể hỗ trợ về quy định, quy trình và lịch dạy. Thầy Tuấn cần hỏi về điều gì ạ? 🎓",0.9,langchain_agent_v2,cache_rejected_external_api_used
2026-02-26T13:21:59.416613,ban giám hiệu,"Dạ thầy Tuấn, Ban Giám hiệu Trường Đại học Bình Dương nhiệm kỳ 2020–2025 bao gồm: * Hiệu trưởng: GS.TS. Cao Việt Hiếu * Phó Hiệu trưởng Thường trực: TS. Đỗ Đoan Trang * Phó Hiệu trưởng phụ trách nghiên cứu khoa học: PGS.TS. NGƯT. Lê Văn Cường * Phó Hiệu trưởng kiêm Giám đốc Phân hiệu Cà Mau: TS. Trịnh Huỳnh An. Thầy Tuấn cần em hỗ trợ thêm gì không ạ? 🎓",0.9,langchain_agent_v2,cache_rejected_external_api_used
2026-02-26T13:24:47.087129,hiệu trưởng,"Dạ thầy Tuấn, Hiệu trưởng Trường Đại học Bình Dương là  GS.TS. Cao Việt Hiếu. Thầy Tuấn cần em hỗ trợ thêm gì không ạ? 🎓",0.9,langchain_agent_v2,cache_rejected_external_api_used
2026-02-26T13:24:55.795098,học phí,"Dạ thầy Tuấn, Nếu đóng học phí toàn khóa một lần thì mức học phí là 60,000,000 đồng/học viên, được giảm 8,000,000 đồng. Thầy Tuấn cần em hỗ trợ thêm gì không ạ? 🎓",0.9,langchain_agent_v2,cache_rejected_external_api_used
2026-02-26T13:25:03.727968,học phí chính quy,"Dạ thầy Tuấn, Lệ phí nhập học trình độ đại học chính quy là 2,000,000 đồng/sinh viên. Thầy Tuấn cần em hỗ trợ thêm gì không ạ? 🎓",0.9,langchain_agent_v2,cache_rejected_external_api_used
2026-02-26T13:25:26.207276,thời khóa biểu của tôi,"Dạ thầy Tuấn, em đã kiểm tra lịch dạy của Thầy Tuấn trong tuần từ 23/02/2026 đến 01/03/2026, Thầy Tuấn không có lịch dạy trong tuần này ạ.
Thầy Tuấn cần em hỗ trợ thêm gì không ạ? 🗓️",0.9,langchain_agent_v2,cache_rejected_external_api_used
2026-02-26T13:25:38.418744,thời khóa biểu tuần sau,"Dạ thầy Tuấn, em đã kiểm tra lịch dạy của Thầy Tuấn trong tuần từ 02/03/2026 đến 08/03/2026, Thầy Tuấn có lịch dạy như sau ạ:

📅 03-03-2026:
- Anh văn chuyên ngành CNTT | Tiết 6–10 | Phòng: SMARTLAB | Nhóm: 02
📅 05-03-2026:
- Anh văn chuyên ngành CNTT | Tiết 1–5 | Phòng: SMARTLAB | Nhóm: 01
📅 06-03-2026:
- Anh văn chuyên ngành CNTT | Tiết 1–5 | Phòng: SMARTLAB | Nhóm: 03

Thầy Tuấn cần em hỗ trợ thêm gì không ạ? 🗓️",0.9,langchain_agent_v2,cache_rejected_external_api_used
2026-02-26T13:34:22.147905,hiệu trưởng là ai,"Dạ thầy Tuấn, Hiệu trưởng Trường Đại học Bình Dương là  GS.TS. Cao Việt Hiếu. Thầy Tuấn cần em hỗ trợ thêm gì không ạ? 🎓",0.9,langchain_agent_v2,cache_rejected_external_api_used
2026-02-26T13:34:28.862428,Cao Việt Hiếu,"Dạ thầy Tuấn, GS.TS. Cao Việt Hiếu là Hiệu trưởng Trường Đại học Bình Dương. Thầy Tuấn cần em hỗ trợ thêm gì không ạ? 🎓",0.9,langchain_agent_v2,cache_rejected_external_api_used
