STT,question,answer,Unnamed: 3,Unnamed: 4,category
TB_1252,"Theo Thông báo số 1252, tôi cần thực hiện nhiệm vụ gì liên quan đến ngân hàng đề thi học kỳ I?","Theo Thông báo số 1252, bạn cần báo cáo kết quả xây dựng ngân hàng đề thi kết thúc học phần học kỳ I, năm học 2023–2024.",,,Giảng viên
TB_1252,Thông báo số 1252 có yêu cầu lập kế hoạch cho ngân hàng đề thi học kỳ II không?,"Có. Bạn cần lập kế hoạch xây dựng ngân hàng đề thi kết thúc học phần học kỳ II, năm học 2023–2024 theo yêu cầu trong Thông báo số 1252.",,,Giảng viên
TB_1252,"Theo Thông báo số 1252, tôi cần nộp báo cáo và kế hoạch ngân hàng đề thi tại đâu?","Bạn cần gửi báo cáo và kế hoạch về Phòng Bảo đảm chất lượng và Khảo thí, Trường Đại học Bình Dương.",,,Giảng viên
TB_1252,"Theo Thông báo số 1252, tôi gửi file báo cáo ngân hàng đề thi cho ai phụ trách?","Bạn gửi cho ông Lại Đức Khâm – cán bộ Phòng Bảo đảm chất lượng và Khảo thí, Trường Đại học Bình Dương.",,,Giảng viên
TB_1252,Địa chỉ email để gửi file mềm báo cáo và kế hoạch ngân hàng đề thi theo Thông báo số 1252 là gì?,Bạn gửi file mềm qua địa chỉ email: ldkham@bdu.edu.vn.,,,Giảng viên
TB_1252,Hạn cuối cùng để nộp báo cáo kết quả và kế hoạch xây dựng ngân hàng đề thi theo Thông báo số 1252 là khi nào?,Bạn cần nộp trước ngày 15/01/2024.,,,Giảng viên
TB_1252,Thông báo số 1252 căn cứ trên những văn bản nào của Trường Đại học Bình Dương?,Thông báo số 1252 căn cứ trên Quyết định số 1768/QĐ-ĐHBD ngày 28/12/2022 và Kế hoạch số 750/KH-ĐHBD ngày 09/08/2023 của Trường Đại học Bình Dương.,,,Giảng viên
TB_1252,"Sau khi nộp báo cáo và kế hoạch, đơn vị tôi có cần thực hiện gì thêm theo Thông báo số 1252 không?","Có. Sau khi nộp, các Khoa, Viện, Trung tâm và Phòng chức năng cần tiếp tục phối hợp với Trường để triển khai thực hiện các nội dung xây dựng ngân hàng đề thi theo kế hoạch.",,,Giảng viên
TB_1252,Ai là người ký ban hành Thông báo số 1252 về báo cáo và kế hoạch ngân hàng đề thi?,PGS.TS. Đỗ Đoan Trang – Phó Hiệu trưởng thường trực Trường Đại học Bình Dương là người ký ban hành Thông báo số 1252.,,,Giảng viên
TB_1252,Thông báo số 1252 về báo cáo kết quả và kế hoạch xây dựng ngân hàng đề thi được ban hành vào ngày nào?,Thông báo số 1252 được ban hành vào ngày 29 tháng 12 năm 2023.,,,Giảng viên
TB_746,"Tôi là giảng viên cơ hữu, có phải kê khai nhiệm vụ trong năm học 2023–2024 theo Thông báo số 746 không?","Có. Tất cả giảng viên cơ hữu, giảng viên tập sự và các thành phần cơ hữu của Trường Đại học Bình Dương (bao gồm cơ sở chính và Phân hiệu Cà Mau) đều phải kê khai nhiệm vụ giảng dạy, nghiên cứu khoa học và các nhiệm vụ khác trong năm học 2023–2024 theo Thông báo số 746.",,,Giảng viên
TB_746,Giảng viên thỉnh giảng hoặc giảng viên hợp đồng có phải kê khai nhiệm vụ theo Thông báo số 746 không?,"Không. Theo Thông báo số 746, đối tượng kê khai là giảng viên cơ hữu, giảng viên tập sự và thành phần cơ hữu của Trường Đại học Bình Dương.",,,Giảng viên
TB_746,Tôi thực hiện kê khai nhiệm vụ năm học 2023–2024 theo Thông báo số 746 bằng hình thức nào?,"Bạn kê khai nhiệm vụ giảng dạy, nghiên cứu khoa học và nhiệm vụ khác theo biểu mẫu đính kèm Thông báo số 746. Riêng minh chứng nghiên cứu khoa học, bạn kê khai bổ sung qua liên kết: https://forms.gle/T7RsRUSmBAC8aL7r7.",,,Giảng viên
TB_746,Nội dung kê khai trong năm học 2023–2024 theo Thông báo số 746 gồm những gì?,"Nội dung kê khai gồm: nhiệm vụ giảng dạy (lý thuyết, thực hành, thực tập), nhiệm vụ nghiên cứu khoa học, các nhiệm vụ khác, tổng hợp số giờ nghĩa vụ đã thực hiện và các minh chứng kèm theo theo biểu mẫu đính kèm Thông báo số 746.",,,Giảng viên
TB_746,Thời gian được tính để kê khai nhiệm vụ theo Thông báo số 746 là từ khi nào đến khi nào?,Thời gian tính nhiệm vụ năm học 2023–2024 là từ ngày 01/9/2023 đến hết ngày 31/8/2024.,,,Giảng viên
TB_746,Định mức giờ chuẩn giảng dạy cho năm học 2023–2024 được căn cứ theo văn bản nào?,Theo Quyết định số 2004/QĐ-ĐHBD ngày 26/7/2019 về chế độ làm việc đối với giảng viên cơ hữu Trường Đại học Bình Dương.,,,Giảng viên
TB_746,"Theo Thông báo số 746, đơn vị của tôi cần nộp báo cáo kê khai về đâu và hạn cuối là khi nào?","Đơn vị tổng hợp toàn bộ bản giấy có chữ ký giảng viên và lãnh đạo, kèm danh sách tổng hợp gửi về Phòng Quản lý Đào tạo và Công tác sinh viên trước 16h00 ngày 23/7/2024 (người tiếp nhận: Cô Lê Thanh Cẩm – Tổ trưởng Tổ Giáo vụ). Bản điện tử gửi qua email: daotao@bdu.edu.vn.",,,Giảng viên
TB_746,Nếu giảng viên không kê khai nhiệm vụ năm học 2023–2024 theo Thông báo số 746 thì sẽ bị xử lý như thế nào?,"Nếu giảng viên không kê khai, Nhà trường sẽ xem như không có phát sinh nhiệm vụ trong năm học 2023–2024, thiếu giờ nghĩa vụ và thực hiện các biện pháp xử lý khắc phục theo quy định hiện hành.",,,Giảng viên
TB_746,Phòng nào chịu trách nhiệm xác nhận nhiệm vụ nghiên cứu khoa học theo Thông báo số 746?,"Phòng Quản lý Khoa học và Quan hệ đối ngoại chịu trách nhiệm đối chiếu, xác nhận nhiệm vụ nghiên cứu khoa học trước 16h00 ngày 31/7/2024.",,,Giảng viên
TB_746,Khi nào dữ liệu kê khai nhiệm vụ năm học 2023–2024 sẽ được công khai theo Thông báo số 746?,Phòng Quản lý Đào tạo và Công tác sinh viên sẽ công khai dữ liệu kê khai sơ bộ trên hệ thống Quản lý văn bản nội bộ của Nhà trường trước 16h00 ngày 09/8/2024.,,,Giảng viên
TB_746,"Nếu phát hiện sai sót trong dữ liệu kê khai nhiệm vụ, tôi có thể phản hồi trong thời gian nào theo Thông báo số 746?","Từ ngày 10/8/2024 đến hết ngày 15/8/2024, các đơn vị và cá nhân có thể kiểm tra và phản ánh các khiếu nại liên quan. Sau thời gian này, mọi khiếu nại sẽ không được tiếp nhận.",,,Giảng viên
TB_746,Ai là người ký ban hành Thông báo số 746 về việc thống kê nhiệm vụ giảng viên cơ hữu năm học 2023–2024?,PGS.TS. Đỗ Đoan Trang – Phó Hiệu trưởng thường trực Trường Đại học Bình Dương ký ban hành Thông báo số 746 ngày 03 tháng 7 năm 2024.,,,Giảng viên
TB_676,Tạp chí Khoa học và Công nghệ Trường Đại học Bình Dương hiện đang nhận bài viết cho số xuất bản nào?,Tạp chí Khoa học và Công nghệ Trường Đại học Bình Dương hiện đang nhận bài viết cho số xuất bản Vol.7 No.3 (Quý III năm 2024).,,,Giảng viên
TB_676,Những ai được mời gửi bài viết cho Tạp chí Khoa học và Công nghệ Trường Đại học Bình Dương Vol.7 No.3 (Quý III/2024)?,"Các nhà khoa học, cán bộ nghiên cứu, giảng viên trong và ngoài Trường Đại học Bình Dương đều được mời gửi bài viết cho số xuất bản Vol.7 No.3 (Quý III/2024).",,,Giảng viên
TB_676,Bài viết gửi cho Tạp chí Khoa học và Công nghệ Trường Đại học Bình Dương Vol.7 No.3 cần định dạng file như thế nào?,Định dạng chi tiết của file Word này cần tuân theo thể lệ được đăng trên trang web của Tạp chí tại địa chỉ: https://jst.bdu.edu.vn/index.php/jst/about/submissions.,,,Giảng viên
TB_676,Địa chỉ trang web nào cung cấp thể lệ gửi bài cho Tạp chí Khoa học và Công nghệ Trường Đại học Bình Dương?,Thể lệ gửi bài được đăng tải tại địa chỉ: https://jst.bdu.edu.vn/index.php/jst/about/submissions.,,,Giảng viên
TB_676,Tác giả gửi bài viết cho Tạp chí Khoa học và Công nghệ Trường Đại học Bình Dương Vol.7 No.3 qua email nào?,Tác giả gửi bài viết qua địa chỉ email: jst@bdu.edu.vn.,,,Giảng viên
TB_676,Hạn cuối cùng nhận bài viết cho Tạp chí Khoa học và Công nghệ Trường Đại học Bình Dương Vol.7 No.3 là ngày nào?,Hạn cuối nhận bài viết cho số xuất bản Vol.7 No.3 (Quý III/2024) là đến hết ngày 11/9/2024.,,,Giảng viên
TB_676,"Nếu có thắc mắc về việc gửi bài cho Tạp chí Khoa học và Công nghệ Trường Đại học Bình Dương Vol.7 No.3, tôi có thể liên hệ với ai?",Tác giả có thể liên hệ Ban Biên tập qua email jst@bdu.edu.vn hoặc liên hệ ThS. Lưu Thanh Thảo Trâm – Phòng Quản lý Khoa học và Quan hệ Đối ngoại qua email lttram@bdu.edu.vn.,,,Giảng viên
TB_676,Số điện thoại liên hệ của ThS. Lưu Thanh Thảo Trâm là bao nhiêu?,Số điện thoại liên hệ là (+84) 274 3 871 387 hoặc 0868 508 373.,,,Giảng viên
TB_676,Thông báo về việc nhận bài viết cho Tạp chí Khoa học và Công nghệ Trường Đại học Bình Dương Vol.7 No.3 được ký bởi ai và vào ngày nào?,Thông báo về việc nhận bài viết cho Tạp chí Khoa học và Công nghệ Trường Đại học Bình Dương Vol.7 No.3 được ký bởi: Phó Tổng Biên tập PGS.TS.Lê Văn Cường.,,,Giảng viên
TB_763,Thông báo số 763/TB-ĐHBD về thực hiện khảo sát chất lượng đào tạo năm học 2022-2023 của Trường Đại học Bình Dương được ban hành vào ngày nào?,Thông báo số 763/TB-ĐHBD được ban hành vào ngày 14 tháng 8 năm 2023.,,,Giảng viên
TB_763,Số hiệu của Thông báo thực hiện khảo sát chất lượng đào tạo năm học 2022-2023 của Trường Đại học Bình Dương là bao nhiêu?,Số hiệu của Thông báo là 763/TB-ĐHBD.,,,Giảng viên
TB_763,Mục đích ban hành Thông báo số 763/TB-ĐHBD của Trường Đại học Bình Dương là gì?,Mục đích của Thông báo số 763/TB-ĐHBD là triển khai việc thực hiện khảo sát chất lượng đào tạo bổ sung đối với sinh viên Trường Đại học Bình Dương trong năm học 2022-2023.,,,Giảng viên
TB_763,Đối tượng thực hiện khảo sát chất lượng đào tạo được quy định trong Thông báo số 763/TB-ĐHBD là những ai?,"Đối tượng thực hiện khảo sát là sinh viên đại học chính quy chưa thực hiện khảo sát từ ngày 24/07/2023 đến ngày 27/07/2023, bao gồm: sinh viên học kỳ 2 năm học 2022-2023 thuộc khóa tuyển sinh năm 2021 trở về trước và sinh viên học kỳ 3 năm học 2022-2023 thuộc khóa tuyển sinh năm 2022 (đợt bổ sung).",,,Giảng viên
TB_763,Thời gian thực hiện khảo sát bổ sung được quy định trong Thông báo số 763/TB-ĐHBD là khi nào?,Thời gian thực hiện khảo sát bổ sung là từ ngày 16/08/2023 (thứ Tư) đến ngày 18/08/2023 (thứ Sáu).,,,Giảng viên
TB_763,Hình thức thực hiện khảo sát chất lượng đào tạo theo Thông báo số 763/TB-ĐHBD được quy định như thế nào?,Sinh viên thực hiện khảo sát trực tuyến thông qua Cổng thông tin sinh viên tại địa chỉ sv.bdu.edu.vn.,,,Giảng viên
TB_763,Nếu sinh viên không thực hiện khảo sát chất lượng đào tạo theo Thông báo số 763/TB-ĐHBD thì có được xem điểm học kỳ hay không?,Sinh viên không thực hiện khảo sát sẽ không được xem điểm học kỳ 2 và học kỳ 3 năm học 2022-2023 trên Cổng thông tin sinh viên.,,,Giảng viên
TB_763,Việc không thực hiện khảo sát chất lượng đào tạo theo Thông báo số 763/TB-ĐHBD có ảnh hưởng đến kết quả rèn luyện của sinh viên không?,Có. Sinh viên không thực hiện khảo sát sẽ bị ghi nhận vi phạm và bị trừ điểm trong kết quả đánh giá rèn luyện theo Quy định đánh giá kết quả rèn luyện sinh viên của Trường Đại học Bình Dương.,,,Giảng viên
TB_763,Sinh viên gặp khó khăn khi đăng nhập Cổng thông tin sinh viên để thực hiện khảo sát theo Thông báo số 763/TB-ĐHBD thì liên hệ bộ phận nào?,Sinh viên cần liên hệ bộ phận hỗ trợ tại địa chỉ Email: togiaoevu@bdu.edu.vn để được hỗ trợ kịp thời.,,,Giảng viên
TB_763,Thông báo số 763/TB-ĐHBD về thực hiện khảo sát chất lượng đào tạo được ký ban hành bởi ai?,Thông báo số 763/TB-ĐHBD được ký ban hành bởi Phó Hiệu trưởng Thường trực Trường Đại học Bình Dương – Đỗ Doãn Trang (ký thay Hiệu trưởng).,,,Giảng viên
TB_763,"Thông báo số 763/TB-ĐHBD được gửi đến những đơn vị, bộ phận nào trong Trường Đại học Bình Dương?","Thông báo số 763/TB-ĐHBD được gửi đến Ban Giám hiệu, các Phòng ban, Khoa liên quan để thực hiện; sinh viên để thực hiện; Cổng thông tin điện tử của Trường để đăng tải; đồng thời lưu tại Trung tâm Thông tin - Thư viện và bộ phận H.Nhưng.",,,Giảng viên
TB_494,Thông báo số 494/TB-ĐHBD được ban hành dựa trên quyết định nào của Trường Đại học Bình Dương?,Thông báo số 494/TB-ĐHBD được ban hành dựa trên Quyết định số 868/QĐ-ĐHBD ngày 20 tháng 5 năm 2024 của Hiệu trưởng Trường Đại học Bình Dương.,,,Giảng viên
TB_494,Mục đích chính của Thông báo số 494/TB-ĐHBD về rà soát tiến độ đăng ký môn học và tổ chức kế hoạch đào tạo học kỳ 1 năm học 2024-2025 là gì?,"Mục đích chính của Thông báo số 494/TB-ĐHBD là thu thập thông tin về quá trình đăng ký, tích lũy tín chỉ của sinh viên các khóa, điều chỉnh kế hoạch đào tạo kịp thời, đáp ứng nhu cầu học tập của người học và cải thiện thời gian tốt nghiệp.",,,Giảng viên
TB_494,"Theo Thông báo số 494/TB-ĐHBD, yêu cầu đầu tiên để đạt được mục tiêu rà soát là gì?","Yêu cầu đầu tiên là rà soát chi tiết từng ngành, từng trình độ đào tạo và từng người học để đảm bảo công tác hỗ trợ người học được thực hiện kịp thời.",,,Giảng viên
TB_494,"Theo Thông báo số 494/TB-ĐHBD, kế hoạch đào tạo học kỳ 1 năm học 2024-2025 cần được bố trí như thế nào?",Kế hoạch đào tạo học kỳ 1 năm học 2024-2025 cần được bố trí đúng thời gian quy định.,,,Giảng viên
TB_494,Giai đoạn rà soát ban đầu theo Thông báo số 494/TB-ĐHBD (từ ngày 10/6 đến 24/6/2024) bao gồm những hoạt động gì?,"Giai đoạn rà soát ban đầu bao gồm rà soát tiến độ đăng ký môn học của các lớp, sinh viên, rà soát chương trình đào tạo, lập kế hoạch dự kiến các môn học thực tập, thực tế trong và ngoài trường.",,,Giảng viên
TB_494,"Trong giai đoạn rà soát ban đầu theo Thông báo số 494/TB-ĐHBD, đơn vị thực hiện cần dự trù những nội dung gì?","Đơn vị thực hiện cần dự kiến dự trù cơ sở vật chất, trang thiết bị phục vụ cho công tác giảng dạy và học tập.",,,Giảng viên
TB_494,Các hoạt động liên quan đến bố trí kế hoạch giảng dạy theo Thông báo số 494/TB-ĐHBD sau ngày 24/6/2024 là gì?,"Bao gồm việc bố trí thời khóa biểu dự kiến, mời giảng viên tham gia giảng dạy, gửi kế hoạch về Phòng QLĐT&CTSV, cập nhật dữ liệu lên phần mềm quản lý đào tạo và rà soát, hiệu chỉnh thời khóa biểu (nếu có).",,,Giảng viên
TB_494,"Theo Thông báo số 494/TB-ĐHBD, giảng viên cần cập nhật dữ liệu gì vào phần mềm quản lý đào tạo?",Giảng viên cần cập nhật dữ liệu giảng viên và phương pháp tổ chức giảng dạy cho từng môn học trong học kỳ.,,,Giảng viên
TB_494,"Theo Thông báo số 494/TB-ĐHBD, việc tổ chức đăng ký môn học trực tuyến bắt đầu từ thời điểm nào?",Việc tổ chức đăng ký môn học trực tuyến bắt đầu từ ngày 22 tháng 7 năm 2024 tại Cổng thông tin sinh viên.,,,Giảng viên
TB_494,"Theo Thông báo số 494/TB-ĐHBD, sinh viên khóa tuyển sinh năm 2021 và năm 2022 được phép đăng ký tối đa và tối thiểu bao nhiêu tín chỉ?",Sinh viên khóa tuyển sinh năm 2021 trở về trước được phép đăng ký tối đa 25 tín chỉ và tối thiểu 10 tín chỉ; sinh viên khóa tuyển sinh năm 2022 trở đi được phép đăng ký tối đa 19 tín chỉ và tối thiểu 10 tín chỉ.,,,Giảng viên
TB_494,"Theo Thông báo số 494/TB-ĐHBD, sau giai đoạn đăng ký ban đầu, các hoạt động rà soát và đăng ký bổ sung môn học diễn ra trong khoảng thời gian nào?","Hoạt động rà soát, xử lý dữ liệu đăng ký môn học diễn ra từ ngày 26/7 đến 30/7/2024; đăng ký bổ sung diễn ra từ ngày 1/8 đến 2/8/2024; tiếp tục rà soát dữ liệu đăng ký bổ sung từ ngày 3/8 đến 7/8/2024.",,,Giảng viên
TB_494,"Theo Thông báo số 494/TB-ĐHBD, sinh viên có thể đăng ký bổ sung môn học bằng những hình thức nào?",Sinh viên có thể đăng ký bổ sung môn học trực tuyến tại Cổng thông tin sinh viên hoặc đăng ký bổ sung trực tiếp (offline) nếu có nguyện vọng.,,,Giảng viên
TB_494,Thời điểm sinh viên nộp học phí học kỳ 1 năm học 2024-2025 theo Thông báo số 494/TB-ĐHBD là khi nào?,Sinh viên nộp học phí học kỳ 1 từ ngày 19 tháng 8 năm 2024 đến ngày 9 tháng 9 năm 2024.,,,Giảng viên
TB_494,"Theo Thông báo số 494/TB-ĐHBD, sinh viên khóa tuyển sinh năm 2024 có phải tự đăng ký môn học trong học kỳ đầu tiên không?",Không. Nhà trường sẽ thực hiện đăng ký môn học cho sinh viên khóa tuyển sinh năm 2024 trong học kỳ đầu tiên năm thứ nhất.,,,Giảng viên
TB_494,"Theo Thông báo số 494/TB-ĐHBD, vai trò của các đơn vị đào tạo trong việc thực hiện kế hoạch là gì?",Các đơn vị đào tạo có trách nhiệm chủ động phối hợp với các đơn vị liên quan lên kế hoạch rà soát theo thời gian quy định.,,,Giảng viên
TB_494,"Theo Thông báo số 494/TB-ĐHBD, trách nhiệm chính của Phòng QLĐT&CTSV trong quá trình thực hiện kế hoạch là gì?","Phòng QLĐT&CTSV chịu trách nhiệm tổng hợp thông tin phản hồi từ các đơn vị đào tạo và báo cáo Ban Giám hiệu về tình hình rà soát, thực hiện kế hoạch.",,,Giảng viên
TB_494,"Theo Thông báo số 494/TB-ĐHBD, nếu các đơn vị gặp khó khăn trong quá trình thực hiện thì cần xử lý như thế nào?","Các đơn vị cần trao đổi trực tiếp hoặc gửi văn bản về Phòng QLĐT&CTSV để tổng hợp và báo cáo Hiệu trưởng xem xét, quyết định.",,,Giảng viên
TB_494,Lịch trình chi tiết thực hiện rà soát và tổ chức kế hoạch đào tạo học kỳ 1 năm học 2024-2025 theo Thông báo số 494/TB-ĐHBD diễn ra trong khoảng thời gian nào?,Lịch trình thực hiện kéo dài từ ngày 10 tháng 6 năm 2024 đến ngày 9 tháng 9 năm 2024.,,,Giảng viên
TB_494,Thông báo số 494/TB-ĐHBD nhấn mạnh những yếu tố nào để đảm bảo công tác đào tạo hiệu quả?,"Thông báo nhấn mạnh sự cần thiết của việc thu thập thông tin, điều chỉnh kế hoạch đào tạo theo nhu cầu người học, phối hợp chặt chẽ giữa các đơn vị liên quan và đảm bảo tiến độ đăng ký, học tập của sinh viên.",,,Giảng viên
TB_494,Ai là người ký ban hành Thông báo số 494/TB-ĐHBD?,Thông báo số 494/TB-ĐHBD được ký ban hành bởi Hiệu trưởng Trường Đại học Bình Dương – ông Cao Việt Hiếu.,,,Giảng viên
TB_48,Thông báo số 48/TB-ĐHBD được ban hành vào ngày nào?,Thông báo số 48/TB-ĐHBD được ban hành vào ngày 10 tháng 6 năm 2024.,,,Giảng viên
TB_48,Thông báo số 48/TB-ĐHBD về việc đăng ký dự Lễ tốt nghiệp năm 2023 - đợt 1 do cơ quan nào ban hành?,Thông báo số 48/TB-ĐHBD do Trường Đại học Bình Dương ban hành.,,,Giảng viên
TB_48,Đối tượng áp dụng trong Thông báo số 48/TB-ĐHBD là ai?,"Đối tượng áp dụng là sinh viên các hệ: Đại học chính quy, liên thông, văn bằng 2, cao đẳng của Trường Đại học Bình Dương đã đủ điều kiện công nhận tốt nghiệp.",,,Giảng viên
TB_48,Điều kiện để sinh viên đăng ký tham dự Lễ tốt nghiệp năm 2023 - đợt 1 là gì?,Sinh viên phải thực hiện đăng ký tham dự và nộp đầy đủ lệ phí theo quy định của Trường Đại học Bình Dương.,,,Giảng viên
TB_48,Thời gian đăng ký tham dự Lễ tốt nghiệp năm 2023 - đợt 1 được quy định như thế nào?,"Sinh viên đăng ký tham dự Lễ tốt nghiệp từ ngày 13/02/2023 đến hết ngày 21/02/2023, vào các khung giờ: sáng 08h00-11h00, chiều 14h00-17h00 (trừ Chủ nhật và các ngày lễ).",,,Giảng viên
TB_48,Lễ tốt nghiệp năm 2023 - đợt 1 dự kiến được tổ chức vào thời gian nào?,"Lễ tốt nghiệp dự kiến tổ chức vào sáng ngày 04/03/2023 (Thứ Bảy), bắt đầu từ 07h45 tại Nhà hát sinh viên (Hội trường I, Lầu IV, tòa nhà A).",,,Giảng viên
TB_48,Sinh viên phải có mặt tại địa điểm tổ chức lễ vào thời điểm nào?,Sinh viên phải có mặt từ 07h45 để ổn định chỗ ngồi và điểm danh trước khi bắt đầu buổi lễ.,,,Giảng viên
TB_48,Hình thức đăng ký tham dự Lễ tốt nghiệp năm 2023 - đợt 1 được thực hiện như thế nào?,"Sinh viên đăng ký tham dự bằng cách liên hệ trực tiếp phòng Quản lý Đào tạo và Công tác Sinh viên (QLĐT&CTSV), có thể nhờ người thân, bạn bè đến đăng ký và nộp lệ phí trực tiếp.",,,Giảng viên
TB_48,Mức lệ phí tham dự Lễ tốt nghiệp và thuê lễ phục là bao nhiêu?,"Mức lệ phí tham dự Lễ tốt nghiệp và thuê lễ phục là 500.000 đồng, trong đó bao gồm tiền đặt cọc 200.000 đồng sẽ được hoàn trả sau khi trả lại lễ phục nguyên vẹn.",,,Giảng viên
TB_48,Lệ phí tham dự Lễ tốt nghiệp được nộp theo hình thức nào?,"Sinh viên phải nộp lệ phí trực tiếp tại thời điểm đăng ký, không chấp nhận hình thức chuyển khoản.",,,Giảng viên
TB_48,Sinh viên có được chụp hình chân dung khi đăng ký tham dự Lễ tốt nghiệp không?,"Có, sinh viên đã đăng ký sẽ được Nhà trường chụp hình chân dung trong lễ phục tốt nghiệp để phục vụ trình chiếu trong buổi lễ.",,,Giảng viên
TB_48,Nếu sinh viên không hoàn trả lễ phục đúng hạn thì tiền đặt cọc có được hoàn lại không?,"Không, nếu sinh viên không hoàn trả lễ phục theo thời gian quy định thì sẽ không được nhận lại tiền đặt cọc; khoản tiền này được dùng để may lễ phục mới.",,,Giảng viên
TB_48,Mức lệ phí nhận bằng chính thức của sinh viên là bao nhiêu?,Mức lệ phí nhận bằng chính thức là 1.000.000 đồng.,,,Giảng viên
TB_48,Thông tin tài khoản ngân hàng của Trường Đại học Bình Dương để sinh viên nộp lệ phí nhận bằng là gì?,Tên tài khoản: Trường Đại học Bình Dương; số tài khoản: 65010006888868 tại Ngân hàng BIDV - Chi nhánh Bình Dương.,,,Giảng viên
TB_48,Nội dung sinh viên cần ghi khi chuyển khoản lệ phí nhận bằng chính thức là gì?,Nội dung chuyển khoản: [MSSV] [Họ và tên] LPTN. Ví dụ: 1234567 Nguyen Van A LPTN.,,,Giảng viên
TB_48,Việc đăng ký tham dự Lễ tốt nghiệp năm 2023 - đợt 1 có bắt buộc không?,"Việc đăng ký tham dự Lễ tốt nghiệp là tự nguyện, sinh viên không bắt buộc phải tham gia.",,,Giảng viên
TB_48,Sinh viên không tham dự đợt 1 có thể tham dự các đợt sau không?,"Có, sinh viên có thể đăng ký tham gia các đợt sau nếu Nhà trường có thông báo kế hoạch tổ chức.",,,Giảng viên
TB_48,"Tại buổi Lễ tốt nghiệp, sinh viên có nhận bằng chính thức không?","Không, tại buổi Lễ tốt nghiệp chỉ trao bằng tượng trưng; sinh viên nhận bằng chính thức sau khi kết thúc buổi lễ.",,,Giảng viên
TB_48,Thời gian hoàn trả lễ phục tốt nghiệp được quy định như thế nào?,Sinh viên hoàn trả lễ phục vào sáng ngày 04/03/2023 hoặc sáng ngày 11/03/2023.,,,Giảng viên
TB_48,Sinh viên đạt thành tích học tập xuất sắc nhận bằng khen chính thức khi nào?,Sinh viên nhận bằng khen tượng trưng trên sân khấu; sau buổi lễ liên hệ phòng QLĐT&CTSV để nhận bằng khen chính thức.,,,Giảng viên
TB_48,Sinh viên đăng ký tham dự Lễ nhận bằng chính thức sau buổi lễ tại thời điểm nào?,Sinh viên đã đăng ký tham dự nhận bằng chính thức ngay sau khi kết thúc buổi lễ tại phòng QLĐT&CTSV (gặp thầy Lâm Tuấn Tài).,,,Giảng viên
TB_48,Nếu sinh viên không tham dự Lễ tốt nghiệp thì thời gian nhận bằng chính thức là khi nào?,Sinh viên không tham dự lễ sẽ nhận bằng vào thứ Ba và thứ Năm hàng tuần.,,,Giảng viên
TB_48,Kênh liên hệ hỗ trợ thông tin về Thông báo số 48/TB-ĐHBD là gì?,Sinh viên liên hệ phòng QLĐT&CTSV qua email: daotao@bdu.edu.vn để được hỗ trợ.,,,Giảng viên
TB_48,Ai là người ký ban hành Thông báo số 48/TB-ĐHBD?,Thông báo số 48/TB-ĐHBD do Phó Hiệu trưởng Thường trực Đỗ Doan Trang ký ban hành.,,,Giảng viên
TB_1333,Mục đích của Thông báo số 1333/TB-ĐHBD là gì?,"Mục đích của Thông báo số 1333/TB-ĐHBD là yêu cầu các Khoa, Viện và đơn vị liên quan thuộc Trường Đại học Bình Dương báo cáo danh mục ngành và chuyên ngành đào tạo chính quy phục vụ công tác tuyển sinh năm 2025.",,,Giảng viên
TB_1333,Đối tượng nào phải thực hiện báo cáo danh mục ngành và chuyên ngành đào tạo theo Thông báo số 1333/TB-ĐHBD?,"Các Khoa, Viện và các đơn vị trực thuộc Trường Đại học Bình Dương.",,,Giảng viên
TB_1333,Nội dung báo cáo danh mục ngành và chuyên ngành đào tạo yêu cầu theo biểu mẫu nào?,"Nội dung báo cáo thực hiện theo mẫu đính kèm Thông báo số 1333/TB-ĐHBD, bao gồm các cột: STT, Đơn vị quản lý, Ngành đào tạo, Mã ngành, Chuyên ngành đào tạo và Mã chuyên ngành.",,,Giảng viên
TB_1333,Hạn cuối cùng để gửi báo cáo theo Thông báo số 1333/TB-ĐHBD là khi nào?,Chậm nhất là ngày 31/10/2024.,,,Giảng viên
TB_1333,Đơn vị nào tiếp nhận báo cáo danh mục ngành và chuyên ngành đào tạo theo Thông báo số 1333/TB-ĐHBD?,Phòng Tuyển sinh Trường Đại học Bình Dương.,,,Giảng viên
TB_1333,Thông tin liên hệ để gửi báo cáo cho Phòng Tuyển sinh là gì?,"Liên hệ Cô Đoàn Minh Thảo, Trưởng phòng Tuyển sinh, số điện thoại 0919 010 203.",,,Giảng viên
TB_1333,Thông báo số 1333/TB-ĐHBD yêu cầu các đơn vị triển khai công việc này như thế nào?,Thông báo yêu cầu các đơn vị nghiêm túc triển khai thực hiện báo cáo danh mục ngành và chuyên ngành đào tạo đúng hạn.,,,Giảng viên
TB_1333,Danh mục ngành và chuyên ngành đào tạo được báo cáo theo Thông báo số 1333/TB-ĐHBD có phải là danh mục chính thức cho năm 2025 không?,Không. Danh mục này chỉ mang tính chất tham khảo và được ghi chú là thông tin 'chưa chính thức năm 2025'.,,,Giảng viên
TB_1333,Danh sách các lĩnh vực ngành đào tạo được liệt kê tham khảo trong mẫu báo cáo bao gồm những ngành nào?,"Bao gồm các lĩnh vực: Châu Á học, Ngôn ngữ, Xã hội học, Dược học, Hóa học, Công nghệ Thực phẩm, Quản trị Kinh doanh, Kế toán, Luật Kinh tế, Luật, Logistics và Chuỗi cung ứng, Công nghệ Kỹ thuật Ô tô, Công nghệ Thông tin, Công nghệ Kỹ thuật Điện - Điện tử, Công nghệ Kỹ thuật Công trình Xây dựng, Kiến trúc.",,,Giảng viên
TB_1333,Ai là người ký ban hành Thông báo số 1333/TB-ĐHBD?,"PGS.TS. Đỗ Đoàn Trang, Phó Hiệu trưởng thường trực Trường Đại học Bình Dương.",,,Giảng viên
TB_1333,Ngày ban hành Thông báo số 1333/TB-ĐHBD là khi nào?,Ngày 28 tháng 10 năm 2024.,,,Giảng viên
TB_313,Thông báo số 313/TB-ĐHBD được ban hành dựa trên căn cứ pháp lý nào?,Thông báo số 313/TB-ĐHBD được ban hành căn cứ vào Quyết định số 551/QĐ-ĐHBD ngày 30 tháng 7 năm 2018 của Hiệu trưởng Trường Đại học Bình Dương về việc ban hành Quy chế đánh giá kết quả rèn luyện sinh viên hệ đại học chính quy.,,,Giảng viên
TB_313,Mục đích của Thông báo số 313/TB-ĐHBD là gì?,Mục đích của Thông báo số 313/TB-ĐHBD là hướng dẫn triển khai việc đánh giá bổ sung kết quả rèn luyện sinh viên học kỳ 1 năm học 2023 - 2024 cho những sinh viên chưa thực hiện đánh giá ở đợt trước.,,,Giảng viên
TB_313,Những sinh viên nào thuộc diện phải thực hiện đánh giá bổ sung theo Thông báo số 313/TB-ĐHBD?,"Đối tượng thực hiện đánh giá bổ sung bao gồm sinh viên chưa thực hiện đánh giá đợt 1 học kỳ 1 năm học 2023 - 2024, thuộc các khóa tuyển sinh năm 2023, 2022, 2021, 2020 (tất cả các ngành), và năm 2019 (chỉ đối với ngành Kiến trúc, Dược học).",,,Giảng viên
TB_313,Sinh viên thực hiện tự đánh giá kết quả rèn luyện trên hệ thống vào thời gian nào?,Sinh viên thực hiện tự đánh giá kết quả rèn luyện trên Cổng thông tin sinh viên (sv.bdu.edu.vn) trong thời gian từ ngày 15/04/2024 đến ngày 20/04/2024.,,,Giảng viên
TB_313,"Nhiệm vụ của Giáo viên chủ nhiệm, Cố vấn học tập và Quản nhiệm sinh viên trong giai đoạn từ 22/04/2024 đến 24/04/2024 là gì?","Trong thời gian từ 22/04/2024 đến 24/04/2024, Giáo viên chủ nhiệm, Cố vấn học tập và Quản nhiệm sinh viên tổ chức họp Ban cán sự lớp để xem xét, thông qua mức điểm rèn luyện của từng sinh viên và lập biên bản họp đánh giá.",,,Giảng viên
TB_313,Thời gian Hội đồng Khoa tiến hành xét duyệt kết quả rèn luyện sinh viên theo Thông báo số 313/TB-ĐHBD là khi nào?,Hội đồng Khoa tiến hành họp xét duyệt kết quả rèn luyện sinh viên cấp Khoa trong thời gian từ ngày 25/04/2024 đến ngày 27/04/2024.,,,Giảng viên
TB_313,Các Khoa phải hoàn tất việc gửi hồ sơ đánh giá rèn luyện về Phòng Quản lý Đào tạo và Công tác Sinh viên trong khoảng thời gian nào?,Các Khoa gửi hồ sơ đánh giá (gồm file mềm và file văn bản có chữ ký xác nhận của Ban chủ nhiệm Khoa/Viện) về Phòng Quản lý Đào tạo và Công tác Sinh viên từ ngày 29/04/2024 đến ngày 07/05/2024.,,,Giảng viên
TB_313,Hồ sơ đánh giá rèn luyện gửi về Phòng Quản lý Đào tạo và Công tác Sinh viên bao gồm những thành phần gì?,"Hồ sơ đánh giá bao gồm file mềm (word, excel) và file văn bản có chữ ký xác nhận của Ban chủ nhiệm Khoa/Viện, kèm theo các biểu mẫu văn bản đính kèm trong Thông báo số 313/TB-ĐHBD.",,,Giảng viên
TB_313,Địa chỉ email tiếp nhận file mềm hồ sơ đánh giá rèn luyện là gì?,File mềm hồ sơ đánh giá rèn luyện được gửi về địa chỉ email: daotao@bdu.edu.vn.,,,Giảng viên
TB_313,Kết quả điểm rèn luyện sinh viên học kỳ 1 năm học 2023 - 2024 được sử dụng cho mục đích gì?,"Kết quả điểm rèn luyện được sử dụng làm căn cứ để xét điều kiện học tiếp, xét tốt nghiệp, xét khen thưởng năm học và xét học bổng (nếu có) cho sinh viên.",,,Giảng viên
TB_313,"Trong trường hợp có vướng mắc khi thực hiện đánh giá rèn luyện, các cá nhân và đơn vị liên hệ với bộ phận nào để được hỗ trợ?","Sinh viên, các Khoa, Giáo viên chủ nhiệm, Cố vấn học tập, Quản nhiệm sinh viên và Ban cán sự các lớp liên hệ qua email daotao@bdu.edu.vn để được Phòng Quản lý Đào tạo và Công tác Sinh viên hỗ trợ kịp thời.",,,Giảng viên
TB_313,Danh sách sinh viên cần đánh giá bổ sung kèm theo Thông báo số 313/TB-ĐHBD gồm bao nhiêu sinh viên?,"Danh sách đính kèm Thông báo số 313/TB-ĐHBD bao gồm 778 sinh viên chưa thực hiện đánh giá rèn luyện, tất cả đều có ghi chú 'SV không đánh giá'.",,,Giảng viên
TB_313,Thông báo số 313/TB-ĐHBD được ban hành vào ngày nào?,Thông báo số 313/TB-ĐHBD được ban hành vào ngày 15 tháng 4 năm 2024.,,,Giảng viên
TB_313,Cơ quan nào ban hành Thông báo số 313/TB-ĐHBD?,Thông báo số 313/TB-ĐHBD do Trường Đại học Bình Dương ban hành.,,,Giảng viên
KH_386,Mục đích tổ chức Lễ tốt nghiệp năm 2023 (đợt 2) của Trường Đại học Bình Dương là gì?,"Mục đích của Lễ tốt nghiệp năm 2023 (đợt 2) là ghi nhận và tôn vinh học viên, sinh viên sau thời gian học tập và rèn luyện tại Trường Đại học Bình Dương, đồng thời tổ chức buổi lễ trang trọng, ấn tượng, tinh gọn thủ tục nhưng vẫn đảm bảo tính trang trọng.",,,Giảng viên
KH_386,Những đối tượng nào được tham gia Lễ tốt nghiệp năm 2023 (đợt 2) của Trường Đại học Bình Dương?,"Đối tượng tham gia bao gồm: nghiên cứu sinh, học viên cao học, sinh viên xét và được công nhận tốt nghiệp đợt 1 năm 2023; học viên cao học, sinh viên tốt nghiệp các đợt trước năm 2023 nhưng chưa tham dự các lễ tốt nghiệp trước đó.",,,Giảng viên
KH_386,Lễ tốt nghiệp năm 2023 (đợt 2) của Trường Đại học Bình Dương được tổ chức vào thời gian và địa điểm nào?,"Lễ tốt nghiệp được tổ chức vào sáng ngày 10/6/2023 (thứ Bảy), tại Nhà hát sinh viên (Hội trường I, lầu IV khu A), Trường Đại học Bình Dương.",,,Giảng viên
KH_386,Thành phần Ban chỉ đạo Lễ tốt nghiệp năm 2023 (đợt 2) của Trường Đại học Bình Dương gồm những ai?,"Ban chỉ đạo gồm: Ông Cao Việt Hiếu (Hiệu trưởng - Trưởng ban), Bà Đỗ Đoan Trang (Phó Hiệu trưởng thường trực - Phó Trưởng ban thường trực), Ông Lê Văn Cường (Phó Hiệu trưởng - Phó Trưởng ban).",,,Giảng viên
KH_386,Ai là thành phần Ban tổ chức Lễ tốt nghiệp năm 2023 (đợt 2) của Trường Đại học Bình Dương?,"Ban tổ chức gồm: Bà Đỗ Đoan Trang (Phó Hiệu trưởng thường trực - Trưởng ban), cùng đại diện lãnh đạo các phòng: Phòng QLĐT&CTSV, Phòng BĐCL&KT, Phòng Tổng hợp, Phòng Nhân viên, Phòng Kế toán và Bí thư Đoàn Thanh niên.",,,Giảng viên
KH_386,Thành phần tham dự Lễ tốt nghiệp năm 2023 (đợt 2) bao gồm những đối tượng nào?,"Thành phần tham dự gồm: khách mời, cán bộ, nhân viên, giảng viên Trường Đại học Bình Dương, cựu học viên, sinh viên đã tốt nghiệp các khóa và có đăng ký tham dự buổi lễ.",,,Giảng viên
KH_386,Lễ tốt nghiệp năm 2023 (đợt 2) bắt đầu với hoạt động gì và vào khung giờ nào?,Lễ tốt nghiệp bắt đầu với việc ổn định vị trí chỗ ngồi và hướng dẫn nhận bằng trên sân khấu từ 06h45 đến 07h30.,,,Giảng viên
KH_386,Chương trình văn nghệ chào mừng và giới thiệu công tác tuyển sinh năm 2023 diễn ra khi nào?,Chương trình văn nghệ chào mừng và giới thiệu công tác tuyển sinh năm 2023 diễn ra từ 07h30 đến 08h00.,,,Giảng viên
KH_386,"Việc công bố Quyết định khen thưởng sinh viên xuất sắc, giỏi toàn khóa học diễn ra vào thời gian nào?","Việc công bố Quyết định khen thưởng sinh viên xuất sắc, giỏi toàn khóa học diễn ra vào 08h35.",,,Giảng viên
KH_386,Trao bằng tốt nghiệp cho sinh viên được tiến hành vào thời điểm nào?,Việc trao bằng tốt nghiệp được tiến hành vào lúc 09h10.,,,Giảng viên
KH_386,Lễ bế mạc Lễ tốt nghiệp năm 2023 (đợt 2) dự kiến diễn ra vào lúc nào?,Lễ bế mạc dự kiến diễn ra vào lúc 11h00.,,,Giảng viên
KH_386,Nhiệm vụ của các Khoa/Viện/Trung tâm trong công tác tổ chức Lễ tốt nghiệp năm 2023 (đợt 2) là gì?,"Các Khoa/Viện/Trung tâm có nhiệm vụ thông báo cho cựu học viên, sinh viên; cung cấp danh sách người trao bằng; ổn định vị trí, điểm danh sinh viên; quản lý việc nhận/trả lễ phục và hướng dẫn sinh viên lên sân khấu nhận bằng.",,,Giảng viên
KH_386,Phòng QLĐT&CTSV có những nhiệm vụ gì trong công tác tổ chức Lễ tốt nghiệp năm 2023 (đợt 2)?,"Phòng QLĐT&CTSV chịu trách nhiệm: hướng dẫn đăng ký tham dự, tổ chức thuê lễ phục, chụp ảnh chân dung từ 24/5/2023 - 06/6/2023, thu hồi lễ phục từ 10/6/2023 - 17/6/2023, hoàn tất danh sách khen thưởng, xây dựng kịch bản tổng thể buổi lễ, bố trí sơ đồ chỗ ngồi, phối hợp chuẩn bị tài liệu, giấy khen, bằng tốt nghiệp.",,,Giảng viên
KH_386,Thời gian thực hiện thuê lễ phục tốt nghiệp và chụp ảnh chân dung cho Lễ tốt nghiệp năm 2023 (đợt 2) là khi nào?,Từ ngày 24/5/2023 đến ngày 06/6/2023.,,,Giảng viên
KH_386,Địa điểm chụp ảnh chân dung tốt nghiệp của sinh viên Trường Đại học Bình Dương là ở đâu?,Sinh viên chụp ảnh chân dung tại Studio Trường Đại học Bình Dương (cổng sau Trường).,,,Giảng viên
KH_386,Phòng Tổng hợp đảm nhiệm những nhiệm vụ gì trong công tác tổ chức Lễ tốt nghiệp năm 2023 (đợt 2)?,"Phòng Tổng hợp đảm nhiệm: liên hệ cán bộ giảng viên, bố trí nhân sự âm thanh ánh sáng, phối hợp thủ tục trao bằng, in giấy khen, chuẩn bị khách mời, bàn đại biểu, nước, hoa, lập dự trù kinh phí và phối hợp kiểm tra an ninh.",,,Giảng viên
KH_386,Phòng Ban Thông tin - Truyền thông có nhiệm vụ gì trong Lễ tốt nghiệp năm 2023 (đợt 2)?,"Phòng Ban Thông tin - Truyền thông chịu trách nhiệm: đưa tin sự kiện lên các kênh truyền thông của Trường, chủ trì công tác chụp ảnh, lưu trữ dữ liệu, thiết kế thư mời, trình chiếu video giới thiệu hoạt động của Nhà trường.",,,Giảng viên
KH_386,Phòng Tài chính - Kế toán thực hiện những công việc gì liên quan đến kinh phí và lệ phí tốt nghiệp trong Lễ tốt nghiệp năm 2023 (đợt 2)?,Phòng Tài chính - Kế toán trình phê duyệt chi phí liên quan đến tổ chức buổi lễ và thu lệ phí nhận bằng tốt nghiệp theo quy định từ ngày 24/5/2023 đến ngày 10/6/2023.,,,Giảng viên
KH_386,Đoàn Thanh niên đảm nhiệm những nhiệm vụ gì trong Lễ tốt nghiệp năm 2023 (đợt 2)?,"Đoàn Thanh niên phối hợp tuyên truyền ý nghĩa buổi lễ, tổ chức chương trình văn nghệ chào mừng, hỗ trợ chuẩn bị lễ tân sân khấu và điều phối cựu sinh viên phát biểu.",,,Giảng viên
KH_386,Tiến độ thực hiện các công tác chuẩn bị cho Lễ tốt nghiệp năm 2023 (đợt 2) trong ngày 23-24/5/2023 là gì?,"Trong hai ngày 23-24/5/2023, các đơn vị hoàn tất thông báo đăng ký tham dự lễ và công bố kế hoạch truyền thông cho sự kiện.",,,Giảng viên
KH_386,Các công tác chuẩn bị diễn ra trong giai đoạn từ ngày 02/6/2023 đến 07/6/2023 bao gồm những việc gì?,"Giai đoạn từ 02/6/2023 đến 07/6/2023: tổng hợp danh sách khen thưởng, kiểm tra cơ sở vật chất, tổng duyệt chương trình, hoàn thiện kịch bản, in bằng khen và chuẩn bị các nội dung lễ tân.",,,Giảng viên
KH_386,Sinh viên cần lưu ý những gì khi tham gia Lễ tốt nghiệp năm 2023 (đợt 2)?,"Sinh viên cần đến đúng giờ, mặc trang phục phù hợp, hoàn thành các khoản lệ phí, trả lễ phục đúng hạn và mang đầy đủ giấy tờ tùy thân khi nhận bằng tốt nghiệp.",,,Giảng viên
KH_386,Ai là người ký duyệt Kế hoạch tổ chức Lễ tốt nghiệp năm 2023 (đợt 2) của Trường Đại học Bình Dương?,PGS.TS. Đỗ Đoan Trang - Phó Hiệu trưởng thường trực Trường Đại học Bình Dương ký duyệt Kế hoạch tổ chức Lễ tốt nghiệp năm 2023 (đợt 2).,,,Giảng viên
KH_09,"Kế hoạch đánh giá giờ giảng học kỳ II, năm học 2023-2024 của Trường Đại học Bình Dương được lập dựa trên quy định nào?","Kế hoạch đánh giá giờ giảng học kỳ II, năm học 2023-2024 của Trường Đại học Bình Dương được lập dựa trên Quyết định số 196/QĐ-ĐHBD ngày 02 tháng 5 năm 2018 về việc ban hành Quy định dự giờ giảng viên.",,,Giảng viên
KH_09,"Mục đích chính của việc đánh giá giờ giảng học kỳ II, năm học 2023-2024 là gì?","Mục đích chính của việc đánh giá là: đánh giá thường xuyên hoạt động giảng dạy của Trường Đại học Bình Dương, góp phần nâng cao chất lượng đào tạo và kịp thời phát hiện, điều chỉnh, bổ sung những bất cập, hạn chế của giảng viên trong quá trình giảng dạy.",,,Giảng viên
KH_09,"Những yêu cầu cụ thể nào được đặt ra trong Kế hoạch đánh giá giờ giảng học kỳ II, năm học 2023-2024 để đảm bảo quá trình đánh giá hiệu quả?","Các yêu cầu cụ thể bao gồm: thực hiện đầy đủ lịch dự giờ đã được ban hành; bảo đảm thời gian dự giờ đúng quy định; bảo đảm đủ, đúng số lượng và thành phần tham gia dự giờ theo kế hoạch; trung thực, khách quan, công bằng trong quá trình đánh giá; phối hợp chặt chẽ giữa các Phòng chuyên môn, Khoa, Viện để hoạt động đánh giá đạt kết quả.",,,Giảng viên
KH_09,"Căn cứ nào được sử dụng để tiến hành đánh giá giờ giảng trong học kỳ II, năm học 2023-2024 tại Trường Đại học Bình Dương?","Việc đánh giá giờ giảng được căn cứ vào các nội dung đánh giá thực hiện bằng phiếu đánh giá theo mẫu của Trường Đại học Bình Dương, được quy định tại Quyết định số 196/QĐ-ĐHBD ngày 02/5/2018.",,,Giảng viên
KH_09,"Hội đồng đánh giá giờ giảng học kỳ II, năm học 2023-2024 của Trường Đại học Bình Dương bao gồm những thành phần nào?","Hội đồng đánh giá bao gồm: Đại diện lãnh đạo các Khoa (Chủ tịch Hội đồng của Khoa), Đại diện Phòng Quản lý đào tạo và Công tác sinh viên (Thành viên), Đại diện Phòng Bảo đảm chất lượng và Khảo thí (Thành viên), Đại diện giảng viên cơ hữu của Khoa (Thư ký).",,,Giảng viên
KH_09,"Trách nhiệm của giảng viên được dự giờ trong học kỳ II, năm học 2023-2024 là gì?","Giảng viên được dự giờ có trách nhiệm chuẩn bị đầy đủ giáo án (đề cương bài giảng), tài liệu, phương tiện giảng dạy và cung cấp cho các thành viên dự giờ trước buổi dự giờ; có thái độ cầu thị, tiếp thu nghiêm túc các góp ý, xây dựng kế hoạch khắc phục và chương trình hành động để hoàn thiện những hạn chế thiếu sót sau buổi dự giờ.",,,Giảng viên
KH_09,"Trách nhiệm của Hội đồng và các thành viên tham gia đánh giá giờ giảng trong học kỳ II, năm học 2023-2024 là gì?","Hội đồng và các thành viên có trách nhiệm đánh giá giờ giảng theo quy định của Nhà trường, đóng góp ý kiến chính xác, khách quan về chất lượng giờ giảng và hoàn thiện đầy đủ các thủ tục, trình báo cáo Hội đồng sau khi hoàn thành công tác dự giờ.",,,Giảng viên
KH_09,"Lịch trình dự giờ giảng viên trong học kỳ II, năm học 2023-2024 tại Trường Đại học Bình Dương bao gồm những thông tin gì?","Lịch trình dự giờ giảng viên bao gồm: Số thứ tự, Họ và tên giảng viên, Môn giảng dạy, Lớp - Nhóm, Phòng, Ngày dự giờ (từ ngày 08/01/2024 đến 08/05/2024), Tiết học (từ tiết 1 đến tiết 9), và Đơn vị phụ trách (các Khoa hoặc Viện).",,,Giảng viên
KH_09,"Ai là người ký ban hành Kế hoạch đánh giá giờ giảng học kỳ II, năm học 2023-2024 của Trường Đại học Bình Dương?","Kế hoạch đánh giá giờ giảng học kỳ II, năm học 2023-2024 của Trường Đại học Bình Dương được ký ban hành bởi Hiệu trưởng Cao Việt Hiếu.",,,Giảng viên
KH_09,"Kế hoạch đánh giá giờ giảng học kỳ II, năm học 2023-2024 của Trường Đại học Bình Dương được phân phối đến những đơn vị nào?","Kế hoạch được phân phối đến: Ban Giám hiệu (để báo cáo), các Khoa, Viện (để tổ chức thực hiện), đồng thời lưu tại Trung tâm Đào tạo và Công tác Sinh viên (TL&TV) và Văn phòng (HPien).",,,Giảng viên
KH_167,Lễ tốt nghiệp lần I năm 2024 của Trường Đại học Bình Dương được tổ chức nhằm mục đích gì?,"Lễ tốt nghiệp lần I năm 2024 được tổ chức nhằm ghi nhận và tôn vinh các học viên, sinh viên đã hoàn thành chương trình đào tạo; vinh danh thành tựu học tập của cá nhân, tập thể và nhà trường; đồng thời tổ chức sự kiện một cách trang trọng, ấn tượng, tinh gọn nhưng vẫn đảm bảo an ninh, an toàn.",,,Giảng viên
KH_167,Những đối tượng nào được tham gia Lễ tốt nghiệp lần I năm 2024 của Trường Đại học Bình Dương?,"Đối tượng tham gia gồm: học viên cao học, sinh viên tốt nghiệp đợt 4 năm 2023 và đủ điều kiện công nhận cấp bằng tốt nghiệp đợt 1 năm 2024; nghiên cứu sinh, học viên cao học, sinh viên tốt nghiệp các đợt trước chưa tham gia; khách mời, cán bộ, nhân viên, giảng viên; cựu học viên, sinh viên đã tốt nghiệp các khóa và đăng ký tham dự lễ.",,,Giảng viên
KH_167,Lễ tốt nghiệp lần I năm 2024 của Trường Đại học Bình Dương diễn ra vào thời gian và địa điểm nào?,"Lễ tốt nghiệp được tổ chức vào Thứ Bảy, ngày 27/4/2024 tại Nhà hát sinh viên (Hội trường I, lầu IV khu A), Trường Đại học Bình Dương.",,,Giảng viên
KH_167,Chương trình chi tiết của Lễ tốt nghiệp lần I năm 2024 bao gồm những nội dung gì?,"Chương trình gồm: 06h45-07h30 ổn định chỗ ngồi, hướng dẫn nhận bằng; 07h30-07h45 văn nghệ chào mừng; 07h45 chào cờ, tuyên bố lý do; 07h50 phát biểu Ban Giám hiệu; 07h55 phát biểu đại diện sinh viên; 08h00 công bố quyết định khen thưởng; 08h20 công bố quyết định công nhận tốt nghiệp; 08h25 nghi thức tuyên thệ; 08h30 trao bằng tốt nghiệp; 09h30 bế mạc.",,,Giảng viên
KH_167,Ban chỉ đạo và Ban tổ chức Lễ tốt nghiệp lần I năm 2024 của Trường Đại học Bình Dương gồm những ai?,"Ban chỉ đạo gồm: Ông Cao Việt Hiếu (Trưởng ban), Bà Đỗ Đoan Trang (Phó Trưởng ban thường trực); Ban tổ chức gồm: Ông Lê Văn Cường (Phó Trưởng ban) và đại diện các phòng ban: Tổng hợp, Đảm bảo chất lượng & Kiểm định, Thanh tra - Pháp chế & Kiểm toán nội bộ, Quản lý đào tạo & Công tác sinh viên, Kế toán trưởng.",,,Giảng viên
KH_167,Phòng Quản lý Đào tạo & Công tác Sinh viên đảm nhiệm những công việc gì trong Lễ tốt nghiệp lần I năm 2024?,"Phòng Quản lý Đào tạo & Công tác Sinh viên thực hiện thông báo quy trình đăng ký tham dự lễ; tổ chức đăng ký và thu phí tham dự từ 08/4/2024 đến sáng 17/4/2024; tổ chức chụp ảnh chân dung; hoàn thiện quyết định khen thưởng; in giấy khen, danh sách, thư mời; xây dựng kịch bản trao bằng; chuẩn bị video clip, hình ảnh; điều phối sinh viên trên sân khấu; in bằng tốt nghiệp và phụ lục văn bằng; khảo sát ý kiến sinh viên sau lễ.",,,Giảng viên
KH_167,Ban Thông tin - Truyền thông có nhiệm vụ gì trong quá trình tổ chức Lễ tốt nghiệp lần I năm 2024?,"Ban Thông tin - Truyền thông đưa tin và truyền thông sự kiện trên các kênh chính thức của Trường; thiết kế thư mời, banner, backdrop, ấn phẩm truyền thông; chụp ảnh và thu thập hình ảnh của sinh viên trong buổi lễ.",,,Giảng viên
KH_167,Phòng Tổng hợp chịu trách nhiệm thực hiện những nhiệm vụ gì trong Lễ tốt nghiệp lần I năm 2024?,"Phòng Tổng hợp chịu trách nhiệm bố trí nhân sự phụ trách âm thanh, ánh sáng; chuẩn bị giấy khen, thư mời; lên lịch làm việc cho cán bộ, giảng viên tham dự; chuẩn bị cơ sở vật chất như bàn, ghế, nước, hoa.",,,Giảng viên
KH_167,"Công tác đảm bảo an ninh, trật tự trong Lễ tốt nghiệp lần I năm 2024 được phân công cho đơn vị nào?","Phòng Thanh tra - Pháp chế và Kiểm toán nội bộ phối hợp với Phòng Tổng hợp đảm bảo an ninh trật tự, giao thông, phương tiện trong và ngoài khuôn viên Trường trong suốt thời gian diễn ra buổi lễ.",,,Giảng viên
KH_167,Các mốc thời gian chính trong quá trình chuẩn bị tổ chức Lễ tốt nghiệp lần I năm 2024 là gì?,"Các mốc thời gian chính bao gồm: đến 11/3/2024 hoàn tất thông báo đăng ký; đến 20/3/2024 rà soát kế hoạch; từ 08/4/2024 đến sáng 17/4/2024 thực hiện đăng ký, thu phí, chụp ảnh; từ 08/4/2024 đến sáng 22/4/2024 tổng hợp danh sách, kiểm tra cơ sở vật chất, in giấy khen; ngày 27/4/2024 tổ chức Lễ trao bằng.",,,Giảng viên
KH_167,"Những lưu ý quan trọng dành cho học viên, sinh viên tham dự Lễ tốt nghiệp lần I năm 2024 là gì?","Học viên, sinh viên cần tuân thủ đầy đủ thời gian, quy định của Nhà trường; kiểm tra phí thuê lễ phục, phí nhận bằng, thời gian hoàn trả lễ phục; khi nhận bằng phải ký biên bản giao nhận và hoàn tất các khoản phí theo yêu cầu.",,,Giảng viên
KH_44,Lễ trao bằng tốt nghiệp năm 2023 (đợt 1) của Trường Đại học Bình Dương được tổ chức vào thời gian và địa điểm nào?,"Lễ trao bằng tốt nghiệp năm 2023 (đợt 1) được tổ chức vào sáng ngày 04/3/2023 (Thứ Bảy) tại Nhà hát sinh viên, Hội trường I, lầu IV khu A của Trường Đại học Bình Dương.",,,Giảng viên
KH_44,Mục đích chính của Lễ trao bằng tốt nghiệp năm 2023 (đợt 1) tại Trường Đại học Bình Dương là gì?,"Mục đích chính là ghi nhận và tôn vinh thành tích học tập, rèn luyện của sinh viên tốt nghiệp, đồng thời tạo ra một sự kiện trang trọng, ấn tượng, mang lại niềm vinh dự và tự hào cho sinh viên, gia đình và nhà trường.",,,Giảng viên
KH_44,Thành phần Ban chỉ đạo tổ chức Lễ trao bằng tốt nghiệp năm 2023 (đợt 1) tại Trường Đại học Bình Dương gồm những ai?,"Ban chỉ đạo gồm Hiệu trưởng ông Cao Việt Hiếu, Phó Hiệu trưởng thường trực bà Đỗ Đoan Trang và Phó Hiệu trưởng ông Lê Văn Cường.",,,Giảng viên
KH_44,Những đối tượng được tham dự Lễ trao bằng tốt nghiệp năm 2023 (đợt 1) tại Trường Đại học Bình Dương là ai?,"Đối tượng tham dự bao gồm khách mời, cán bộ, nhân viên, giảng viên, cựu học viên, sinh viên tốt nghiệp các khóa đã hoàn tất đăng ký tham dự buổi lễ theo quy định.",,,Giảng viên
KH_44,Hoạt động đầu tiên trong chương trình Lễ trao bằng tốt nghiệp năm 2023 (đợt 1) của Trường Đại học Bình Dương là gì?,Hoạt động đầu tiên là ổn định vị trí chỗ ngồi cho sinh viên và hướng dẫn nhận bằng tốt nghiệp trên sân khấu.,,,Giảng viên
KH_44,Hoạt động khen thưởng sinh viên có thành tích xuất sắc diễn ra vào thời điểm nào trong chương trình Lễ trao bằng tốt nghiệp năm 2023 (đợt 1)?,"Hoạt động khen thưởng sinh viên có thành tích xuất sắc diễn ra ngay sau phần phát biểu cảm nghĩ của đại diện cựu học viên, sinh viên tốt nghiệp.",,,Giảng viên
KH_44,"Các Khoa, Viện, Trung tâm tại Trường Đại học Bình Dương có nhiệm vụ gì trong công tác tổ chức Lễ trao bằng tốt nghiệp năm 2023 (đợt 1)?","Các Khoa, Viện, Trung tâm có nhiệm vụ thông báo đến sinh viên, lập danh sách sinh viên đủ điều kiện tham dự, đảm bảo trật tự trong quá trình trao bằng và phối hợp điều hành buổi lễ.",,,Giảng viên
KH_44,Phòng Quản lý Đào tạo và Công tác Sinh viên có nhiệm vụ gì trong việc tổ chức Lễ trao bằng tốt nghiệp năm 2023 (đợt 1)?,"Phòng Quản lý Đào tạo và Công tác Sinh viên có nhiệm vụ quản lý quy trình đăng ký tham dự lễ, thu lệ phí tốt nghiệp và phụ thu, tổ chức chụp ảnh chân dung cho sinh viên, chuẩn bị lễ tân sân khấu và phối hợp chuẩn bị văn bằng tốt nghiệp.",,,Giảng viên
KH_44,Ban Văn hóa - Truyền thông thực hiện những công tác gì trong Lễ trao bằng tốt nghiệp năm 2023 (đợt 1)?,"Ban Văn hóa - Truyền thông chịu trách nhiệm đưa tin, tường thuật trực tiếp sự kiện, liên hệ với các cơ quan truyền thông, chuẩn bị chương trình văn nghệ chào mừng, chụp ảnh, quay phim, làm video giới thiệu, thiết kế thư mời và trang trí sân khấu.",,,Giảng viên
KH_44,Phòng Tổng hợp có trách nhiệm gì về công tác hậu cần và điều phối Lễ trao bằng tốt nghiệp năm 2023 (đợt 1)?,"Phòng Tổng hợp phụ trách lập kế hoạch làm việc, thông báo đến các bộ phận tham gia, chuẩn bị âm thanh, ánh sáng, phối hợp với các đơn vị chuẩn bị lễ phục, bằng tốt nghiệp, danh sách khen thưởng và công tác đón tiếp khách mời.",,,Giảng viên
KH_44,Thời gian đăng ký tham dự và thuê lễ phục tốt nghiệp cho Lễ trao bằng tốt nghiệp năm 2023 (đợt 1) là khi nào?,Thời gian đăng ký tham dự và thuê lễ phục tốt nghiệp diễn ra từ ngày 13/02/2023 đến ngày 21/02/2023.,,,Giảng viên
KH_44,Ai là người chịu trách nhiệm tổng điều phối chương trình và dẫn chương trình trong Lễ trao bằng tốt nghiệp năm 2023 (đợt 1)?,"Ông Nguyễn Ngọc Chiến được giao nhiệm vụ tổng điều phối chương trình buổi lễ và dẫn chương trình, công bố các quyết định trong Lễ trao bằng tốt nghiệp năm 2023 (đợt 1).",,,Giảng viên
KH_386,Mục đích của việc tổ chức Lễ tốt nghiệp đợt 2 năm 2023 là gì?,"Mục đích là để ghi nhận và tôn vinh học viên, sinh viên tốt nghiệp các khóa sau thời gian học tập và rèn luyện tại trường, tổ chức buổi lễ trang trọng, ấn tượng nhưng vẫn tinh gọn các thủ tục.",,,Giảng viên
KH_386,Những đối tượng nào được tham gia Lễ tốt nghiệp đợt 2?,"Nghiên cứu sinh, học viên cao học, sinh viên xét và được công nhận tốt nghiệp đợt 1 năm 2023, và học viên cao học, sinh viên tốt nghiệp các đợt trước năm 2023 nhưng chưa tham dự Lễ tốt nghiệp.",,,Giảng viên
KH_386,Lễ tốt nghiệp đợt 2 sẽ được tổ chức vào thời gian nào?,Lễ sẽ được tổ chức vào sáng ngày 10/6/2023 (thứ Bảy).,,,Giảng viên
KH_386,Địa điểm tổ chức Lễ tốt nghiệp đợt 2 là ở đâu?,"Địa điểm tổ chức là Nhà hát sinh viên (Hội trường 1, lầu IV khu A).",,,Giảng viên
KH_386,Ban chỉ đạo tổ chức Lễ tốt nghiệp đợt 2 bao gồm những ai?,"Ban chỉ đạo bao gồm Hiệu trưởng, Phó Hiệu trưởng thường trực và Phó Hiệu trưởng.",,,Giảng viên
KH_386,Phó Hiệu trưởng thường trực có vai trò gì trong Ban tổ chức lễ tốt nghiệp đợt 2?,Phó Hiệu trưởng thường trực là Trưởng ban tổ chức.,,,Giảng viên
KH_386,Thành phần tham dự Lễ tốt nghiệp đợt 2 gồm những ai?,"Thành phần tham dự gồm khách mời, cán bộ, nhân viên, giảng viên Trường, và cựu học viên, sinh viên đã tốt nghiệp các khóa và có đăng ký tham dự Lễ tốt nghiệp.",,,Giảng viên
KH_386,Lịch trình dự kiến của Lễ trao bằng tốt nghiệp đợt 2 năm 2023 bắt đầu và kết thúc lúc mấy giờ?,Lễ bắt đầu từ 06h45 với việc ổn định chỗ ngồi và kết thúc bằng bế mạc vào 11h00.,,,Giảng viên
KH_386,"Khoa/Viện/Trung tâm có học viên, sinh viên dự Lễ tốt nghiệp đợt 2 năm 2023 có cần cử lãnh đạo tham gia trao bằng không?","Có, các Khoa/Viện/Trung tâm có học viên, sinh viên đăng ký dự lễ phải có lãnh đạo tham gia trao bằng tốt nghiệp.",,,Giảng viên
KH_386,Thời gian thực hiện thủ tục thuê lễ phục tốt nghiệp (đợt 2 năm 2023) là khi nào?,Thực hiện thủ tục thuê lễ phục tốt nghiệp từ ngày 24/5/2023 đến ngày 06/6/2023 (sáng).,,,Giảng viên
KH_386,"Học viên, sinh viên có thể chụp ảnh chân dung với lễ phục tốt nghiệp (đợt 2 năm 2023) ở đâu và khi nào?","Tại Studio Trường Đại học Bình Dương (cổng sau Trường), từ ngày 24/5/2023 đến ngày 06/6/2023 sau khi thuê lễ phục tại phòng QLĐT&CTSV.",,,Giảng viên
KH_386,"Khi nào học viên, sinh viên có thể thu lễ phục tốt nghiệp và hoàn trả thế chân (đợt 2 năm 2023)?",Từ ngày 10/6/2023 (sáng).,,,Giảng viên
KH_386,Ban Văn hóa – Truyền thông có trách nhiệm gì về công tác truyền thông sự kiện lễ tốt nghiệp đợt 2 năm 2023 ?,Ban Văn hóa – Truyền thông đưa tin trực tiếp sự kiện lên các kênh truyền thông của Nhà trường và liên hệ các cơ quan truyền thông.,,,Giảng viên
KH_386,Phòng Tổng hợp có những nhiệm vụ chính nào trong việc tổ chức lễ tốt nghiệp đợt 2 năm 2023?,"Phòng Tổng hợp đảm bảo hậu cần, an ninh, âm thanh ánh sáng, điều hành tổng thể buổi lễ và các nhiệm vụ phối hợp khác.",,,Giảng viên
KH_386,Phòng Tài chính - Kế toán có trách nhiệm gì liên quan đến lệ phí tốt nghiệp đợt 2 năm 2023?,Phòng Tài chính - Kế toán trình duyệt thanh toán các công tác liên quan và thu lệ phí nhận bằng từ ngày 24/5 đến sáng 10/6/2023.,,,Giảng viên
KH_386,Đoàn Thanh niên có vai trò gì trong việc tổ chức văn nghệ chào mừng lễ tốt nghiệp đợt 2 năm 2023?,Đoàn Thanh niên chủ trì phối hợp các đơn vị tổ chức chương trình văn nghệ chào mừng mang đậm bản sắc văn hóa dân tộc Việt Nam.,,,Giảng viên
KH_386,Ông Nguyễn Ngọc Chiến chịu trách nhiệm chính về những công việc gì cho lễ tốt nghiệp đợt 2 năm 2023?,"Ông Nguyễn Ngọc Chiến chịu trách nhiệm viết kịch bản chương trình, công bố quyết định khen thưởng và điều phối nghi thức buổi lễ.",,,Giảng viên
KH_386,Sinh viên cần lưu ý điều gì khi tham gia Lễ tốt nghiệp đợt 2 năm 2023?,"Sinh viên cần tập trung đúng giờ, mặc trang phục phù hợp, mang đầy đủ giấy tờ tùy thân để đối chiếu khi nhận bằng.",,,Giảng viên
KH_386,Ai là người ký Kế hoạch tổ chức Lễ tốt nghiệp đợt 2 năm 2023?,PGS.TS.Đỗ Đoan Trang - Phó Hiệu trưởng thường trực.,,,Giảng viên
KH_428,Kế hoạch tập huấn nâng cao năng lực khảo sát đánh giá trên Cổng thông tin sinh viên của Trường Đại học Bình Dương có mục đích gì?,"Kế hoạch nhằm hướng dẫn, tập huấn sử dụng hiệu quả tính năng Khảo sát đánh giá trên hệ thống quản lý đào tạo Edusoft.Net và Cổng thông tin sinh viên, đồng thời nâng cao kỹ năng nghiệp vụ cho cán bộ, nhân viên Phòng Tuyển sinh, giảng viên, giáo viên chủ nhiệm và các nhân sự liên quan trong quá trình thực hiện nhiệm vụ.",,,Giảng viên
KH_428,Những đối tượng nào được triệu tập tham dự kế hoạch tập huấn nâng cao năng lực khảo sát đánh giá tại Trường Đại học Bình Dương?,"Đối tượng tham dự bao gồm: Phòng Quản lý Đào tạo & Công tác Sinh viên; cán bộ, nhân viên tư vấn, chăm sóc sinh viên thuộc Phòng Tuyển sinh; giáo viên các ngành hệ đại học; giáo viên chủ nhiệm, cố vấn học tập các lớp hệ Đại học chính quy; trợ lý, thư ký các Khoa/Viện đào tạo; và các thành viên khác theo phân công của lãnh đạo đơn vị.",,,Giảng viên
KH_428,Thời gian tổ chức buổi tập huấn nâng cao năng lực khảo sát đánh giá tại Trường Đại học Bình Dương được ấn định vào khi nào?,Buổi tập huấn dự kiến diễn ra từ 9h00 đến 10h00 ngày 24/5/2024 (Thứ Sáu).,,,Giảng viên
KH_428,Buổi tập huấn nâng cao năng lực khảo sát đánh giá tại Trường Đại học Bình Dương được tổ chức ở đâu?,Địa điểm tổ chức buổi tập huấn là tại Phòng A3.1.,,,Giảng viên
KH_428,Nội dung chi tiết của buổi tập huấn nâng cao năng lực khảo sát đánh giá tại Trường Đại học Bình Dương bao gồm những gì?,Nội dung tập huấn bao gồm: phân tích tính năng Khảo sát đánh giá; hướng dẫn thực hiện tính năng khảo sát đánh giá trên phần mềm Edusoft.Net; hướng dẫn kỹ năng khảo sát đánh giá trên Cổng thông tin sinh viên; và thực hiện trao đổi các nội dung công việc thường xuyên bằng phương pháp trực tiếp và trực tuyến.,,,Giảng viên
KH_428,Đơn vị nào chịu trách nhiệm chủ trì tổ chức kế hoạch tập huấn nâng cao năng lực khảo sát đánh giá tại Trường Đại học Bình Dương?,"Phòng Quản lý Đào tạo & Công tác Sinh viên chủ trì tổ chức, cử nhân sự tập huấn, phối hợp với các đơn vị liên quan thực hiện tập huấn.",,,Giảng viên
KH_428,"Sau khi kết thúc tập huấn, Phòng Quản lý Đào tạo & Công tác Sinh viên có trách nhiệm gì?","Phòng Quản lý Đào tạo & Công tác Sinh viên có trách nhiệm tổng hợp đánh giá, lập báo cáo kết quả thực hiện và trình Ban Giám hiệu trước ngày 31/05/2024.",,,Giảng viên
KH_428,Trách nhiệm của các Khoa/Viện đào tạo trong kế hoạch tập huấn nâng cao năng lực khảo sát đánh giá tại Trường Đại học Bình Dương là gì?,"Các Khoa/Viện đào tạo có trách nhiệm phân công nhân sự tham gia tập huấn theo thành phần được triệu tập và thực hiện khảo sát, đánh giá theo yêu cầu của đơn vị tổ chức.",,,Giảng viên
KH_428,"Kế hoạch tập huấn nâng cao năng lực khảo sát đánh giá tại Trường Đại học Bình Dương yêu cầu các đơn vị, cá nhân tham gia thực hiện như thế nào?","Kế hoạch yêu cầu các đơn vị, cá nhân liên quan nghiêm túc thực hiện đầy đủ nội dung, thời gian và nhiệm vụ được phân công trong quá trình triển khai tập huấn.",,,Giảng viên
KH_444,Mục đích chính của Kế hoạch đánh giá số 444/KH-ĐHBD ngày 24/5/2024 tại Trường Đại học Bình Dương là gì?,"Mục đích chính là nâng cao chất lượng các chương trình đào tạo đại học ngành Công nghệ Kỹ thuật Ô tô, Công nghệ Thông tin, Kế toán, Luật Kinh tế và chương trình đào tạo thạc sĩ ngành Quản trị Kinh doanh; đồng thời là điều kiện cần thiết để Nhà trường đăng ký đánh giá ngoài và được công nhận đạt tiêu chuẩn chất lượng giáo dục.",,,Giảng viên
KH_444,Phạm vi thực hiện đánh giá trong Kế hoạch đánh giá số 444/KH-ĐHBD bao gồm những hoạt động gì?,Phạm vi đánh giá bao gồm toàn bộ các hoạt động của đơn vị thực hiện chương trình đào tạo theo tiêu chuẩn đánh giá chất lượng chương trình đào tạo do Bộ Giáo dục và Đào tạo ban hành.,,,Giảng viên
KH_444,Bộ công cụ tự đánh giá được sử dụng trong Kế hoạch đánh giá số 444/KH-ĐHBD là gì?,Bộ công cụ tự đánh giá là bộ tiêu chuẩn đánh giá chất lượng chương trình đào tạo trình độ đại học ban hành kèm theo Thông tư 04/2016/TT-BGDĐT và các văn bản hướng dẫn liên quan.,,,Giảng viên
KH_444,Cơ cấu tổ chức Hội đồng tự đánh giá trong Kế hoạch đánh giá số 444/KH-ĐHBD gồm những thành phần nào?,"Cơ cấu tổ chức gồm Hội đồng tự đánh giá cho từng ngành đào tạo, Ban Thư ký chịu trách nhiệm biên tập, tổng hợp, và các Nhóm công tác chuyên trách (từ Nhóm 1 đến Nhóm 6) phụ trách tìm minh chứng, xử lý dữ liệu và viết báo cáo cho từng tiêu chí cụ thể.",,,Giảng viên
KH_444,Ban Thư ký Hội đồng tự đánh giá có trách nhiệm gì trong quá trình thực hiện Kế hoạch đánh giá số 444/KH-ĐHBD?,"Ban Thư ký chịu trách nhiệm biên tập, tổng hợp các tiêu chuẩn, tiêu chí; xây dựng dự thảo báo cáo; lập kế hoạch hoạt động; giám sát tiến độ và phối hợp cùng các nhóm công tác chuyên trách hoàn thiện báo cáo tự đánh giá.",,,Giảng viên
KH_444,Nhóm trưởng các Nhóm công tác chuyên trách thực hiện nhiệm vụ gì?,"Nhóm trưởng điều hành chung nhóm công tác, tổ chức họp nhóm, phân công nhiệm vụ, hướng dẫn tìm minh chứng, chịu trách nhiệm về kế hoạch thực hiện và chất lượng báo cáo của từng tiêu chuẩn được giao.",,,Giảng viên
KH_444,Nhiệm vụ của thành viên các Nhóm công tác chuyên trách trong quá trình tự đánh giá là gì?,"Thành viên có trách nhiệm tìm kiếm minh chứng, xử lý dữ liệu, lập bảng mã hóa thông tin, và viết báo cáo theo từng tiêu chí được giao dưới sự phân công của Nhóm trưởng.",,,Giảng viên
KH_444,"Trong Kế hoạch đánh giá số 444/KH-ĐHBD, khi tổ chức tập huấn nghiệp vụ tự đánh giá, thời gian và thành phần tham gia là ai?","Tập huấn nghiệp vụ tự đánh giá dự kiến tổ chức vào tháng 6 năm 2024, với sự tham gia của toàn thể Hội đồng tự đánh giá, Ban Thư ký và các Nhóm công tác chuyên trách.",,,Giảng viên
KH_444,Nội dung chính của chương trình tập huấn nghiệp vụ tự đánh giá trong Kế hoạch đánh giá số 444/KH-ĐHBD bao gồm những gì?,"Nội dung tập huấn bao gồm: phổ biến hệ thống văn bản về tự đánh giá chương trình đào tạo; hướng dẫn quy trình, thủ tục tự đánh giá; hướng dẫn tìm kiếm, mã hóa và số hóa minh chứng; hướng dẫn viết phiếu đánh giá tiêu chí và lập báo cáo tự đánh giá.",,,Giảng viên
KH_444,Các nguồn lực nhân sự cần huy động phục vụ công tác tự đánh giá theo Kế hoạch đánh giá số 444/KH-ĐHBD bao gồm những ai?,"Nguồn nhân sự gồm: các thành viên Hội đồng tự đánh giá, Ban Thư ký, Nhóm công tác chuyên trách, lãnh đạo các phòng/ban/khoa, chuyên viên, giảng viên, tổ chức Đảng, Đoàn, Hội sinh viên và Công đoàn.",,,Giảng viên
KH_444,Phòng Tổng hợp có trách nhiệm gì về cơ sở vật chất phục vụ tự đánh giá theo Kế hoạch đánh giá số 444/KH-ĐHBD?,"Phòng Tổng hợp chịu trách nhiệm bố trí phòng làm việc, phòng họp cho công tác tự đánh giá và mua sắm các công cụ, dụng cụ phục vụ như văn phòng phẩm.",,,Giảng viên
KH_444,Phòng Tài chính - Kế toán đảm nhiệm nhiệm vụ gì liên quan đến kinh phí thực hiện Kế hoạch đánh giá số 444/KH-ĐHBD?,"Phòng Tài chính - Kế toán có trách nhiệm lập dự trù kinh phí cho các hoạt động như phiên họp, tập huấn, xây dựng báo cáo, tìm kiếm minh chứng, biên tập, sửa chữa báo cáo và mua sắm văn phòng phẩm.",,,Giảng viên
KH_444,"Các nhóm công tác, cá nhân trong quá trình tự đánh giá theo Kế hoạch đánh giá số 444/KH-ĐHBD sẽ lập Bảng danh mục minh chứng vào thời điểm nào?","Sau khi hoàn tất phân tích tiêu chí, tìm kiếm và mã hóa minh chứng, các nhóm công tác sẽ lập Bảng danh mục minh chứng dựa trên các tài liệu, dữ liệu đã thu thập.",,,Giảng viên
KH_444,Thời gian triển khai toàn bộ nội dung của Kế hoạch đánh giá số 444/KH-ĐHBD kéo dài trong bao lâu?,"Kế hoạch triển khai từ ngày 27/5/2024 đến ngày 17/11/2024, với các giai đoạn cụ thể bao gồm họp lãnh đạo, tập huấn, thu thập minh chứng, viết báo cáo, lấy ý kiến phản biện và hoàn thiện báo cáo cuối cùng.",,,Giảng viên
KH_444,Dự thảo báo cáo tự đánh giá trong Kế hoạch đánh giá số 444/KH-ĐHBD được công bố nội bộ để lấy ý kiến phản biện vào thời điểm nào?,"Dự thảo báo cáo tự đánh giá được công bố nội bộ trong tuần 21 và 22 (từ 14/10 đến 27/10/2024) để lấy ý kiến góp ý từ các đơn vị chức năng, bộ môn, phòng ban, giảng viên, nhân viên, người học và nhà tuyển dụng.",,,Giảng viên
KH_444,"Sau khi hoàn thiện, Báo cáo tự đánh giá theo Kế hoạch đánh giá số 444/KH-ĐHBD được gửi đến đâu?",Hội đồng tự đánh giá hoàn thiện và nộp báo cáo cho lãnh đạo đơn vị thực hiện chương trình đào tạo và Ban Giám hiệu Trường Đại học Bình Dương.,,,Giảng viên
KH_444,Kế hoạch đánh giá số 444/KH-ĐHBD nhấn mạnh điều gì đối với trách nhiệm của các đơn vị và cá nhân liên quan?,"Kế hoạch nhấn mạnh yêu cầu các đơn vị, cá nhân liên quan nghiêm túc thực hiện đầy đủ các nội dung công việc đúng tiến độ đã được quy định trong kế hoạch.",,,Giảng viên
KH_680,Kế hoạch số 680/KH-ĐHBD về việc triển khai thực hiện Quy định về công khai trong hoạt động của các cơ sở giáo dục thuộc hệ thống giáo dục quốc dân được ban hành bởi đơn vị nào?,Kế hoạch số 680/KH-ĐHBD được ban hành bởi Trường Đại học Bình Dương.,,,Giảng viên
KH_680,Căn cứ pháp lý chính của Kế hoạch số 680/KH-ĐHBD là văn bản nào của Bộ Giáo dục và Đào tạo?,Kế hoạch số 680/KH-ĐHBD căn cứ theo Thông tư số 09/2024/TT-BGDĐT ngày 06 tháng 3 năm 2024 của Bộ trưởng Bộ Giáo dục và Đào tạo.,,,Giảng viên
KH_680,Mục đích chính của việc triển khai thực hiện Kế hoạch số 680/KH-ĐHBD là gì?,"Mục đích chính là minh bạch các thông tin liên quan đến Trường Đại học Bình Dương để giáo viên, cán bộ quản lý giáo dục, người lao động, người học, gia đình người học và toàn xã hội có thể giám sát, đồng thời thực hiện báo cáo định kỳ theo quy định của Bộ Giáo dục và Đào tạo.",,,Giảng viên
KH_680,Các yêu cầu đối với dữ liệu cung cấp trong quá trình thực hiện Kế hoạch số 680/KH-ĐHBD là gì?,"Dữ liệu cung cấp phải chính xác, rõ ràng, đầy đủ, kịp thời và dễ tiếp cận theo đúng quy định.",,,Giảng viên
KH_680,Thời hạn dữ liệu cần cung cấp trong Kế hoạch số 680/KH-ĐHBD bao gồm kết quả của những năm nào và đến thời điểm nào?,"Dữ liệu bao gồm kết quả năm 2024 và 2025, trong đó dữ liệu năm 2024 phải được cung cấp đến ngày 15/06/2025.",,,Giảng viên
KH_680,Thời hạn cuối cùng các đơn vị thuộc Trường Đại học Bình Dương phải hoàn thành việc tổng hợp và cung cấp dữ liệu phục vụ Kế hoạch số 680/KH-ĐHBD là khi nào?,Trước ngày 20/6/2025.,,,Giảng viên
KH_680,Văn bản và file mềm báo cáo trong Kế hoạch số 680/KH-ĐHBD phải được nộp về đâu và thông qua email nào?,Văn bản và file mềm phải được gửi về Phòng Đảm bảo chất lượng và Khảo thí qua email: tmdam@bdu.edu.vn.,,,Giảng viên
KH_680,"Sau khi nhận dữ liệu báo cáo, Phòng Đảm bảo chất lượng và Khảo thí có trách nhiệm gì trong Kế hoạch số 680/KH-ĐHBD?","Phòng Đảm bảo chất lượng và Khảo thí có trách nhiệm tổng hợp, báo cáo lên Ban Giám hiệu trước ngày 30/6/2025 và gửi báo cáo cho Bộ Giáo dục và Đào tạo.",,,Giảng viên
KH_680,Đơn vị nào chịu trách nhiệm hiển thị công khai thông tin trên trang thông tin điện tử của Trường Đại học Bình Dương theo Kế hoạch số 680/KH-ĐHBD?,Khoa Công nghệ thông tin – Robot và Trí tuệ nhân tạo chịu trách nhiệm hiển thị công khai thông tin trên trang thông tin điện tử của Trường Đại học Bình Dương.,,,Giảng viên
KH_680,Bộ phận nào chịu trách nhiệm lưu trữ và trích lục dữ liệu phục vụ Kế hoạch số 680/KH-ĐHBD?,Bộ phận lưu trữ thuộc Phòng Tổng hợp chịu trách nhiệm lưu trữ và trích lục dữ liệu phục vụ công tác công khai thông tin.,,,Giảng viên
KH_680,Kế hoạch số 680/KH-ĐHBD là căn cứ để các đơn vị trong Trường Đại học Bình Dương triển khai những nội dung gì?,Kế hoạch số 680/KH-ĐHBD là căn cứ để các đơn vị triển khai công tác công khai thông tin theo quy định về công khai hoạt động trong cơ sở giáo dục thuộc hệ thống giáo dục quốc dân.,,,Giảng viên
KH_680,Những nội dung chính cần báo cáo và công khai theo Kế hoạch số 680/KH-ĐHBD bao gồm những gì?,"Nội dung báo cáo bao gồm: thông tin chung về cơ sở giáo dục, tài chính, điều kiện đảm bảo chất lượng đào tạo và nghiên cứu, hoạt động đào tạo, đội ngũ nhà giáo và nhân viên, cơ sở vật chất, kiểm định chất lượng giáo dục, kết quả tuyển sinh và đào tạo, hoạt động khoa học công nghệ và các nhiệm vụ trọng tâm khác.",,,Giảng viên
KH_680,Ai là người ký và ban hành Kế hoạch số 680/KH-ĐHBD của Trường Đại học Bình Dương?,Kế hoạch số 680/KH-ĐHBD do Hiệu trưởng Cao Việt Hiếu ký và ban hành.,,,Giảng viên
QD_101,Quyết định điều chỉnh số 101/QĐ-ĐHBD dành cho ai?,Dành cho đội ngũ cố vấn và giảng viên tại Trường Đại học Bình Dương.,,,Giảng viên
QD_101,Quyết định số 101/QĐ-ĐHBD dựa trên những văn bản pháp lý nào?,"Dựa trên các quyết định như số 791/TTg, 1420/QĐ-TTg, Thông tư 09/2022, Nghị quyết 02/NQ-HNNĐT, và Quyết định số 319/QĐ-ĐHBD.",,,Giảng viên
QD_101,"Để được giới thiệu ký hợp đồng với Trường Đại học Bình Dương, nhân sự cần thỏa mãn những điều kiện nào?","Phải ký hợp đồng lao động ít nhất 3 năm (đối với người Việt Nam) hoặc 2 năm (đối với người nước ngoài), tham gia bảo hiểm xã hội, trong độ tuổi lao động, và có văn bằng hợp lệ.",,,Giảng viên
QD_101,Yêu cầu với văn bằng của nhân sự được giới thiệu theo Quyết định số 101/QĐ-ĐHBD là gì?,"Phải là văn bằng thật, đúng chuẩn Bộ Giáo dục và Đào tạo, được cấp trong hoặc ngoài nước, được dịch thuật sang tiếng Việt và chứng thực hợp pháp.",,,Giảng viên
QD_101,Mức thù lao dành cho giáo sư theo Quyết định số 101/QĐ-ĐHBD là bao nhiêu?,Giáo sư nhận 15 triệu đồng/người.,,,Giảng viên
QD_101,Phó giáo sư sẽ nhận mức thù lao bao nhiêu theo Quyết định số 101/QĐ-ĐHBD?,Phó giáo sư nhận 13 triệu đồng/người.,,,Giảng viên
QD_101,Tiến sĩ và thạc sĩ được trả thù lao thế nào theo Quyết định số 101/QĐ-ĐHBD?,"Tiến sĩ nhận 10 triệu đồng/người, thạc sĩ nhận 5 triệu đồng/người.",,,Giảng viên
QD_101,Nhân sự người nước ngoài nhận thù lao ra sao theo Quyết định số 101/QĐ-ĐHBD?,Nhân sự người nước ngoài được nhận 10 triệu đồng/người.,,,Giảng viên
QD_101,Cách tính tỷ lệ phần trăm thù lao dựa trên ngành đào tạo và văn bằng như thế nào theo Quyết định số 101/QĐ-ĐHBD?,"Ngành đúng nhận 100%, ngành gần nhận 50%, văn bằng nước ngoài chưa được công nhận nhưng có chứng chỉ tiếng Anh thì được nhận 50%.",,,Giảng viên
QD_101,Thù lao theo Quyết định số 101/QĐ-ĐHBD được thanh toán khi nào?,Sau 3 tháng kể từ ngày ký hợp đồng lao động.,,,Giảng viên
QD_101,Ai là người kiểm tra và làm thủ tục thanh toán thù lao theo Quyết định số 101/QĐ-ĐHBD?,Phòng Nhân sự và Phòng Tổng hợp của Trường Đại học Bình Dương dựa trên đề xuất của người giới thiệu.,,,Giảng viên
QD_101,Quyết định số 101/QĐ-ĐHBD có hiệu lực từ khi nào?,Có hiệu lực ngay từ ngày ký.,,,Giảng viên
QD_101,Quyết định số 101/QĐ-ĐHBD thay thế quyết định nào?,Thay thế Quyết định số 225/QĐ-ĐHBD ngày 09/4/2021.,,,Giảng viên
QD_101,Có điểm cần lưu ý gì về các số quyết định bị thay thế theo Quyết định số 101/QĐ-ĐHBD?,"Có sự khác biệt nhỏ giữa các số quyết định, cần kiểm tra để tránh nhầm lẫn.",,,Giảng viên
QD_101,Tại sao mức thù lao lại phân chia theo trình độ và ngành đào tạo theo Quyết định số 101/QĐ-ĐHBD?,Để đảm bảo thù lao phù hợp với trình độ chuyên môn và ngành học của nhân sự.,,,Giảng viên
QD_101,Nhân sự người nước ngoài cần chuẩn bị giấy tờ gì khi ký hợp đồng theo Quyết định số 101/QĐ-ĐHBD?,Phải có hồ sơ đầy đủ và giấy phép lao động hợp pháp.,,,Giảng viên
QD_101,Phòng ban nào chịu trách nhiệm thực hiện Quyết định số 101/QĐ-ĐHBD?,"Phòng Tổng hợp, Phòng Tài chính - Kế toán và các đơn vị liên quan.",,,Giảng viên
QD_101,Mục đích của Quyết định số 101/QĐ-ĐHBD là gì?,Chuẩn hóa và hoàn thiện chế độ làm việc và mức thù lao cho cố vấn và giảng viên.,,,Giảng viên
QD_101,Nếu văn bằng nước ngoài chưa được công nhận thì có được trả thù lao không theo Quyết định số 101/QĐ-ĐHBD?,"Có, được trả 50% mức thù lao nếu đáp ứng điều kiện giảng dạy bằng tiếng Anh và có chứng thực dịch thuật.",,,Giảng viên
QD_101,Có sự khác biệt nào giữa thù lao cho nhân sự người nước ngoài và tiến sĩ trong nước theo Quyết định số 101/QĐ-ĐHBD không?,"Mặc dù cùng mức 10 triệu đồng/người, nhưng nhân sự nước ngoài có thể chịu thêm chi phí hợp pháp hóa giấy tờ và cấp phép lao động, khiến chi phí thực nhận thấp hơn.",,,Giảng viên
QD_101,Nếu một người có nhiều văn bằng ở các ngành khác nhau thì áp dụng mức thù lao theo ngành nào theo Quyết định số 101/QĐ-ĐHBD?,"Nhà trường sẽ căn cứ vào ngành phù hợp nhất với môn giảng dạy để xác định mức thù lao theo ngành đúng hay ngành gần, không cộng dồn.",,,Giảng viên
QD_101,Trường hợp nhân sự chưa đủ điều kiện ký hợp đồng 3 năm nhưng vẫn được mời giảng thì có được nhận thù lao không theo Quyết định số 101/QĐ-ĐHBD?,"Về nguyên tắc, họ không đủ điều kiện nhận thù lao theo quyết định. Tuy nhiên, có thể được ký hợp đồng ngắn hạn riêng và hưởng thù lao theo quy định khác.",,,Giảng viên
QD_101,Vì sao văn bằng nước ngoài chưa được công nhận chỉ được trả 50% theo Quyết định số 101/QĐ-ĐHBD?,"Vì chưa có xác thực chính thức từ Bộ Giáo dục và Đào tạo, nên nhà trường chỉ chi trả một phần để hạn chế rủi ro, trừ khi văn bằng đó phục vụ dạy bằng tiếng Anh và có chứng thực dịch thuật.",,,Giảng viên
QD_101,Thù lao theo Quyết định số 101/QĐ-ĐHBD đã bao gồm thuế thu nhập cá nhân chưa?,"Quyết định không nêu rõ, nhưng thông thường thù lao được tính là mức chi trả trước thuế, người nhận sẽ chịu thuế thu nhập cá nhân theo quy định hiện hành.",,,Giảng viên
QD_101,Có cần bổ sung quyết định kèm theo hợp đồng khi làm thủ tục thanh toán thù lao không theo Quyết định số 101/QĐ-ĐHBD?,Có. Quyết định là căn cứ pháp lý quan trọng để Phòng Tài chính - Kế toán và các đơn vị liên quan thực hiện chi trả đúng quy định.,,,Giảng viên
QD_101,Thù lao theo Quyết định số 101/QĐ-ĐHBD có được điều chỉnh theo lạm phát hoặc từng năm học không?,"Không. Mức thù lao cố định theo quyết định hiện tại. Nếu có thay đổi, phải được ban hành trong quyết định mới thay thế hoặc bổ sung.",,,Giảng viên
QD_101,Trường hợp giảng viên có học hàm giáo sư nhưng giảng dạy ngành gần có được hưởng 100% thù lao không theo Quyết định số 101/QĐ-ĐHBD?,"Không. Vẫn chỉ được 50% mức thù lao nếu văn bằng thuộc ngành gần, bất kể học hàm hay học vị.",,,Giảng viên
QD_101,Nếu đã ký hợp đồng nhưng không giảng dạy thì có được nhận thù lao không theo Quyết định số 101/QĐ-ĐHBD?,"Không. Chỉ khi có bằng chứng về thực hiện nhiệm vụ giảng dạy, như phân công môn học, lịch giảng và nghiệm thu, thì mới được thanh toán thù lao.",,,Giảng viên
QD_101,"Việc xác định ngành đúng, ngành gần do ai quyết định theo Quyết định số 101/QĐ-ĐHBD?","Do nhà trường, cụ thể là Phòng Nhân sự phối hợp với Phòng Quản lý Đào tạo, dựa trên khung chương trình đào tạo và hồ sơ chuyên môn của nhân sự.",,,Giảng viên
QD_1153,Quyết định số 1153/QĐ-ĐHBD được ban hành vào thời điểm nào?,Ngày 24 tháng 6 năm 2024.,,,Giảng viên
QD_1153,Ai là người ký ban hành Quyết định số 1153/QĐ-ĐHBD?,Hiệu trưởng Trường Đại học Bình Dương – ông Cao Việt Hiếu.,,,Giảng viên
QD_1153,Nội dung chính của Quyết định số 1153/QĐ-ĐHBD quy định về vấn đề gì?,Quy định định mức thù lao để thực hiện xây dựng và thẩm định ngân hàng đề thi các môn học trong chương trình đào tạo trình độ đại học tại Trường Đại học Bình Dương.,,,Giảng viên
QD_1153,Đối tượng giảng viên được áp dụng định mức thù lao theo Quyết định số 1153/QĐ-ĐHBD gồm những ai?,Gồm giảng viên cơ hữu và giảng viên thỉnh giảng của Trường Đại học Bình Dương.,,,Giảng viên
QD_1153,"Theo Quyết định số 1153/QĐ-ĐHBD, giảng viên cơ hữu xây dựng ngân hàng câu hỏi trắc nghiệm được tính công như thế nào?",Được tính 20 giờ chuẩn cho 100 câu hỏi trắc nghiệm tương ứng với 01 tín chỉ.,,,Giảng viên
QD_1153,"Theo Quyết định số 1153/QĐ-ĐHBD, giảng viên thỉnh giảng xây dựng 100 câu hỏi trắc nghiệm được nhận mức thù lao bao nhiêu?",Được nhận 2.000.000 đồng cho 100 câu hỏi trắc nghiệm trong 01 tín chỉ.,,,Giảng viên
QD_1153,"Theo Quyết định số 1153/QĐ-ĐHBD, giảng viên cơ hữu xây dựng câu hỏi tự luận sẽ được tính công như thế nào?",Được tính 24 giờ chuẩn cho 30 câu hỏi tự luận tương ứng với 01 tín chỉ.,,,Giảng viên
QD_1153,"Theo Quyết định số 1153/QĐ-ĐHBD, giảng viên thỉnh giảng xây dựng 30 câu hỏi tự luận sẽ nhận thù lao bao nhiêu?",Được nhận 2.400.000 đồng cho 30 câu hỏi tự luận trong 01 tín chỉ.,,,Giảng viên
QD_1153,"Theo Quyết định số 1153/QĐ-ĐHBD, Hội đồng thẩm định ngân hàng đề thi gồm những thành phần nào được chi trả thù lao?","Gồm Chủ tịch Hội đồng, Ủy viên Hội đồng, Thư ký Hội đồng và Phản biện.",,,Giảng viên
QD_1153,"Theo Quyết định số 1153/QĐ-ĐHBD, mức thù lao dành cho Chủ tịch Hội đồng thẩm định ngân hàng đề thi là bao nhiêu?",500.000 đồng/người.,,,Giảng viên
QD_1153,"Theo Quyết định số 1153/QĐ-ĐHBD, mức thù lao dành cho Ủy viên Hội đồng thẩm định ngân hàng đề thi là bao nhiêu?",300.000 đồng/người.,,,Giảng viên
QD_1153,"Theo Quyết định số 1153/QĐ-ĐHBD, Thư ký Hội đồng thẩm định ngân hàng đề thi được nhận mức thù lao bao nhiêu?",300.000 đồng/người.,,,Giảng viên
QD_1153,"Theo Quyết định số 1153/QĐ-ĐHBD, thù lao phản biện cho mỗi câu hỏi trắc nghiệm được quy định như thế nào?",5.000 đồng cho mỗi câu hỏi trắc nghiệm được phản biện.,,,Giảng viên
QD_1153,"Theo Quyết định số 1153/QĐ-ĐHBD, thù lao phản biện cho mỗi câu hỏi tự luận được quy định như thế nào?",15.000 đồng cho mỗi câu hỏi tự luận được phản biện.,,,Giảng viên
QD_1153,Thời điểm Quyết định số 1153/QĐ-ĐHBD bắt đầu có hiệu lực thi hành là khi nào?,"Có hiệu lực kể từ ngày ký, tức ngày 24 tháng 6 năm 2024.",,,Giảng viên
QD_1153,"Theo Quyết định số 1153/QĐ-ĐHBD, những đơn vị nào có trách nhiệm triển khai thực hiện?","Gồm Phòng Tổng hợp, Phòng Tài chính - Kế toán, Phòng Quản lý đào tạo và Công tác sinh viên, Phòng Đảm bảo chất lượng và Khảo thí, Phân hiệu Cà Mau và các đơn vị, cá nhân liên quan.",,,Giảng viên
QD_1153,Quyết định số 1153/QĐ-ĐHBD được ban hành dựa trên đề xuất nào?,Dựa trên Văn bản số 90/P.BĐCL&KT ngày 14 tháng 5 năm 2024 của Phòng Đảm bảo chất lượng và Khảo thí.,,,Giảng viên
QD_1153,Mục đích của việc ban hành Quyết định số 1153/QĐ-ĐHBD là gì?,"Nhằm chuẩn hóa việc chi trả thù lao trong hoạt động xây dựng và thẩm định ngân hàng đề thi, đảm bảo công bằng và minh bạch.",,,Giảng viên
QD_1153,Sự khác biệt về thù lao giữa câu hỏi trắc nghiệm và câu hỏi tự luận được quy định như thế nào trong Quyết định số 1153/QĐ-ĐHBD?,"Câu hỏi tự luận có mức thù lao cao hơn vì yêu cầu phân tích, đánh giá sâu hơn so với câu hỏi trắc nghiệm.",,,Giảng viên
QD_1153,Thù lao trong Quyết định số 1153/QĐ-ĐHBD được tính toán dựa trên những tiêu chí nào?,"Dựa trên loại câu hỏi, số lượng câu hỏi, số tín chỉ, vai trò trong hội đồng và loại hình giảng viên (cơ hữu hoặc thỉnh giảng).",,,Giảng viên
QD_1153,"Theo Quyết định số 1153/QĐ-ĐHBD, giảng viên thỉnh giảng có thể đồng thời tham gia xây dựng đề thi và phản biện không?","Về nguyên tắc, để đảm bảo khách quan thì không nên vừa xây dựng vừa phản biện cùng đề thi; tuy nhiên Quyết định không quy định cấm tuyệt đối, việc phân công do nhà trường quyết định.",,,Giảng viên
QD_1153,"Theo Quyết định số 1153/QĐ-ĐHBD, giảng viên cơ hữu xây dựng đề thi trắc nghiệm với 50 câu hỏi thì được tính thù lao như thế nào?","Sẽ được tính 10 giờ chuẩn, tương ứng với một nửa mức thù lao quy định cho 100 câu hỏi trắc nghiệm trong 01 tín chỉ.",,,Giảng viên
QD_1153,"Theo Quyết định số 1153/QĐ-ĐHBD, giảng viên thỉnh giảng cần đáp ứng điều kiện gì để được giao xây dựng ngân hàng đề thi?","Quyết định không quy định điều kiện cụ thể; tuy nhiên, giảng viên thỉnh giảng cần có chuyên môn phù hợp với môn học và được nhà trường phân công nhiệm vụ.",,,Giảng viên
QD_1153,"Nếu sản phẩm đề thi chưa đạt yêu cầu sau khi phản biện, giảng viên xây dựng đề thi có được nhận đủ thù lao theo Quyết định số 1153/QĐ-ĐHBD không?","Trong Quyết định không đề cập trực tiếp, nhưng thông thường chỉ được thanh toán thù lao khi sản phẩm được nghiệm thu đạt yêu cầu.",,,Giảng viên
QD_1153,Thù lao phản biện đề thi theo Quyết định số 1153/QĐ-ĐHBD được tính dựa trên số lượng câu hỏi hay số buổi làm việc?,Được tính theo số lượng câu hỏi: 5.000 đồng/câu hỏi trắc nghiệm và 15.000 đồng/câu hỏi tự luận.,,,Giảng viên
QD_1153,"Nếu giảng viên hoàn thành xây dựng đề thi nhưng chưa được mời phản biện, có thể đề xuất tham gia phản biện không theo Quyết định số 1153/QĐ-ĐHBD?","Giảng viên có thể đề xuất, tuy nhiên quyền quyết định phân công phản biện thuộc về nhà trường thông qua các phòng chức năng và hội đồng chuyên môn.",,,Giảng viên
QD_1153,Giảng viên có bị giới hạn số lượng môn học tham gia xây dựng ngân hàng đề thi theo Quyết định số 1153/QĐ-ĐHBD không?,"Quyết định không giới hạn cụ thể số lượng, tuy nhiên việc phân công nhiệm vụ sẽ do các phòng chuyên môn cân nhắc để đảm bảo chất lượng và khối lượng công việc phù hợp.",,,Giảng viên
QD_1153,Giảng viên cơ hữu có thể nhận thù lao theo mức của giảng viên thỉnh giảng không theo Quyết định số 1153/QĐ-ĐHBD?,"Không thể; mức thù lao được quy định rõ theo loại hình giảng viên, không được tự ý thay đổi.",,,Giảng viên
QD_1153,Thù lao dành cho Chủ tịch Hội đồng và Thư ký Hội đồng thẩm định có bằng nhau theo Quyết định số 1153/QĐ-ĐHBD không?,"Không bằng nhau; Chủ tịch Hội đồng nhận 500.000 đồng/người, còn Thư ký nhận 300.000 đồng/người.",,,Giảng viên
QD_1153,"Khi xây dựng ngân hàng đề thi có cả câu hỏi trắc nghiệm và tự luận, thù lao sẽ được tính như thế nào theo Quyết định số 1153/QĐ-ĐHBD?","Thù lao được tính riêng biệt cho từng loại câu hỏi, áp dụng mức thù lao cụ thể cho câu hỏi trắc nghiệm và câu hỏi tự luận, tùy theo số lượng câu hỏi mỗi loại.",,,Giảng viên
QD_285,Quyết định số 285/QĐ-ĐHBD được ban hành bởi ai và vào thời điểm nào?,Quyết định số 285/QĐ-ĐHBD được ban hành vào ngày 04 tháng 01 năm 2024 bởi Hiệu trưởng Trường Đại học Bình Dương.,,,Giảng viên
QD_285,Mục đích chính của Quyết định số 285/QĐ-ĐHBD là gì?,"Mục đích chính của Quyết định số 285/QĐ-ĐHBD là điều chỉnh, bổ sung phân công giảng viên thực hiện nhiệm vụ Giáo viên chủ nhiệm, Cố vấn học tập cho năm học 2023-2024.",,,Giảng viên
QD_285,Quyết định số 285/QĐ-ĐHBD áp dụng cho năm học nào?,Quyết định số 285/QĐ-ĐHBD áp dụng cho năm học 2023-2024.,,,Giảng viên
QD_285,Quyết định số 285/QĐ-ĐHBD được ban hành căn cứ theo những quy định pháp lý nào?,"Quyết định số 285/QĐ-ĐHBD được ban hành căn cứ theo Luật Giáo dục đại học 2012 và sửa đổi bổ sung năm 2018, Nghị định số 99/2019/NĐ-CP của Chính phủ, các văn bản hướng dẫn của Bộ Giáo dục và Đào tạo, cùng các quyết định và nghị quyết nội bộ của Trường Đại học Bình Dương.",,,Giảng viên
QD_285,"Vì sao Trường Đại học Bình Dương cần điều chỉnh, bổ sung phân công Giáo viên chủ nhiệm và Cố vấn học tập?","Việc điều chỉnh, bổ sung nhằm cập nhật nhân sự, tối ưu hóa công tác quản lý sinh viên và nâng cao hiệu quả hỗ trợ người học trong năm học 2023-2024.",,,Giảng viên
QD_285,Giảng viên được phân công làm Giáo viên chủ nhiệm hoặc Cố vấn học tập theo Quyết định số 285/QĐ-ĐHBD được hưởng quyền lợi gì?,Giảng viên được hưởng quyền lợi theo các quy định hiện hành của Trường Đại học Bình Dương đối với nhiệm vụ Giáo viên chủ nhiệm và Cố vấn học tập.,,,Giảng viên
QD_285,"Danh sách phân công Giáo viên chủ nhiệm, Cố vấn học tập được thể hiện ở đâu?","Danh sách phân công Giáo viên chủ nhiệm, Cố vấn học tập được đính kèm trong Quyết định số 285/QĐ-ĐHBD, bao gồm thông tin về lớp học, ngành đào tạo và tên giảng viên được phân công.",,,Giảng viên
QD_285,"Các đơn vị, phòng ban nào có trách nhiệm tổ chức thực hiện Quyết định số 285/QĐ-ĐHBD?","Các đơn vị bao gồm: Phòng Quản lý đào tạo và Công tác sinh viên, Phòng Tổng hợp, Phòng Đảm bảo chất lượng và Khảo thí, Phân hiệu Trường Đại học Bình Dương tại Cà Mau, Viện Đào tạo mở và Nghiên cứu phát triển cùng các đơn vị, cá nhân có liên quan.",,,Giảng viên
QD_285,Thời điểm Quyết định số 285/QĐ-ĐHBD có hiệu lực là khi nào?,"Quyết định số 285/QĐ-ĐHBD có hiệu lực kể từ ngày ký, tức ngày 04 tháng 01 năm 2024.",,,Giảng viên
QD_285,Vai trò của Giáo viên chủ nhiệm và Cố vấn học tập trong Trường Đại học Bình Dương là gì?,"Giáo viên chủ nhiệm và Cố vấn học tập có nhiệm vụ theo dõi, quản lý, tư vấn và hỗ trợ sinh viên về học tập, rèn luyện, tâm lý và các vấn đề liên quan trong quá trình học tập tại trường.",,,Giảng viên
QD_285,"Nếu tôi là giảng viên mới, Quyết định số 285/QĐ-ĐHBD có ảnh hưởng như thế nào đến công việc của tôi?","Quyết định số 285/QĐ-ĐHBD sẽ xác định rõ bạn có được phân công làm Giáo viên chủ nhiệm hoặc Cố vấn học tập hay không, từ đó xác định rõ nhiệm vụ và quyền lợi kèm theo.",,,Giảng viên
QD_285,"Khi thực hiện nhiệm vụ theo Quyết định số 285/QĐ-ĐHBD, tôi cần phối hợp với những phòng ban nào?",Bạn cần phối hợp với Phòng Quản lý đào tạo và Công tác sinh viên cùng các phòng ban liên quan để thực hiện đúng các nhiệm vụ được giao.,,,Giảng viên
QD_285,"Nếu phát hiện có sai sót trong danh sách phân công kèm theo Quyết định số 285/QĐ-ĐHBD, tôi phải làm gì?","Bạn cần báo cáo ngay cho Phòng Quản lý đào tạo và Công tác sinh viên hoặc Ban giám hiệu để được xem xét, điều chỉnh kịp thời.",,,Giảng viên
QD_285,"Tại sao việc phân công Giáo viên chủ nhiệm và Cố vấn học tập theo Quyết định số 285/QĐ-ĐHBD cần rõ ràng, công khai?","Việc phân công rõ ràng, công khai giúp minh bạch trách nhiệm, tạo thuận lợi cho việc hỗ trợ sinh viên, đảm bảo chất lượng công tác quản lý đào tạo.",,,Giảng viên
QD_285,Tôi có thể tham khảo bản đầy đủ của Quyết định số 285/QĐ-ĐHBD ở đâu?,Bản đầy đủ của Quyết định số 285/QĐ-ĐHBD được lưu tại Phòng Quản lý đào tạo và Công tác sinh viên và có thể cung cấp cho giảng viên khi có yêu cầu.,,,Giảng viên
QD_285,Điều 1 của Quyết định số 285/QĐ-ĐHBD quy định nội dung gì?,"Điều 1 của Quyết định số 285/QĐ-ĐHBD quy định việc điều chỉnh, bổ sung phân công giảng viên làm Giáo viên chủ nhiệm và Cố vấn học tập cho năm học 2023-2024.",,,Giảng viên
QD_285,Ai là người chịu trách nhiệm thi hành Quyết định số 285/QĐ-ĐHBD?,"Các phòng ban, đơn vị và cá nhân được phân công trong Quyết định số 285/QĐ-ĐHBD chịu trách nhiệm tổ chức triển khai, thực hiện nội dung được giao.",,,Giảng viên
QD_285,Phân hiệu Trường Đại học Bình Dương tại Cà Mau có nhiệm vụ gì theo Quyết định số 285/QĐ-ĐHBD?,Phân hiệu Trường Đại học Bình Dương tại Cà Mau tham gia tổ chức thực hiện và phối hợp với các đơn vị chức năng trong việc triển khai các nội dung của Quyết định số 285/QĐ-ĐHBD.,,,Giảng viên
QD_285,Viện Đào tạo mở và Nghiên cứu phát triển thực hiện những nhiệm vụ gì theo Quyết định số 285/QĐ-ĐHBD?,Viện Đào tạo mở và Nghiên cứu phát triển phối hợp triển khai các nội dung được giao trong Quyết định số 285/QĐ-ĐHBD.,,,Giảng viên
QD_285,Việc điều chỉnh phân công theo Quyết định số 285/QĐ-ĐHBD có ảnh hưởng đến sinh viên không?,"Có, vì việc phân công chính xác Giáo viên chủ nhiệm và Cố vấn học tập giúp sinh viên nhận được sự hỗ trợ, tư vấn kịp thời trong học tập và rèn luyện.",,,Giảng viên
QD_285,"Nếu chưa được phân công trong Quyết định số 285/QĐ-ĐHBD, tôi có thể đề xuất nhận nhiệm vụ không?",Bạn có thể đề xuất nguyện vọng với Phòng Quản lý đào tạo và Công tác sinh viên hoặc Ban giám hiệu để được xem xét phân công bổ sung.,,,Giảng viên
QD_285,Phòng Đảm bảo chất lượng và Khảo thí có vai trò gì trong quá trình thực hiện Quyết định số 285/QĐ-ĐHBD?,Phòng Đảm bảo chất lượng và Khảo thí phối hợp với các phòng chức năng nhằm đảm bảo chất lượng công tác đào tạo và quản lý sinh viên khi thực hiện Quyết định số 285/QĐ-ĐHBD.,,,Giảng viên
QD_285,Quyết định số 1585/QĐ-ĐHBD có mối liên hệ gì với Quyết định số 285/QĐ-ĐHBD?,"Quyết định số 1585/QĐ-ĐHBD là quyết định gốc phân công Giáo viên chủ nhiệm, Cố vấn học tập cho năm học 2023-2024, còn Quyết định số 285/QĐ-ĐHBD được ban hành nhằm điều chỉnh, bổ sung nội dung phân công dựa trên Quyết định trước đó.",,,Giảng viên
QD_285,Tôi có bắt buộc phải nghiên cứu toàn bộ các văn bản pháp lý liên quan đến Quyết định số 285/QĐ-ĐHBD không?,"Không bắt buộc, nhưng giảng viên nên nắm được các văn bản pháp lý chính để hiểu rõ cơ sở ban hành và thực hiện đúng nội dung phân công.",,,Giảng viên
QD_285,Tôi cần thực hiện những gì để đảm bảo việc thực thi Quyết định số 285/QĐ-ĐHBD đúng quy định?,"Bạn cần tuân thủ đầy đủ nhiệm vụ được phân công, phối hợp chặt chẽ với các đơn vị liên quan và báo cáo kịp thời khi có khó khăn, vướng mắc.",,,Giảng viên
QD_285,Nếu không thực hiện nhiệm vụ được giao trong Quyết định số 285/QĐ-ĐHBD thì hậu quả như thế nào?,Việc không thực hiện nhiệm vụ được giao có thể gây ảnh hưởng đến công tác quản lý sinh viên và bị xử lý kỷ luật theo các quy định nội bộ của Trường Đại học Bình Dương.,,,Giảng viên
QD_285,"Trong năm học 2023-2024, tôi có thể đề xuất điều chỉnh hoặc bổ sung nhiệm vụ phân công giáo viên chủ nhiệm, cố vấn học tập không?","Bạn có thể đề xuất điều chỉnh hoặc bổ sung nhiệm vụ với Phòng Quản lý đào tạo và Công tác sinh viên hoặc Ban giám hiệu, việc điều chỉnh sẽ được xem xét theo quy trình nội bộ.",,,Giảng viên
QD_360,"Quy chế Thi đua, Khen thưởng và Xử lý Vi phạm Kỷ luật Lao động của Trường Đại học Bình Dương áp dụng cho những đối tượng nào?","Quy chế áp dụng cho cán bộ, giảng viên, nhân viên (người lao động) có thời gian công tác từ 01 năm trở lên tại các đơn vị thuộc Trường Đại học Bình Dương và các đơn vị trực thuộc như Viện Đào tạo mở và Nghiên cứu phát triển, Trung tâm Tin học và Ngoại ngữ, Phân hiệu Cà Mau, các phòng, ban, trung tâm, viện, khoa.",,,Giảng viên
QD_360,"Những người làm việc thời vụ hoặc cộng tác viên có bị điều chỉnh bởi Quy chế Thi đua, Khen thưởng và Xử lý Vi phạm Kỷ luật Lao động của Trường Đại học Bình Dương không?","Không, nếu không thuộc đối tượng viên chức, người lao động chính thức hoặc không có quy định cụ thể trong hợp đồng lao động.",,,Giảng viên
QD_360,"Những ai được xét khen thưởng theo Quy chế Thi đua, Khen Thưởng của Trường Đại học Bình Dương?","Cá nhân công tác từ 01 năm trở lên tại Trường và các tổ chức, cá nhân ngoài Trường có thành tích, đóng góp cho sự phát triển của Trường Đại học Bình Dương.",,,Giảng viên
QD_360,Cá nhân mới làm việc 6 tháng nhưng có đóng góp nổi bật có được xét khen thưởng không?,"Không, vì theo quy chế yêu cầu phải có thời gian công tác tối thiểu 01 năm mới được xét khen thưởng.",,,Giảng viên
QD_360,Nguyên tắc tổ chức phong trào thi đua trong Trường Đại học Bình Dương là gì?,"Phong trào thi đua phải được tổ chức tự nguyện, tự giác, công khai, minh bạch, đoàn kết, hợp tác và cùng phát triển.",,,Giảng viên
QD_360,Nếu cá nhân có thành tích nhưng mất đoàn kết nội bộ thì có bị ảnh hưởng khi xét thi đua không?,"Có thể bị ảnh hưởng vì nguyên tắc thi đua yêu cầu phải đoàn kết, tương trợ và hợp tác trong tập thể.",,,Giảng viên
QD_360,"Những trường hợp nào sẽ không được xét thi đua, khen thưởng?","Không xét đối với cá nhân bị kỷ luật, không hoàn thành nhiệm vụ, vi phạm nội quy; tập thể mới thành lập dưới 10 tháng hoặc không tham gia phong trào thi đua.",,,Giảng viên
QD_360,Cá nhân bị kỷ luật nhẹ nhưng có sáng kiến đột phá có được xét khen thưởng không?,"Không, vì người có hành vi vi phạm kỷ luật lao động dù ở mức độ nào cũng không đủ điều kiện xét khen thưởng.",,,Giảng viên
QD_360,Phong trào thi đua được tổ chức dưới những hình thức nào?,"Phong trào thi đua gồm thi đua thường xuyên, thi đua theo chuyên đề, do lãnh đạo đơn vị, Công đoàn và Đoàn Thanh niên phát động và tổ chức, gắn với nhiệm vụ chính trị của đơn vị.",,,Giảng viên
QD_360,Phong trào thi đua đổi mới công nghệ không thuộc nhiệm vụ chính trị có được công nhận không?,Có thể được xem xét nếu phong trào có hiệu quả thực tế và được lãnh đạo đơn vị công nhận.,,,Giảng viên
QD_360,"Thành phần Hội đồng Thi đua, Khen thưởng và Xử lý Vi phạm Kỷ luật Lao động của Trường Đại học Bình Dương bao gồm những ai?","Gồm Chủ tịch Hội đồng là Hiệu trưởng, các Phó Chủ tịch là Phó Hiệu trưởng và Chủ tịch Công đoàn, Thư ký Hội đồng và các thành viên khác.",,,Giảng viên
QD_360,Có cơ chế xử lý mâu thuẫn lợi ích giữa các thành viên Hội đồng không?,"Trong Quy chế hiện tại chưa quy định cụ thể cơ chế xử lý mâu thuẫn lợi ích, cần bổ sung cơ chế giám sát độc lập.",,,Giảng viên
QD_360,Khoảng thời gian xét thành tích thi đua theo năm học được tính từ khi nào đến khi nào?,Từ ngày 01 tháng 7 năm trước đến hết ngày 30 tháng 6 năm sau.,,,Giảng viên
QD_360,Nếu thành tích đạt được rơi vào các tháng ngoài khung thời gian xét thì có được tính không?,Chỉ tính những thành tích đạt được trong khoảng thời gian xét theo quy định; các kết quả ngoài thời gian xét sẽ không được đưa vào đánh giá.,,,Giảng viên
QD_360,Tiêu chuẩn để được công nhận danh hiệu 'Lao động tiên tiến' là gì?,"Hoàn thành tốt nhiệm vụ được giao, chấp hành nghiêm nội quy, quy định của Nhà trường, có tinh thần tự lực, đoàn kết, giúp đỡ đồng nghiệp và tích cực tham gia các phong trào thi đua.",,,Giảng viên
QD_360,Cá nhân hoàn thành tốt nhiệm vụ nhưng không tham gia hoạt động phong trào của Trường có được công nhận 'Lao động tiên tiến' không?,"Không, vì thiếu tiêu chí tham gia đầy đủ phong trào thi đua của Nhà trường.",,,Giảng viên
QD_360,Tiêu chuẩn xét danh hiệu 'Chiến sĩ thi đua cơ sở' gồm những gì?,"Phải đạt danh hiệu Lao động tiên tiến, có sáng kiến được công nhận, và tổng số cá nhân đạt danh hiệu này không vượt quá 15% tổng số người đạt Lao động tiên tiến trong đơn vị.",,,Giảng viên
QD_360,Nếu số cá nhân có sáng kiến vượt quá tỷ lệ 15% thì xử lý thế nào?,"Sẽ có sự sàng lọc dựa trên mức độ sáng kiến và thành tích cụ thể, việc giới hạn tỷ lệ nhằm tạo cạnh tranh lành mạnh.",,,Giảng viên
QD_360,Tiêu chuẩn để tập thể đạt danh hiệu 'Tập thể lao động tiên tiến' là gì?,"Tập thể hoàn thành tốt nhiệm vụ được giao, có từ 70% cá nhân trở lên đạt danh hiệu Lao động tiên tiến, không có cá nhân bị kỷ luật và có tinh thần đoàn kết nội bộ.",,,Giảng viên
QD_360,Nếu chỉ có 69% cá nhân đạt Lao động tiên tiến thì tập thể có được công nhận không?,"Không, vì quy chế quy định ngưỡng tối thiểu là 70% cá nhân đạt Lao động tiên tiến.",,,Giảng viên
QD_360,Các hình thức khen thưởng trong Quy chế bao gồm những gì?,"Gồm khen thưởng thường xuyên, khen thưởng chuyên đề, khen thưởng đột xuất, khen thưởng quá trình cống hiến và khen thưởng đối ngoại.",,,Giảng viên
QD_360,Việc trao khen thưởng đối ngoại có ảnh hưởng đến tỷ lệ khen thưởng nội bộ không?,"Không, nhưng cần cân đối hợp lý các hình thức khen thưởng để đảm bảo sự công bằng trong nội bộ.",,,Giảng viên
QD_360,Giấy khen của Hiệu trưởng Trường Đại học Bình Dương áp dụng cho những đối tượng nào?,"Áp dụng cho các cá nhân, tập thể có thành tích xuất sắc trong năm học hoặc có thành tích đột xuất trong công tác.",,,Giảng viên
QD_360,Hiệu trưởng có thể tự quyết định trao giấy khen không cần thông qua Hội đồng không?,"Không, mọi hình thức khen thưởng phải dựa trên đề nghị, biên bản họp Hội đồng Thi đua và hồ sơ xét duyệt đầy đủ.",,,Giảng viên
QD_360,"Hồ sơ đề nghị xét thi đua, khen thưởng cần những thành phần nào?","Gồm báo cáo thành tích cá nhân/tập thể, biên bản họp xét duyệt, tờ trình và các giấy tờ minh chứng kèm theo theo mẫu quy định.",,,Giảng viên
QD_360,Nếu hồ sơ thiếu biên bản họp xét duyệt thì có được xét khen thưởng không?,"Không, vì biên bản họp là căn cứ pháp lý bắt buộc trong quy trình xét duyệt khen thưởng.",,,Giảng viên
QD_360,Thời hạn nộp hồ sơ thi đua thường xuyên hàng năm là khi nào?,Trước ngày 20 tháng 7 hàng năm.,,,Giảng viên
QD_360,Trường hợp nộp hồ sơ trễ do lý do khách quan có được xem xét không?,Hội đồng có thể xem xét nhưng Quy chế không quy định cụ thể về việc xử lý trường hợp nộp trễ.,,,Giảng viên
QD_360,Quy trình xử lý vi phạm kỷ luật lao động trong Trường Đại học Bình Dương bao gồm các bước gì?,"Bao gồm: phát hiện vi phạm, thông báo, tổ chức họp xét, lập biên bản họp và ban hành quyết định xử lý vi phạm.",,,Giảng viên
QD_360,Nếu không thông báo trước khi họp xét xử lý kỷ luật thì quyết định có hiệu lực không?,"Không, vì vi phạm quy trình, không đảm bảo quyền được biết, được giải trình của người lao động.",,,Giảng viên
QD_360,Những hình thức xử lý kỷ luật lao động theo Quy chế được áp dụng là gì?,"Gồm khiển trách, kéo dài thời hạn nâng lương không quá 6 tháng, cách chức và sa thải.",,,Giảng viên
QD_360,Trong Quy chế có quy định hình phạt trừ lương không?,"Không, hình phạt trừ lương không được áp dụng trong danh sách các hình thức kỷ luật.",,,Giảng viên
QD_360,Thời hiệu xử lý kỷ luật lao động được quy định như thế nào?,"Là 06 tháng kể từ ngày xảy ra vi phạm; 12 tháng với hành vi liên quan tài chính, tài sản, bí mật công nghệ, kinh doanh.",,,Giảng viên
QD_360,Nếu phát hiện hành vi vi phạm sau thời hiệu thì có xử lý được không?,"Không được xử lý, trừ khi có quy định riêng theo pháp luật.",,,Giảng viên
QD_360,Thời gian tối đa được tạm đình chỉ công tác là bao lâu?,"Không quá 15 ngày, trong trường hợp đặc biệt có thể kéo dài tối đa 90 ngày.",,,Giảng viên
QD_360,Ai có thẩm quyền xác định 'trường hợp đặc biệt' khi tạm đình chỉ công tác?,"Hiệu trưởng có thẩm quyền quyết định trên cơ sở căn cứ pháp lý, biên bản xác minh và tài liệu liên quan.",,,Giảng viên
QD_360,Người bị tạm đình chỉ công tác có được nhận lương không?,"Có, người lao động được tạm ứng 50% tiền lương trong thời gian bị đình chỉ công tác.",,,Giảng viên
QD_360,Nếu người bị đình chỉ được minh oan thì quyền lợi tài chính được xử lý thế nào?,Nhà trường phải chi trả đầy đủ phần tiền lương còn thiếu và có trách nhiệm khôi phục quyền lợi hợp pháp khác cho người lao động.,,,Giảng viên
QD_360,Người lao động gây thiệt hại tài sản của Trường phải chịu trách nhiệm thế nào?,Phải bồi thường theo quy định của pháp luật về bồi thường thiệt hại tài sản.,,,Giảng viên
QD_360,Nếu lỗi gây thiệt hại do nhiều cá nhân thì trách nhiệm được phân chia ra sao?,"Các cá nhân liên quan sẽ chịu trách nhiệm theo mức độ vi phạm, có thể áp dụng hình thức liên đới bồi thường.",,,Giảng viên
QD_360,"Khiếu nại, tố cáo về công tác thi đua, khen thưởng và xử lý kỷ luật được xử lý như thế nào?","Được tiếp nhận và giải quyết theo quy định của pháp luật hiện hành về khiếu nại, tố cáo.",,,Giảng viên
QD_360,Nếu người lao động không đồng ý với kết quả giải quyết khiếu nại thì có thể làm gì?,Người lao động có quyền tiếp tục khiếu nại lên cấp cao hơn hoặc khởi kiện tại Tòa án lao động theo quy định pháp luật.,,,Giảng viên
QD_558,Quyết định số 558/QĐ-ĐHBĐ được ban hành vào ngày nào?,Ngày 8 tháng 3 năm 2024.,,,Giảng viên
QD_558,Cơ quan nào ban hành Quyết định 558?,Hiệu trưởng Trường Đại học Bình Dương.,,,Giảng viên
QD_558,Nội dung chính của Quyết định 558 là gì?,"Điều chỉnh chuyên ngành đào tạo đại học chính quy khóa 23 ngành Công nghệ thông tin, Robot và Trí tuệ nhân tạo tại cơ sở chính.",,,Giảng viên
QD_558,Chuyên ngành nào được điều chỉnh trong Quyết định 558?,Chuyên ngành 'Robotics và Trí tuệ nhân tạo' được điều chỉnh thành 'Kỹ thuật phần mềm'.,,,Giảng viên
QD_558,Quyết định 558 áp dụng cho lớp nào?,Lớp 23TH01 thuộc khóa tuyển sinh năm 2020 (khóa 23).,,,Giảng viên
QD_558,Căn cứ pháp lý chính để ban hành Quyết định 558 là gì?,"Luật Giáo dục đại học năm 2012, Luật sửa đổi năm 2018 và các văn bản hướng dẫn khác của Chính phủ và Trường Đại học Bình Dương.",,,Giảng viên
QD_558,Quyết định 558 có hiệu lực từ khi nào?,"Kể từ ngày ký, tức là ngày 8 tháng 3 năm 2024.",,,Giảng viên
QD_558,Ai đề xuất việc điều chỉnh chuyên ngành trong Quyết định 558?,Trưởng phòng Quản lý đào tạo và Công tác sinh viên.,,,Giảng viên
QD_558,Các đơn vị nào chịu trách nhiệm thực hiện Quyết định 558?,"Phòng Quản lý đào tạo và Công tác sinh viên, Phòng Tổng hợp, Phòng Đảm bảo chất lượng và Khảo thí, Khoa Công nghệ thông tin, Robot và Trí tuệ nhân tạo, các đơn vị và cá nhân liên quan.",,,Giảng viên
QD_558,Việc điều chỉnh chuyên ngành có áp dụng cho toàn ngành không?,"Không, chỉ áp dụng cho nhóm sinh viên lớp 23TH01.",,,Giảng viên
QD_558,Việc điều chỉnh chuyên ngành trong Quyết định 558 nhằm mục đích gì?,"Có thể để phù hợp với nhu cầu thị trường lao động, định hướng phát triển ngành học hoặc tối ưu hóa nguồn lực đào tạo.",,,Giảng viên
QD_866,"Trường Đại học Bình Dương đã ban hành quyết định gì liên quan đến việc phân công Giáo viên chủ nhiệm, Cố vấn học tập năm học 2024-2025?",Trường Đại học Bình Dương đã ban hành Quyết định điều chỉnh việc phân công Giáo viên chủ nhiệm và Cố vấn học tập cho năm học 2024-2025.,,,Giảng viên
QD_866,"Quyết định điều chỉnh phân công Giáo viên chủ nhiệm, Cố vấn học tập năm học 2024-2025 có hiệu lực từ khi nào?","Quyết định có hiệu lực kể từ ngày ký, tức ngày 1 tháng 4 năm 2025, và áp dụng cho năm học 2024-2025.",,,Giảng viên
QD_866,"Việc điều chỉnh phân công Giáo viên chủ nhiệm, Cố vấn học tập năm học 2024-2025 được ban hành căn cứ vào những cơ sở pháp lý nào?","Căn cứ vào Luật Giáo dục, Luật sửa đổi bổ sung năm 2012, 2018; các văn bản hướng dẫn thi hành năm 2019; các quyết định tổ chức hoạt động của trường (791/TTg, 1420/QĐ-TTg); các nghị quyết Hội đồng trường (02/NQ-ĐHBD-HNNĐT, 03/NQ-ĐHBD-HNNĐT, 04/NQ-ĐHBD-HĐQT) và các quyết định phân công trước đây (1780/QĐ-ĐHBD, 2234/QĐ-ĐHBD).",,,Giảng viên
QD_866,"Ai là người ký ban hành Quyết định điều chỉnh phân công Giáo viên chủ nhiệm, Cố vấn học tập năm học 2024-2025?",Hiệu trưởng Trường Đại học Bình Dương - ông Cao Việt Hiếu là người ký ban hành Quyết định vào ngày 1 tháng 4 năm 2025.,,,Giảng viên
QD_866,"Theo quy định trong quyết định, giảng viên được phân công nhiệm vụ Giáo viên chủ nhiệm, Cố vấn học tập sẽ được hưởng quyền lợi gì?","Theo Điều 2 của Quyết định, giảng viên được phân công thực hiện nhiệm vụ Giáo viên chủ nhiệm, Cố vấn học tập sẽ được hưởng các quyền lợi theo quy định hiện hành của Trường Đại học Bình Dương.",,,Giảng viên
QD_866,"Danh sách điều chỉnh phân công Giáo viên chủ nhiệm, Cố vấn học tập năm học 2024-2025 có được ban hành kèm theo Quyết định không?","Có, danh sách điều chỉnh phân công Giáo viên chủ nhiệm, Cố vấn học tập năm học 2024-2025 được đính kèm theo Quyết định.",,,Giảng viên
QD_866,"Trong danh sách điều chỉnh phân công Giáo viên chủ nhiệm, Cố vấn học tập, chức danh Giáo viên chủ nhiệm và Cố vấn học tập có được phân biệt rõ không?","Có, trong danh sách đính kèm ghi rõ từng chức danh là Giáo viên chủ nhiệm hoặc Cố vấn học tập được phân công cho từng lớp.",,,Giảng viên
QD_866,Ai là giảng viên được phân công làm Cố vấn học tập của lớp 26TH02?,"Theo danh sách đính kèm, thầy Nguyễn Hữu Quyền được phân công làm Cố vấn học tập cho lớp 26TH02.",,,Giảng viên
QD_866,Một giảng viên có thể đồng thời đảm nhiệm cả hai vai trò Giáo viên chủ nhiệm và Cố vấn học tập không?,"Có, ví dụ thầy Nguyễn Hữu Quyền trong Quyết định được phân công đồng thời làm Giáo viên chủ nhiệm và Cố vấn học tập cho một số lớp.",,,Giảng viên
QD_866,"Danh sách điều chỉnh phân công Giáo viên chủ nhiệm, Cố vấn học tập áp dụng cho năm học nào?",Danh sách áp dụng cho năm học 2024-2025.,,,Giảng viên
QD_866,"Danh sách điều chỉnh phân công Giáo viên chủ nhiệm, Cố vấn học tập có áp dụng cho toàn bộ các lớp trong trường không?","Không, danh sách chỉ áp dụng cho các lớp cụ thể được liệt kê trong Quyết định điều chỉnh.",,,Giảng viên
QD_866,"Theo Quyết định điều chỉnh phân công, nhiệm vụ của Giáo viên chủ nhiệm là gì?","Giáo viên chủ nhiệm có nhiệm vụ hướng dẫn, hỗ trợ sinh viên trong học tập, rèn luyện, và công tác giáo dục trong suốt năm học.",,,Giảng viên
QD_866,Cơ sở đào tạo của các lớp được phân công trong Quyết định là tại đâu?,Tất cả các lớp trong danh sách điều chỉnh đều thuộc cơ sở Bình Dương của Trường Đại học Bình Dương.,,,Giảng viên
QD_866,Ngành đào tạo của các lớp được điều chỉnh phân công trong Quyết định là ngành gì?,Các lớp trong danh sách điều chỉnh đều thuộc ngành Đại học chính quy - Công nghệ thông tin.,,,Giảng viên
QD_866,"Cơ sở pháp lý quy định quyền lợi của giảng viên được phân công Giáo viên chủ nhiệm, Cố vấn học tập nằm ở đâu trong Quyết định?","Cơ sở pháp lý quy định quyền lợi nằm tại Điều 2 của Quyết định điều chỉnh phân công Giáo viên chủ nhiệm, Cố vấn học tập năm học 2024-2025.",,,Giảng viên
QD_866,"Theo danh sách đính kèm Quyết định, tổng số lớp được phân công Giáo viên chủ nhiệm, Cố vấn học tập là bao nhiêu?","Theo danh sách đính kèm, có tổng cộng 5 lớp được phân công Giáo viên chủ nhiệm, Cố vấn học tập trong Quyết định điều chỉnh năm học 2024-2025.",,,Giảng viên
QD_1341,Mục đích chính của Quyết định số 1341/QĐ-ĐHBD là gì?,"Mục đích chính của Quyết định số 1341/QĐ-ĐHBD là xử lý học vụ cho sinh viên Trường Đại học Bình Dương trong học kỳ 2, năm học 2022-2023.",,,Giảng viên
QD_1341,Việc xử lý học vụ trong học kỳ 2 năm học 2022-2023 phản ánh điều gì về tình hình học tập của sinh viên?,"Việc xử lý học vụ đối với tổng cộng 935 sinh viên, trong đó có 679 sinh viên bị buộc thôi học và 256 sinh viên bị cảnh cáo, phản ánh những thách thức lớn trong việc duy trì chất lượng và kết quả học tập tại Trường Đại học Bình Dương.",,,Giảng viên
QD_1341,Quyết định số 1341/QĐ-ĐHBD thể hiện sự minh bạch trong quản lý học vụ của nhà trường như thế nào?,"Quyết định số 1341/QĐ-ĐHBD kèm theo danh sách chi tiết sinh viên bị xử lý học vụ, bao gồm mã số sinh viên, họ tên, hình thức xử lý, ngành học, lớp học, trình độ và hình thức đào tạo, qua đó thể hiện sự minh bạch và công khai trong công tác xử lý học vụ.",,,Giảng viên
QD_1341,Vai trò của cố vấn học tập và giảng viên chủ nhiệm trong việc hỗ trợ sinh viên bị xử lý học vụ theo Quyết định số 1341/QĐ-ĐHBD là gì?,"Cố vấn học tập và giảng viên chủ nhiệm có trách nhiệm tư vấn, hỗ trợ sinh viên trong việc điều chỉnh kế hoạch học tập, đăng ký học phần phù hợp để giúp sinh viên cải thiện kết quả học vụ, đặc biệt đối với những sinh viên bị cảnh cáo học vụ.",,,Giảng viên
QD_1341,Sự khác biệt về số lượng sinh viên bị xử lý học vụ giữa các ngành đào tạo cho thấy điều gì?,Sự chênh lệch về số lượng sinh viên bị xử lý học vụ giữa các ngành cho thấy có những khó khăn và đặc thù riêng trong từng chương trình đào tạo hoặc đặc điểm học tập của sinh viên theo từng ngành học tại Trường Đại học Bình Dương.,,,Giảng viên
QD_1341,Việc ban hành Quyết định số 1341/QĐ-ĐHBD phản ánh điều gì về việc thực thi quy chế đào tạo của nhà trường?,"Việc ban hành Quyết định số 1341/QĐ-ĐHBD thể hiện sự nghiêm túc của Trường Đại học Bình Dương trong việc thực thi các quy định học vụ, đảm bảo kỷ luật đào tạo và chất lượng đào tạo theo đúng quy định đã ban hành.",,,Giảng viên
QD_1341,Ai là người ký ban hành Quyết định số 1341/QĐ-ĐHBD?,"Hiệu trưởng Trường Đại học Bình Dương là người ký ban hành Quyết định số 1341/QĐ-ĐHBD, trên cơ sở đề nghị của Trưởng phòng Quản lý đào tạo và Công tác sinh viên.",,,Giảng viên
QD_1341,Phòng Quản lý đào tạo và Công tác sinh viên có vai trò gì trong việc thực hiện Quyết định số 1341/QĐ-ĐHBD?,"Phòng Quản lý đào tạo và Công tác sinh viên là đơn vị chủ trì, phối hợp với các phòng ban và khoa/bộ môn liên quan để tổ chức triển khai và giám sát thực hiện nội dung Quyết định số 1341/QĐ-ĐHBD.",,,Giảng viên
QD_1341,Quyết định số 791/TTg của Thủ tướng Chính phủ liên quan gì đến Trường Đại học Bình Dương?,"Quyết định số 791/TTg ngày 24/9/1997 của Thủ tướng Chính phủ là văn bản thành lập Trường Đại học Dân lập Bình Dương, làm căn cứ pháp lý ban đầu cho sự tồn tại và hoạt động của nhà trường.",,,Giảng viên
QD_1341,Quyết định số 1420/QĐ-TTg của Thủ tướng Chính phủ có vai trò gì trong quá trình phát triển của Trường Đại học Bình Dương?,"Quyết định số 1420/QĐ-TTg ngày 19/9/2017 của Thủ tướng Chính phủ là văn bản cho phép chuyển đổi Trường Đại học Dân lập Bình Dương thành Trường Đại học tư thục Bình Dương, đánh dấu sự chuyển đổi về loại hình tổ chức hoạt động của nhà trường.",,,Giảng viên
QD_1341,Có bao nhiêu quyết định về Quy chế đào tạo trình độ đại học theo tín chỉ được viện dẫn trong Quyết định số 1341/QĐ-ĐHBD?,"Có ba quyết định về Quy chế đào tạo trình độ đại học theo tín chỉ được viện dẫn gồm: Quyết định số 200/QĐ-ĐHBD (2014), Quyết định số 484/QĐ-ĐHBD (2021), và Quyết định số 612/QĐ-ĐHBD (2022).",,,Giảng viên
QD_1341,Quyết định số 1123/QĐ-ĐHBD liên quan đến nội dung gì?,"Quyết định số 1123/QĐ-ĐHBD ngày 04/10/2022 liên quan đến việc thành lập Hội đồng thi đua, khen thưởng và kỷ luật sinh viên năm học 2022-2023 tại Trường Đại học Bình Dương.",,,Giảng viên
QD_1341,Tổng số sinh viên bị xử lý học vụ theo Quyết định số 1341/QĐ-ĐHBD là bao nhiêu?,"Tổng cộng có 935 sinh viên bị xử lý học vụ trong học kỳ 2, năm học 2022-2023 theo Quyết định số 1341/QĐ-ĐHBD.",,,Giảng viên
QD_1341,Số sinh viên bị buộc thôi học theo Quyết định số 1341/QĐ-ĐHBD là bao nhiêu?,"Có 679 sinh viên bị buộc thôi học trong học kỳ 2, năm học 2022-2023 theo Quyết định số 1341/QĐ-ĐHBD.",,,Giảng viên
QD_1341,Số sinh viên bị cảnh cáo học vụ theo Quyết định số 1341/QĐ-ĐHBD là bao nhiêu?,"Có 256 sinh viên bị cảnh cáo học vụ trong học kỳ 2, năm học 2022-2023 theo Quyết định số 1341/QĐ-ĐHBD.",,,Giảng viên
QD_1341,Sinh viên bị xử lý học vụ thuộc những ngành đào tạo nào?,"Sinh viên bị xử lý học vụ thuộc nhiều ngành như Quản trị kinh doanh, Tài chính - Ngân hàng, Luật kinh tế, Ngôn ngữ Anh, Công nghệ kỹ thuật ô tô, Công nghệ thông tin, Kế toán cùng nhiều ngành khác được liệt kê chi tiết trong quyết định.",,,Giảng viên
QD_1341,Có những ngành đào tạo nào không có sinh viên bị xử lý học vụ?,"Một số ngành không có sinh viên bị xử lý học vụ trong học kỳ 2 năm học 2022-2023 như: Công nghệ sinh học, Dược học hệ Hàn Quốc học, Nhật Bản học văn bằng 2, Công nghệ thực phẩm văn bằng 2, Logistics và Quản lý chuỗi cung ứng văn bằng 2, Văn học văn bằng 2.",,,Giảng viên
QD_1341,Danh sách sinh viên bị buộc thôi học được công bố ở đâu trong Quyết định số 1341/QĐ-ĐHBD?,Danh sách sinh viên bị buộc thôi học được công bố trong phụ lục đính kèm Quyết định số 1341/QĐ-ĐHBD từ trang 4 đến trang 38.,,,Giảng viên
QD_1341,Danh sách sinh viên bị cảnh cáo học vụ nằm ở đâu trong Quyết định số 1341/QĐ-ĐHBD?,Danh sách sinh viên bị cảnh cáo học vụ được công bố trong phụ lục đính kèm Quyết định số 1341/QĐ-ĐHBD từ trang 39 đến trang 61.,,,Giảng viên
QD_1341,Những đơn vị nào chịu trách nhiệm hỗ trợ sinh viên bị xử lý học vụ?,"Các Khoa, Viện, Trung tâm, Phòng Quản lý đào tạo và Công tác sinh viên, Phòng Tài chính - Kế toán, Phòng Tổng hợp, Phòng Bảo đảm chất lượng và khảo thí, cùng cố vấn học tập, giảng viên chủ nhiệm đều có trách nhiệm phối hợp hỗ trợ sinh viên bị xử lý học vụ.",,,Giảng viên
QD_1341,Sinh viên bị cảnh cáo học vụ nhận được những hỗ trợ gì?,"Sinh viên bị cảnh cáo học vụ được nhà trường yêu cầu các đơn vị liên quan tư vấn, hỗ trợ điều chỉnh kế hoạch học tập, đăng ký học phần nhằm khắc phục kết quả học vụ yếu kém.",,,Giảng viên
QD_1341,Lý do Trường Đại học Bình Dương ban hành Quyết định số 1341/QĐ-ĐHBD?,Quyết định số 1341/QĐ-ĐHBD được ban hành nhằm đảm bảo thực hiện đúng các quy định về xử lý học vụ đã được quy định trong hệ thống các quy chế đào tạo của Trường Đại học Bình Dương.,,,Giảng viên
QD_1341,Những hình thức đào tạo nào có sinh viên bị xử lý học vụ theo Quyết định số 1341/QĐ-ĐHBD?,"Sinh viên thuộc các hình thức đào tạo như đại học chính quy, vừa làm vừa học, liên thông, văn bằng 2 và từ xa đều có trường hợp bị xử lý học vụ.",,,Giảng viên
QD_1341,Căn cứ pháp lý xử lý học vụ được quy định trong những văn bản nào?,"Quyết định số 1341/QĐ-ĐHBD căn cứ trên hệ thống quy chế đào tạo tín chỉ, các quyết định nội bộ của Trường Đại học Bình Dương và các văn bản pháp luật hiện hành về giáo dục đại học tại Việt Nam.",,,Giảng viên
QD_1341,Sinh viên bị buộc thôi học có được tiếp tục học tại trường không?,"Sinh viên bị buộc thôi học sẽ không được tiếp tục theo học tại trường theo chương trình hiện tại, trừ trường hợp có quyết định khác do Trường Đại học Bình Dương ban hành.",,,Giảng viên
QD_1341,Ai ký quyết định xử lý học vụ học kỳ 2 năm học 2022–2023?,"Quyết định được ban hành bởi Hiệu trưởng Trường Đại học Bình Dương, theo đề nghị của Trưởng phòng Quản lý đào tạo và Công tác sinh viên.",,,Giảng viên
QD_2080,Quyết định số 2080/QĐ-ĐHBD được ban hành vào ngày nào và do ai ký ban hành?,Quyết định số 2080/QĐ-ĐHBD được ký ban hành ngày 04 tháng 10 năm 2024 bởi Hiệu trưởng Trường Đại học Bình Dương.,,,Giảng viên
QD_2080,Mục đích ban hành Quyết định số 2080/QĐ-ĐHBD của Trường Đại học Bình Dương là gì?,Mục đích của Quyết định số 2080/QĐ-ĐHBD là thành lập Hội đồng đánh giá kết quả rèn luyện sinh viên Trường Đại học Bình Dương năm học 2024–2025 (tái cơ cấu).,,,Giảng viên
QD_2080,Lý do Hội đồng đánh giá kết quả rèn luyện sinh viên năm học 2024–2025 được ghi chú là '(tái cơ cấu)' là gì?,"Việc ghi chú '(tái cơ cấu)' cho thấy đây là sự điều chỉnh, sắp xếp lại thành phần nhân sự và cơ cấu tổ chức của Hội đồng đã có trước đó nhằm nâng cao hiệu quả hoạt động trong năm học 2024–2025.",,,Giảng viên
QD_2080,Số lượng thành viên tham gia Hội đồng đánh giá kết quả rèn luyện sinh viên năm học 2024–2025 là bao nhiêu người?,"Hội đồng đánh giá kết quả rèn luyện sinh viên năm học 2024–2025 có tổng cộng 25 thành viên, bao gồm Chủ tịch, các Ủy viên và Thư ký Hội đồng.",,,Giảng viên
QD_2080,Ai giữ chức vụ Chủ tịch Hội đồng đánh giá kết quả rèn luyện sinh viên theo Quyết định số 2080/QĐ-ĐHBD?,Chủ tịch Hội đồng đánh giá kết quả rèn luyện sinh viên theo Quyết định số 2080/QĐ-ĐHBD là bà Đỗ Đoan Trang – Phó Hiệu trưởng thường trực Trường Đại học Bình Dương.,,,Giảng viên
QD_2080,Ai là Thư ký Hội đồng đánh giá kết quả rèn luyện sinh viên theo Quyết định số 2080/QĐ-ĐHBD?,Ông Nguyễn Phi Long – Nhân viên Phòng Quản lý đào tạo và Công tác sinh viên được phân công làm Thư ký Hội đồng.,,,Giảng viên
QD_2080,Nhiệm vụ chính của Hội đồng đánh giá kết quả rèn luyện sinh viên năm học 2024–2025 là gì?,Hội đồng có nhiệm vụ thực hiện đánh giá kết quả rèn luyện của sinh viên theo đúng quy định của Trường Đại học Bình Dương và quy chế tổ chức đánh giá kết quả rèn luyện sinh viên năm học 2024–2025.,,,Giảng viên
QD_2080,Hội đồng đánh giá kết quả rèn luyện sinh viên có quyền tham mưu điều chỉnh quy chế rèn luyện không?,"Hội đồng có quyền tham mưu, đề xuất điều chỉnh Quy chế đánh giá kết quả rèn luyện sinh viên theo tình hình thực tế nếu phát sinh nhu cầu thay đổi nhằm phù hợp với điều kiện đào tạo.",,,Giảng viên
QD_2080,Các thành viên Hội đồng đánh giá kết quả rèn luyện sinh viên có được hưởng chế độ gì không?,Các thành viên Hội đồng đánh giá kết quả rèn luyện sinh viên được hưởng chế độ phụ cấp trách nhiệm theo quy định chung của Trường Đại học Bình Dương (nếu có).,,,Giảng viên
QD_2080,Thời gian hoạt động của Hội đồng đánh giá kết quả rèn luyện sinh viên theo Quyết định số 2080/QĐ-ĐHBD được xác định như thế nào?,Hội đồng đánh giá kết quả rèn luyện sinh viên tự giải thể sau khi hoàn thành đầy đủ nhiệm vụ được giao theo nội dung của Quyết định số 2080/QĐ-ĐHBD.,,,Giảng viên
QD_2080,Hiệu lực thi hành của Quyết định số 2080/QĐ-ĐHBD bắt đầu từ thời điểm nào?,"Quyết định số 2080/QĐ-ĐHBD có hiệu lực kể từ ngày ký ban hành, tức ngày 04 tháng 10 năm 2024.",,,Giảng viên
QD_2080,Việc công khai danh sách thành viên Hội đồng đánh giá kết quả rèn luyện sinh viên mang ý nghĩa gì?,"Việc công khai danh sách thành viên Hội đồng nhằm đảm bảo tính minh bạch, công khai, đồng thời xác định rõ trách nhiệm của từng cá nhân tham gia trong quá trình thực hiện đánh giá kết quả rèn luyện sinh viên.",,,Giảng viên
QD_2080,Mục đích trọng tâm của Hội đồng đánh giá kết quả rèn luyện sinh viên được thành lập theo Quyết định số 2080/QĐ-ĐHBD là gì?,Mục đích trọng tâm của Hội đồng là tổ chức đánh giá kết quả rèn luyện của sinh viên Trường Đại học Bình Dương trong năm học 2024–2025 theo quy định hiện hành.,,,Giảng viên
QD_2080,"Ngoài nhiệm vụ đánh giá kết quả rèn luyện, Hội đồng đánh giá còn có quyền hạn gì khác?","Ngoài nhiệm vụ chính, Hội đồng còn có quyền tham mưu, đề xuất điều chỉnh Quy chế đánh giá kết quả rèn luyện sinh viên theo yêu cầu thực tiễn và hưởng các chế độ phụ cấp trách nhiệm theo quy định chung của Nhà trường (nếu có).",,,Giảng viên
QD_2080,Ai là người được phân công giữ vai trò Thư ký Hội đồng đánh giá kết quả rèn luyện sinh viên năm học 2024–2025?,Ông Nguyễn Phi Long – Nhân viên Phòng Quản lý đào tạo và Công tác sinh viên được phân công giữ vai trò Thư ký Hội đồng theo Quyết định số 2080/QĐ-ĐHBD.,,,Giảng viên
QD_468,Quyết định số 468/QĐ-ĐHBD quy định về nội dung gì?,Quyết định số 468/QĐ-ĐHBD quy định về việc ban hành Hướng dẫn phương pháp giảng dạy và đánh giá học phần tại Trường Đại học Bình Dương.,,,Giảng viên
QD_468,Ai là người ký ban hành Quyết định số 468/QĐ-ĐHBD và vào ngày nào?,Hiệu trưởng Trường Đại học Bình Dương là người ký ban hành Quyết định số 468/QĐ-ĐHBD vào ngày 21 tháng 3 năm 2023.,,,Giảng viên
QD_468,Mục đích chính của Hướng dẫn phương pháp giảng dạy và đánh giá học phần theo Quyết định số 468/QĐ-ĐHBD là gì?,"Mục đích nhằm hệ thống hóa các phương pháp giảng dạy và đánh giá học phần để đảm bảo chất lượng đào tạo, nâng cao hiệu quả dạy - học và đánh giá chính xác năng lực của sinh viên.",,,Giảng viên
QD_468,Căn cứ pháp lý ban hành Hướng dẫn phương pháp giảng dạy và đánh giá học phần theo Quyết định số 468/QĐ-ĐHBD là gì?,"Căn cứ các quyết định, nghị quyết của Thủ tướng Chính phủ, Bộ Giáo dục và Đào tạo, Hội đồng Trường Đại học Bình Dương liên quan đến tổ chức, hoạt động và chất lượng đào tạo của nhà trường.",,,Giảng viên
QD_468,Đối tượng áp dụng của Hướng dẫn phương pháp giảng dạy và đánh giá học phần theo Quyết định số 468/QĐ-ĐHBD là những ai?,"Hướng dẫn áp dụng cho toàn bộ cán bộ giảng dạy, các phòng/ban, khoa, trung tâm, các đơn vị chức năng và các cá nhân liên quan trong toàn trường chịu trách nhiệm thực hiện.",,,Giảng viên
QD_468,Quyết định số 468/QĐ-ĐHBD quy định các chuẩn đầu ra chương trình đào tạo bao gồm những nội dung gì?,"Chuẩn đầu ra bao gồm ba nhóm nội dung chính: Kiến thức, Kỹ năng và Mức độ tự chủ, tự chịu trách nhiệm. Cụ thể được trình bày trong Bảng 1 của tài liệu.",,,Giảng viên
QD_468,Chuẩn đầu ra về Kiến thức (Knowledge) trong Quyết định số 468/QĐ-ĐHBD gồm những nội dung gì?,"Bao gồm kiến thức lý luận chính trị, pháp luật, quốc phòng an ninh, khoa học xã hội và nhân văn, khoa học tự nhiên và khả năng vận dụng kiến thức vào lĩnh vực đào tạo, khoa học và đời sống.",,,Giảng viên
QD_468,Chuẩn đầu ra về Kỹ năng (Skills) trong Quyết định số 468/QĐ-ĐHBD gồm những kỹ năng gì?,"Gồm các kỹ năng: thu thập, phân tích thông tin, giải quyết vấn đề, xây dựng ý tưởng, giao tiếp, làm việc nhóm, tư duy phản biện, kỹ năng nghề nghiệp chuyên sâu và kỹ năng kiến tạo thương hiệu cá nhân.",,,Giảng viên
QD_468,"Chuẩn đầu ra về Mức độ tự chủ, tự chịu trách nhiệm (Autonomy, Responsibility) trong Quyết định số 468/QĐ-ĐHBD thể hiện nội dung gì?","Thể hiện khả năng làm việc độc lập, làm việc nhóm hiệu quả, thích ứng với môi trường làm việc, tinh thần trách nhiệm, đạo đức nghề nghiệp, lối sống tích cực và trách nhiệm công dân.",,,Giảng viên
QD_468,Quyết định số 468/QĐ-ĐHBD quy định những nhóm phương pháp giảng dạy chính nào?,Bao gồm: Dạy học trực tiếp; Dạy học dựa vào hoạt động - trải nghiệm; Dạy học dựa vào nghệ thuật; Dạy kỹ năng tư duy; Dạy học tương tác; Dạy học theo hướng nghiên cứu; Dạy học dựa vào công nghệ; và Tự học.,,,Giảng viên
QD_468,Ví dụ về phương pháp Dạy học dựa vào hoạt động - trải nghiệm trong Quyết định số 468/QĐ-ĐHBD là gì?,"Gồm các phương pháp như: trò chơi, thực hành, thí nghiệm, thực tập thực tế, thảo luận, tranh biện, mô hình, mô phỏng, đóng vai, giải quyết vấn đề, tập kích não, học theo tình huống.",,,Giảng viên
QD_468,Quyết định số 468/QĐ-ĐHBD đưa ra những phương pháp đánh giá học phần nào?,"Bao gồm 3 nhóm: Đánh giá quá trình (On-going/Formative Assessment), Tự học tại thư viện và Đánh giá tổng kết (Summative Assessment).",,,Giảng viên
QD_468,Đánh giá quá trình (On-going/Formative Assessment) theo Quyết định số 468/QĐ-ĐHBD bao gồm những hình thức nào?,"Bao gồm: đánh giá chuyên cần, đánh giá bài tập cá nhân, đánh giá bài thuyết trình và đánh giá làm việc nhóm.",,,Giảng viên
QD_468,Đánh giá tổng kết (Summative Assessment) theo Quyết định số 468/QĐ-ĐHBD bao gồm những hình thức nào?,"Bao gồm: kiểm tra viết, kiểm tra trắc nghiệm, đánh giá báo cáo/tiểu luận, đánh giá thực tập, đánh giá thực hành tại phòng thí nghiệm, bài tập lớn, bảo vệ đề tài, thi vấn đáp và khóa luận tốt nghiệp.",,,Giảng viên
QD_468,Việc đánh giá kết quả học tập trong Quyết định số 468/QĐ-ĐHBD được thực hiện theo thang nhận thức nào?,"Theo thang nhận thức Bloom, gồm các cấp độ: Ghi nhớ, Hiểu biết, Vận dụng, Phân tích, Đánh giá và Sáng tạo.",,,Giảng viên
QD_468,"Theo thang Bloom, cấp độ Hiểu biết (Understand) được định nghĩa như thế nào trong Quyết định số 468/QĐ-ĐHBD?","Sinh viên nắm được ý nghĩa thông tin, có khả năng diễn giải, suy luận, liên hệ và ứng dụng những kiến thức đã học vào các tình huống tương tự.",,,Giảng viên
QD_468,Quy trình thiết kế ma trận đề thi trong Quyết định số 468/QĐ-ĐHBD gồm những bước gì?,"Bao gồm: xác định chủ đề, viết chuẩn đánh giá cho từng cấp độ tư duy, phân phối điểm số, xác định số lượng câu hỏi phù hợp với mỗi cấp độ nhận thức Bloom.",,,Giảng viên
QD_468,Rubric trong Quyết định số 468/QĐ-ĐHBD được sử dụng với mục đích gì?,"Rubric được sử dụng để mô tả chi tiết các tiêu chí đánh giá kết quả học tập một cách hệ thống, đảm bảo công bằng, minh bạch và khách quan.",,,Giảng viên
QD_468,Có những loại Rubric nào được quy định trong Quyết định số 468/QĐ-ĐHBD?,Gồm hai loại: Rubric tổng hợp (Holistic Rubric) đánh giá tổng thể và Rubric phân tích (Analytic Rubric) đánh giá chi tiết từng tiêu chí nhỏ.,,,Giảng viên
QD_468,Nguyên tắc thiết kế Rubric trong Quyết định số 468/QĐ-ĐHBD gồm những gì?,"Gồm các nguyên tắc: lý tưởng hóa, phân hóa, khách quan hóa, kích thích động lực học tập và phát triển năng lực người học.",,,Giảng viên
QD_468,Quy trình xây dựng Rubric trong Quyết định số 468/QĐ-ĐHBD gồm mấy bước?,"Gồm 5 bước: xây dựng tiêu chí đánh giá, xác định sự tương thích với chuẩn đầu ra, xác định mức đánh giá, mô tả cụ thể các mức điểm và sử dụng, điều chỉnh Rubric sau thực tế áp dụng.",,,Giảng viên
QD_468,"Quyết định số 468/QĐ-ĐHBD có quy định về ma trận liên kết phương pháp giảng dạy, đánh giá và chuẩn đầu ra không?","Có, tài liệu đưa ra các bảng (Bảng 3, Bảng 4, Bảng 5) thể hiện mối quan hệ giữa phương pháp giảng dạy, phương pháp đánh giá và các chuẩn đầu ra (PLOs).",,,Giảng viên
QD_468,Việc điều chỉnh Rubric đánh giá trong Quyết định số 468/QĐ-ĐHBD được xem như một quá trình như thế nào?,"Là một quá trình điều chỉnh liên tục, có sự tham gia của giảng viên, sinh viên và chuyên gia nhằm đảm bảo Rubric phù hợp thực tiễn và mục tiêu đào tạo.",,,Giảng viên
QD_868,Tài liệu QD_868 quy định về vấn đề gì?,Tài liệu QD_868 quy định về Khung kế hoạch thời gian năm học 2024-2025 tại Trường Đại học Bình Dương.,,,Giảng viên
QD_868,Thời gian bắt đầu và kết thúc năm học 2024-2025 là khi nào?,Năm học 2024-2025 tại Trường Đại học Bình Dương bắt đầu từ ngày 09/9/2024 và kết thúc vào ngày 07/9/2025.,,,Giảng viên
QD_868,Học kỳ 1 của năm học 2024-2025 diễn ra trong thời gian nào?,Học kỳ 1 của năm học 2024-2025 diễn ra từ ngày 09/9/2024 đến ngày 29/12/2024.,,,Giảng viên
QD_868,Học kỳ 2 của năm học 2024-2025 diễn ra trong thời gian nào?,Học kỳ 2 của năm học 2024-2025 diễn ra từ ngày 30/12/2024 đến ngày 27/4/2025.,,,Giảng viên
QD_868,Học kỳ 3 của năm học 2024-2025 diễn ra trong thời gian nào?,Học kỳ 3 của năm học 2024-2025 diễn ra từ ngày 28/4/2025 đến ngày 10/8/2025.,,,Giảng viên
QD_868,Kỳ nghỉ hè của năm học 2024-2025 diễn ra khi nào?,Kỳ nghỉ hè của năm học 2024-2025 diễn ra từ ngày 11/8/2025 đến ngày 07/9/2025.,,,Giảng viên
QD_868,Lễ khai giảng năm học 2024-2025 được tổ chức vào ngày nào?,Lễ khai giảng năm học 2024-2025 được tổ chức vào ngày 09/9/2024.,,,Giảng viên
QD_868,Ngày Nhà giáo Việt Nam trong năm học 2024-2025 rơi vào ngày nào?,Ngày Nhà giáo Việt Nam trong năm học 2024-2025 rơi vào ngày 20/11/2024.,,,Giảng viên
QD_868,Thời gian nghỉ Tết Nguyên đán trong năm học 2024-2025 diễn ra từ ngày nào đến ngày nào?,Thời gian nghỉ Tết Nguyên đán trong năm học 2024-2025 diễn ra từ ngày 20/01/2025 đến hết ngày 02/02/2025.,,,Giảng viên
QD_868,"Theo Quyết định QD_868, các đơn vị trong Trường Đại học Bình Dương có trách nhiệm gì?","Theo Quyết định QD_868, các đơn vị trong Trường Đại học Bình Dương có trách nhiệm xây dựng kế hoạch chi tiết và triển khai thực hiện theo chức năng, nhiệm vụ được giao.",,,Giảng viên
QD_868,"Theo Quyết định QD_868, Phòng Quản lý đào tạo và Công tác sinh viên có trách nhiệm gì?","Theo Quyết định QD_868, Phòng Quản lý đào tạo và Công tác sinh viên có trách nhiệm tổng hợp, báo cáo và tham mưu Hiệu trưởng về các vấn đề phát sinh trong quá trình thực hiện kế hoạch năm học.",,,Giảng viên
QD_868,Ngày Quốc khánh 02/9/2025 thuộc thời gian nào của năm học 2024-2025?,Ngày Quốc khánh 02/9/2025 rơi vào thứ Ba và thuộc kỳ nghỉ hè của năm học 2024-2025.,,,Giảng viên
QD_868,Ngày kỷ niệm 27 năm thành lập Trường Đại học Bình Dương là ngày nào?,Ngày kỷ niệm 27 năm thành lập Trường Đại học Bình Dương là ngày 24/9/2024.,,,Giảng viên
QD_868,Hội nghị tổng kết năm học 2023-2024 và triển khai nhiệm vụ năm học 2024-2025 diễn ra vào ngày nào?,Hội nghị tổng kết năm học 2023-2024 và triển khai nhiệm vụ năm học 2024-2025 diễn ra vào ngày 05/8/2024.,,,Giảng viên
QD_868,Tài liệu có tên đầy đủ là gì?,Tài liệu có tên đầy đủ là 'QD_868_ban_hanh_khung_ke_hoach_thoi_gian_nam_hoc.pdf' quy định Khung kế hoạch thời gian năm học 2024-2025 cho các trình độ đào tạo tại Trường Đại học Bình Dương.,,,Giảng viên
QD_868,Khung kế hoạch thời gian năm học 2024-2025 bắt đầu và kết thúc vào thời gian nào?,Khung kế hoạch thời gian năm học 2024-2025 bắt đầu từ ngày 09/9/2024 và kết thúc vào ngày 07/9/2025.,,,Giảng viên
QD_868,Học kỳ 1 năm học 2024-2025 kéo dài bao lâu và từ ngày nào đến ngày nào?,"Học kỳ 1 kéo dài 16 tuần, từ ngày 09/9/2024 đến ngày 29/12/2024.",,,Giảng viên
QD_868,Học kỳ 2 năm học 2024-2025 kéo dài bao lâu và từ ngày nào đến ngày nào?,"Học kỳ 2 kéo dài 17 tuần, từ ngày 30/12/2024 đến ngày 27/4/2025.",,,Giảng viên
QD_868,Học kỳ 3 năm học 2024-2025 kéo dài bao lâu và từ ngày nào đến ngày nào?,"Học kỳ 3 kéo dài 15 tuần, từ ngày 28/4/2025 đến ngày 10/8/2025.",,,Giảng viên
QD_868,Kỳ nghỉ hè năm học 2024-2025 kéo dài bao lâu và từ ngày nào đến ngày nào?,"Kỳ nghỉ hè kéo dài 04 tuần, từ ngày 11/8/2025 đến ngày 07/9/2025.",,,Giảng viên
QD_868,Ngày khai giảng năm học 2024-2025 là ngày nào?,Ngày khai giảng năm học 2024-2025 là ngày 09/9/2024 (thứ Hai).,,,Giảng viên
QD_868,Hội nghị tổng kết năm học 2023-2024 và triển khai phương hướng nhiệm vụ năm học 2024-2025 tổ chức vào ngày nào?,Hội nghị tổng kết năm học 2023-2024 và triển khai phương hướng nhiệm vụ năm học 2024-2025 tổ chức vào ngày 05/8/2024 (thứ Hai).,,,Giảng viên
QD_868,Ngày kỷ niệm 27 năm thành lập Trường Đại học Bình Dương diễn ra vào ngày nào?,Ngày kỷ niệm 27 năm thành lập Trường Đại học Bình Dương diễn ra vào ngày 24/9/2024 (thứ Ba).,,,Giảng viên
QD_868,Ngày Nhà giáo Việt Nam 20/11/2024 rơi vào thứ mấy?,Ngày Nhà giáo Việt Nam 20/11/2024 rơi vào thứ Tư.,,,Giảng viên
QD_868,Thời gian nghỉ Tết Nguyên đán năm 2025 kéo dài bao lâu và diễn ra từ ngày nào đến ngày nào?,"Thời gian nghỉ Tết Nguyên đán năm 2025 kéo dài 02 tuần, từ ngày 20/01/2025 (21/12 âm lịch) đến hết ngày 02/02/2025 (05/01 âm lịch).",,,Giảng viên
QD_868,Ngày Giỗ Tổ Hùng Vương (10/3 âm lịch) năm 2025 rơi vào ngày nào dương lịch?,Ngày Giỗ Tổ Hùng Vương (10/3 âm lịch) năm 2025 rơi vào ngày 07/4/2025 (thứ Hai).,,,Giảng viên
QD_868,Ngày giải phóng miền Nam thống nhất đất nước (30/4/1975) năm 2025 rơi vào thứ mấy?,Ngày giải phóng miền Nam thống nhất đất nước (30/4/1975) năm 2025 rơi vào thứ Tư.,,,Giảng viên
QD_868,Ngày Quốc tế Lao động (01/5) năm 2025 rơi vào thứ mấy?,Ngày Quốc tế Lao động (01/5) năm 2025 rơi vào thứ Năm.,,,Giảng viên
QD_868,Ngày Quốc khánh nước Cộng hòa Xã hội Chủ nghĩa Việt Nam (02/9/1945) năm 2025 rơi vào thứ mấy?,Ngày Quốc khánh nước Cộng hòa Xã hội Chủ nghĩa Việt Nam (02/9/1945) năm 2025 rơi vào thứ Ba.,,,Giảng viên
QD_868,"Theo Quyết định QD_868, các đơn vị thuộc Trường Đại học Bình Dương có trách nhiệm gì?","Theo Quyết định QD_868, các đơn vị thuộc Trường Đại học Bình Dương có trách nhiệm triển khai xây dựng kế hoạch chi tiết để thực hiện theo chức năng, nhiệm vụ được giao.",,,Giảng viên
QD_868,"Theo Quyết định QD_868, Phòng Quản lý đào tạo và Công tác sinh viên có vai trò gì?","Theo Quyết định QD_868, Phòng Quản lý đào tạo và Công tác sinh viên có trách nhiệm tổng hợp, báo cáo tham mưu Hiệu trưởng về các vấn đề phát sinh trong quá trình thực hiện và điều chỉnh kế hoạch phù hợp với tình hình thực tế.",,,Giảng viên
QD_868,Tính chất của Quyết định QD_868 là gì?,"Quyết định QD_868 là văn bản hành chính có giá trị pháp lý, quy định cụ thể Khung kế hoạch thời gian năm học 2024-2025 tại Trường Đại học Bình Dương.",,,Giảng viên
QD_1414,Quyết định số 1414/QĐ-ĐHBD ban hành vào thời gian nào và nhằm mục đích gì?,Quyết định số 1414/QĐ-ĐHBD được ban hành ngày 18 tháng 07 năm 2024,,,Giảng viên
QD_1414,Mục đích của quyết định số 1414/QĐ-ĐHBD là gì?nhằm thành lập Ban Huấn luyện và Đội tuyển sinh viên Trường Đại học Bình Dương tham gia cuộc thi 'AIOT Developer Innoworks 2024' do Tập đoàn Advantech (Đài Loan) tổ chức.,,,,Giảng viên
QD_1414,Cơ sở pháp lý nào được sử dụng để ban hành Quyết định số 1414/QĐ-ĐHBD?,"Quyết định số 1414/QĐ-ĐHBD được ban hành dựa trên các quyết định và nghị quyết từ Chính phủ, Bộ Giáo dục và Đào tạo, Hội đồng trường và Hiệu trưởng Trường Đại học Bình Dương, bao gồm Quyết định 791/TTg, 1420/QĐ-TTg, Nghị quyết 02/NQ-ĐHBD-HNNĐ T, và các kế hoạch nội bộ của Khoa Công nghệ thông tin, Robot và Trí tuệ nhân tạo.",,,Giảng viên
QD_1414,Ban Huấn luyện tham gia cuộc thi AIOT Developer Innoworks 2024 gồm những ai và nhiệm vụ gì?,"Ban Huấn luyện gồm ông Dương Anh Tuấn (Giảng viên, hướng dẫn đội BDU-01) và ông Nguyễn Quân (Nhân viên, hướng dẫn đội BDU-02) thuộc Khoa Công nghệ thông tin, Robot và Trí tuệ nhân tạo, Trường Đại học Bình Dương.",,,Giảng viên
QD_1414,Các thành viên trong Đội tuyển sinh viên BDU-01 và BDU-02 là ai?,"Đội tuyển BDU-01 gồm: Nguyễn Thị Ngọc Mai (Đội trưởng), Lê Quang Nhân, Luyện Xuân Minh Đức, Tăng Đức Tiến, Phạm Hoàng Bửu. Đội BDU-02 gồm: Nguyễn Hoàng Nam (Đội trưởng), Nguyễn Kỳ Quang, Trần Minh Huân, Trần Gia Nguyên, Đào Văn Hiếu.",,,Giảng viên
QD_1414,Chi phí cho việc di chuyển thi đấu của Đội tuyển sinh viên được quy định như thế nào trong Quyết định số 1414/QĐ-ĐHBD?,"Chi phí di chuyển do Bộ phận Quản trị thiết bị thuộc Phòng Tổng hợp bố trí và được duyệt theo kế hoạch, bao gồm dự trù chi phí xăng và phí đường bộ.",,,Giảng viên
QD_1414,Ban Huấn luyện và Đội tuyển sinh viên có trách nhiệm gì sau khi hoàn thành cuộc thi AIOT Developer Innoworks 2024?,"Theo Quyết định số 1414/QĐ-ĐHBD, Ban Huấn luyện và Đội tuyển sinh viên sẽ tự giải thể sau khi hoàn thành nhiệm vụ tham gia cuộc thi.",,,Giảng viên
QD_1414,Ông Nguyễn Thanh Sơn có nhiệm vụ gì theo Quyết định số 1414/QĐ-ĐHBD?,"Ông Nguyễn Thanh Sơn, Phó Trưởng khoa Công nghệ thông tin, Robot và Trí tuệ nhân tạo có trách nhiệm báo cáo Hiệu trưởng Trường Đại học Bình Dương về kết quả của Đội tuyển và Ban Huấn luyện sau khi cuộc thi kết thúc.",,,Giảng viên
QD_1414,Địa điểm tổ chức cuộc thi AIOT Developer Innoworks 2024 được nêu trong Quyết định số 1414/QĐ-ĐHBD là ở đâu?,"Địa điểm tổ chức cuộc thi được nêu trong Quyết định số 1414/QĐ-ĐHBD là Trường Đại học Việt Đức, đường Vành đai 4, phường Thới Hòa, thành phố Bến Cát, tỉnh Bình Dương.",,,Giảng viên
QD_1414,Thời gian tham dự cuộc thi AIOT Developer Innoworks 2024 được xác định như thế nào trong Quyết định số 1414/QĐ-ĐHBD?,"Thời gian tham gia cuộc thi được thực hiện theo Kế hoạch số 99/KH-FIRA ngày 02 tháng 7 năm 2024 của Khoa Công nghệ thông tin, Robot và Trí tuệ nhân tạo.",,,Giảng viên
QD_1414,Trường Đại học Bình Dương thể hiện sự đầu tư như thế nào đối với hoạt động tham gia cuộc thi AIOT Developer Innoworks 2024?,"Trường Đại học Bình Dương thể hiện sự đầu tư nghiêm túc qua việc thành lập đội ngũ huấn luyện và tuyển sinh viên, hỗ trợ tài chính, hành chính và khuyến khích sinh viên tham gia các hoạt động công nghệ mang tầm quốc tế như AIOT Developer Innoworks 2024.",,,Giảng viên
QD_1414,Ngành học của các sinh viên trong Đội tuyển tham gia cuộc thi AIOT Developer Innoworks 2024 là gì?,"Tất cả sinh viên trong Đội tuyển BDU-01 và BDU-02 đều là sinh viên ngành Công nghệ thông tin, Trường Đại học Bình Dương.",,,Giảng viên
QD_1414,Kế hoạch số 99/KH-FIRA ngày 02/07/2024 có vai trò gì trong Quyết định số 1414/QĐ-ĐHBD?,"Kế hoạch số 99/KH-FIRA ngày 02/07/2024 của Khoa Công nghệ thông tin, Robot và Trí tuệ nhân tạo là căn cứ để tổ chức việc tham gia cuộc thi AIOT Developer Innoworks 2024.",,,Giảng viên
QD_1414,Tờ trình số 106/TTr-FIRA ngày 15/07/2024 có nội dung gì liên quan đến Quyết định số 1414/QĐ-ĐHBD?,Tờ trình số 106/TTr-FIRA ngày 15/07/2024 đề xuất phê duyệt bổ sung Kế hoạch tham dự cuộc thi AIOT Developer Innoworks 2024.,,,Giảng viên
QD_1414,Những phòng ban nào có trách nhiệm thực hiện thủ tục tài chính liên quan đến cuộc thi AIOT Developer Innoworks 2024 theo Quyết định số 1414/QĐ-ĐHBD?,"Phòng Tài chính - Kế toán, Phòng Tổng hợp, Phòng Thanh tra - Pháp chế và Kiểm toán nội bộ có trách nhiệm thực hiện thủ tục tài chính và thanh toán kinh phí theo Quyết định số 1414/QĐ-ĐHBD.",,,Giảng viên
QD_1414,"Sau khi giải thể, ai là người phải báo cáo kết quả tham dự cuộc thi AIOT Developer Innoworks 2024?","Ông Nguyễn Thanh Sơn - Phó Trưởng khoa, Khoa Công nghệ thông tin, Robot và Trí tuệ nhân tạo có trách nhiệm báo cáo Hiệu trưởng Trường Đại học Bình Dương về kết quả của Đội tuyển và Ban Huấn luyện.",,,Giảng viên
QD_2527,Quyết định số 2527/QĐ-ĐHBD ban hành ngày nào?,Quyết định số 2527/QĐ-ĐHBD được ban hành vào ngày 06 tháng 12 năm 2024.,,,Giảng viên
QD_2527,Quyết định số 2527/QĐ-ĐHBD có mục đích gì?,Quyết định số 2527/QĐ-ĐHBD nhằm ban hành Kế hoạch đào tạo trình độ đại học ngành Công nghệ thông tin cho người đã có bằng tốt nghiệp đại học theo hình thức chính quy và vừa làm vừa học tại Trường Đại học Bình Dương.,,,Giảng viên
QD_2527,Đối tượng áp dụng trong Quyết định số 2527/QĐ-ĐHBD là ai?,Đối tượng áp dụng là người đã có bằng tốt nghiệp đại học muốn tiếp tục học ngành Công nghệ thông tin.,,,Giảng viên
QD_2527,Thời gian đào tạo trong Quyết định số 2527/QĐ-ĐHBD là bao lâu?,Thời gian đào tạo dự kiến là 2.5 năm hoặc có thể được rút ngắn tùy theo tiến độ của người học.,,,Giảng viên
QD_2527,Có thể miễn trừ học phần nào theo Quyết định số 2527/QĐ-ĐHBD?,Các học phần đã được công nhận kết quả học tập và không nằm trong kế hoạch đào tạo hiện tại sẽ được miễn trừ.,,,Giảng viên
QD_2527,Quyết định số 2527/QĐ-ĐHBD có hiệu lực từ khi nào?,"Quyết định số 2527/QĐ-ĐHBD có hiệu lực kể từ ngày ký, tức ngày 06 tháng 12 năm 2024.",,,Giảng viên
QD_2527,Những đơn vị nào có trách nhiệm thi hành Quyết định số 2527/QĐ-ĐHBD?,"Các đơn vị gồm: Phòng Tổng hợp, Phòng Tài chính – Kế toán, Phòng Quản lý đào tạo và Công tác sinh viên, Phòng Bảo đảm chất lượng và Khảo thí, Phân hiệu Trường Đại học Bình Dương tại Cà Mau, Khoa Công nghệ thông tin, Robot và Trí tuệ nhân tạo, Viện Đào tạo mở và Nghiên cứu phát triển.",,,Giảng viên
QD_2527,Tổng số tín chỉ của chương trình đào tạo ngành Công nghệ thông tin theo Quyết định số 2527/QĐ-ĐHBD là bao nhiêu?,"Tổng số tín chỉ là 137, trong đó có 129 tín chỉ chuyên ngành và 8 tín chỉ ngoại ngữ.",,,Giảng viên
QD_2527,Môn học nào thuộc nhóm môn học cơ sở ngành được học ở năm 1 học kỳ 1 theo Quyết định số 2527/QĐ-ĐHBD?,"Các môn học gồm: Tin học cơ sở (INF1383), Nhập môn lập trình (INF0433), Mạng máy tính (INF0263), Kiến trúc máy tính (INF1393).",,,Giảng viên
QD_2527,Chương trình đào tạo ngành Công nghệ thông tin theo Quyết định số 2527/QĐ-ĐHBD chú trọng điều gì?,"Chương trình chú trọng thực hành với tổng cộng 1350 giờ, đảm bảo sinh viên có kỹ năng làm việc thực tế sau khi tốt nghiệp.",,,Giảng viên
QD_2527,Môn học nào được học ở học kỳ cuối cùng của chương trình đào tạo theo Quyết định số 2527/QĐ-ĐHBD?,"Môn học là Đồ án tốt nghiệp (INF0137) gồm 7 tín chỉ lý thuyết và 105 giờ thực hành, học ở năm 3 học kỳ 2.",,,Giảng viên
QD_2527,"Ngoài chuyên ngành, sinh viên học ngành Công nghệ thông tin theo Quyết định số 2527/QĐ-ĐHBD còn học ngoại ngữ nào?","Sinh viên học 3 môn ngoại ngữ: Tiếng Hoa 1 (CHN0052), Tiếng Hoa 2 (CHN0062), và Tiếng Anh nâng cao (ENG1664).",,,Giảng viên
QD_2527,Chương trình đào tạo ngành Công nghệ thông tin theo Quyết định số 2527/QĐ-ĐHBD có đặc điểm gì nổi bật?,"Chương trình linh hoạt cho người học đã có bằng đại học, cho phép quy đổi và miễn trừ học phần, cập nhật các xu hướng công nghệ mới, và có số giờ thực hành cao.",,,Giảng viên
QD_2527,Chương trình đào tạo ngành Công nghệ thông tin tại Trường Đại học Bình Dương áp dụng cho đối tượng nào?,Chương trình đào tạo này áp dụng cho người đã có bằng tốt nghiệp đại học muốn tiếp tục học ngành Công nghệ thông tin.,,,Giảng viên
QD_2527,Thời gian đào tạo theo Quyết định 2527/QĐ-ĐHBD là bao lâu?,Thời gian đào tạo dự kiến là 2.5 năm hoặc có thể ngắn hơn nếu tiến độ học tập được đẩy nhanh.,,,Giảng viên
QD_2527,Chương trình đào tạo theo Quyết định 2527/QĐ-ĐHBD được chia thành mấy phần chính?,"Chương trình được chia thành 2 phần chính: nhóm môn học cơ sở ngành, chuyên ngành và nhóm môn học ngoại ngữ.",,,Giảng viên
QD_2527,"Theo Quyết định 2527/QĐ-ĐHBD, tổng số tín chỉ trong chương trình đào tạo là bao nhiêu?","Tổng số tín chỉ của chương trình là 137 tín chỉ, gồm 129 tín chỉ chuyên ngành và 8 tín chỉ ngoại ngữ.",,,Giảng viên
QD_2527,Các học phần đã học trước có được miễn trừ khi học chương trình đào tạo ngành Công nghệ thông tin không?,Các học phần đã được công nhận kết quả học tập sẽ được miễn trừ nếu không nằm trong kế hoạch đào tạo hiện tại.,,,Giảng viên
QD_2527,Chương trình đào tạo ngành Công nghệ thông tin có bao nhiêu giờ thực hành?,Chương trình có tổng cộng 1350 giờ thực hành trải đều qua các học kỳ.,,,Giảng viên
QD_2527,Môn học 'Đồ án tốt nghiệp' trong chương trình đào tạo ngành CNTT có bao nhiêu tín chỉ và thời gian thực hành?,"Môn học 'Đồ án tốt nghiệp' có 7 tín chỉ lý thuyết và 105 giờ thực hành, được học vào năm 3, học kỳ 2.",,,Giảng viên
QD_2527,Ai chịu trách nhiệm thi hành Quyết định số 2527/QĐ-ĐHBD tại Trường Đại học Bình Dương?,"Các đơn vị như Phòng Tổng hợp, Phòng Tài chính – Kế toán, Phòng Quản lý đào tạo và Công tác sinh viên, Phòng Bảo đảm chất lượng và Khảo thí, Phân hiệu Cà Mau, Khoa CNTT, Viện Đào tạo mở và Nghiên cứu phát triển chịu trách nhiệm thi hành Quyết định này.",,,Giảng viên
QD_875,Mục đích của Quyết định số 875/QĐ-ĐHBD ngày 21/5/2024 là gì?,Quyết định số 875/QĐ-ĐHBD ngày 21/5/2024 nhằm thành lập Hội đồng Đánh giá Chương trình Đào tạo trình độ đại học ngành Công nghệ Thông tin tại Trường Đại học Bình Dương.,,,Giảng viên
QD_875,Căn cứ pháp lý nào được sử dụng để ban hành Quyết định số 875/QĐ-ĐHBD?,"Quyết định số 875/QĐ-ĐHBD được ban hành dựa trên các văn bản pháp lý như Quyết định số 791/TTg năm 1997, Quyết định số 1420/QĐ-TTg năm 2017, Thông tư 38/2013/TT-BGDĐT, Thông tư 04/2016/TT-BGDĐT và Công văn số 2085/QLCL-KĐCLGD năm 2020.",,,Giảng viên
QD_875,Quyết định số 875/QĐ-ĐHBD thay thế cho quyết định nào trước đó?,Quyết định số 875/QĐ-ĐHBD thay thế cho Quyết định số 2190/QĐ-ĐHBD ngày 26 tháng 12 năm 2023 về việc thành lập Hội đồng tự đánh giá chương trình đào tạo đại học ngành Công nghệ thông tin.,,,Giảng viên
QD_875,Hội đồng tự đánh giá theo Quyết định số 875/QĐ-ĐHBD có nhiệm vụ gì?,Hội đồng tự đánh giá theo Quyết định số 875/QĐ-ĐHBD có nhiệm vụ triển khai tự đánh giá chương trình đào tạo ngành Công nghệ thông tin theo tiêu chuẩn đánh giá chất lượng ban hành kèm theo Thông tư 04/2016/TT-BGDĐT và Công văn số 2085/QLCL-KĐCLGD.,,,Giảng viên
QD_875,Ai là Chủ tịch Hội đồng tự đánh giá theo Quyết định số 875/QĐ-ĐHBD?,"Ông Cao Việt Hiếu, Hiệu trưởng Trường Đại học Bình Dương, là Chủ tịch Hội đồng tự đánh giá theo Quyết định số 875/QĐ-ĐHBD.",,,Giảng viên
QD_875,Ban thư ký hỗ trợ Hội đồng tự đánh giá theo Quyết định số 875/QĐ-ĐHBD có ai làm trưởng ban?,"Ông Trần Minh Đàn, Trưởng phòng Bảo đảm chất lượng và Khảo thí, là Trưởng ban Thư ký hỗ trợ Hội đồng tự đánh giá theo Quyết định số 875/QĐ-ĐHBD.",,,Giảng viên
QD_875,Nhóm công tác chuyên trách trong Hội đồng tự đánh giá theo Quyết định số 875/QĐ-ĐHBD gồm bao nhiêu người?,Các nhóm công tác chuyên trách trong Hội đồng tự đánh giá theo Quyết định số 875/QĐ-ĐHBD có tổng cộng 34 thành viên.,,,Giảng viên
QD_875,Vai trò của sinh viên trong Hội đồng tự đánh giá theo Quyết định số 875/QĐ-ĐHBD là gì?,"Sinh viên Nguyễn Thị Ngọc Mai, MSSV: 20050013, tham gia làm thành viên Hội đồng tự đánh giá, thể hiện sự tiếp cận toàn diện trong công tác đánh giá chương trình đào tạo theo Quyết định số 875/QĐ-ĐHBD.",,,Giảng viên
QD_875,Hội đồng tự đánh giá theo Quyết định số 875/QĐ-ĐHBD hoạt động theo tiêu chuẩn nào?,Hội đồng tự đánh giá hoạt động theo tiêu chuẩn đánh giá chất lượng chương trình đào tạo ban hành tại Thông tư số 04/2016/TT-BGDĐT và Công văn số 2085/QLCL-KĐCLGD của Bộ Giáo dục và Đào tạo.,,,Giảng viên
QD_875,Quyết định số 875/QĐ-ĐHBD có hiệu lực từ khi nào?,"Quyết định số 875/QĐ-ĐHBD có hiệu lực kể từ ngày ký, tức ngày 21 tháng 5 năm 2024.",,,Giảng viên
QD_875,Hội đồng tự đánh giá theo Quyết định 875/QĐ-ĐHBD gồm bao nhiêu thành viên?,"Theo Quyết định 875/QĐ-ĐHBD, Hội đồng tự đánh giá gồm 17 thành viên.",,,Giảng viên
QD_875,Ai là Phó Chủ tịch thường trực của Hội đồng tự đánh giá theo Quyết định 875/QĐ-ĐHBD?,"Bà Đỗ Đoan Trang, Phó Hiệu trưởng Trường Đại học Bình Dương, là Phó Chủ tịch thường trực của Hội đồng tự đánh giá theo Quyết định 875/QĐ-ĐHBD.",,,Giảng viên
QD_875,Hội đồng tự đánh giá được hỗ trợ bởi các nhóm công tác nào theo Quyết định 875/QĐ-ĐHBD?,"Theo Quyết định 875/QĐ-ĐHBD, Hội đồng tự đánh giá được hỗ trợ bởi Ban thư ký và các nhóm công tác chuyên trách.",,,Giảng viên
QD_875,Nhiệm vụ của Nhóm Tổng hợp trong Hội đồng tự đánh giá là gì?,"Nhiệm vụ của Nhóm Tổng hợp là tổng hợp thông tin, viết báo cáo tự đánh giá, thu thập minh chứng và giải trình với Đoàn Đánh giá Ngoài theo Quyết định 875/QĐ-ĐHBD.",,,Giảng viên
QD_875,Ai là Trưởng nhóm của Nhóm 1 trong các nhóm chuyên trách theo Quyết định 875/QĐ-ĐHBD?,"Trưởng nhóm của Nhóm 1 là ông Nguyễn Thanh Sơn, Phó trưởng khoa IRA, theo Quyết định 875/QĐ-ĐHBD.",,,Giảng viên
QD_875,Nhiệm vụ của các nhóm chuyên trách trong Hội đồng tự đánh giá là gì?,"Nhiệm vụ của các nhóm chuyên trách là viết báo cáo tự đánh giá, thu thập minh chứng và giải trình với Đoàn Đánh giá Ngoài theo Quyết định 875/QĐ-ĐHBD.",,,Giảng viên
QD_875,Quyết định 875/QĐ-ĐHBD phân công trách nhiệm cho những đơn vị nào thi hành?,"Quyết định 875/QĐ-ĐHBD phân công trách nhiệm cho các phòng ban như: Phòng Tổng hợp, Phòng Tài chính - Kế toán, Phòng Quản lý đào tạo và Công tác sinh viên, Phòng Bảo đảm chất lượng và Khảo thí, Khoa IRA và các đơn vị liên quan thi hành.",,,Giảng viên
QD_875,Ai là Trưởng nhóm của Nhóm 3 trong các nhóm chuyên trách theo Quyết định 875/QĐ-ĐHBD?,"Trưởng nhóm của Nhóm 3 là ông Trần Hữu Duật, Giảng viên Khoa IRA, theo Quyết định 875/QĐ-ĐHBD.",,,Giảng viên
QD_875,Nhóm 6 trong Hội đồng tự đánh giá phụ trách tiêu chuẩn nào theo Quyết định 875/QĐ-ĐHBD?,Nhóm 6 phụ trách tiêu chuẩn 11 theo Quyết định 875/QĐ-ĐHBD.,,,Giảng viên
QD_875,Ai là Trưởng nhóm của Nhóm 6 trong Hội đồng tự đánh giá theo Quyết định 875/QĐ-ĐHBD?,"Trưởng nhóm của Nhóm 6 là ông Thái Thanh Hùng, Trưởng phòng Quản lý đào tạo và Công tác sinh viên, theo Quyết định 875/QĐ-ĐHBD.",,,Giảng viên
QD_264,Quyết định số 762/QĐ-ĐHBD được ban hành vào thời gian nào và bởi ai?,Quyết định số 762/QĐ-ĐHBD được ký ngày 11/05/2018 bởi Hiệu trưởng Trường Đại học Bình Dương – ông Cao Việt Hiếu.,,,Giảng viên
QD_264,Quyết định số 762/QĐ-ĐHBD có hiệu lực từ năm học nào?,Quyết định số 762/QĐ-ĐHBD có hiệu lực từ năm học 2018–2019.,,,Giảng viên
QD_264,Mục tiêu của việc lấy ý kiến phản hồi từ người học là gì?,"Việc lấy ý kiến phản hồi từ người học nhằm góp phần thực hiện quy chế đảm bảo chất lượng, nâng cao trách nhiệm giảng viên và người học, hỗ trợ điều chỉnh hoạt động giảng dạy, phục vụ kiểm định chất lượng và phòng ngừa tiêu cực trong giảng dạy.",,,Giảng viên
QD_264,Việc phản hồi giúp ích gì cho giảng viên?,"Giảng viên có thể tự điều chỉnh hoạt động giảng dạy, bổ sung nội dung cho các khóa học sau và cải thiện chất lượng giảng dạy của mình dựa trên phản hồi từ người học.",,,Giảng viên
QD_264,Lấy ý kiến phản hồi từ người học có vai trò gì trong đánh giá và điều phối giảng viên?,"Phản hồi giúp cán bộ quản lý đánh giá, phân công giảng dạy, lập kế hoạch bồi dưỡng, bố trí công tác, khen thưởng hoặc kỷ luật giảng viên.",,,Giảng viên
QD_264,Việc lấy ý kiến phản hồi cần tuân thủ những yêu cầu nào?,"Việc lấy ý kiến phải đảm bảo tôn sư trọng đạo, sự tự nguyện và trung thực của người học, cũng như xử lý khách quan và đúng mục đích.",,,Giảng viên
QD_264,Việc xử lý thông tin phản hồi phải tuân thủ nguyên tắc gì?,"Thông tin phản hồi phải được xử lý khách quan, trung thực, được thông báo cho giảng viên và sử dụng đúng mục đích.",,,Giảng viên
QD_264,Các tiêu chí chính trong phiếu phản hồi gồm những nội dung gì?,"Các tiêu chí gồm: phương pháp giảng dạy, tài liệu học tập, không khí lớp học, mức độ tiếp thu của sinh viên và ý kiến chung về chất lượng giảng viên.",,,Giảng viên
QD_264,Thang điểm nào được sử dụng để đánh giá phản hồi từ người học?,"Thang điểm từ 1 đến 5 được sử dụng, trong đó 1 là 'Hoàn toàn không đồng ý' và 5 là 'Hoàn toàn đồng ý'.",,,Giảng viên
QD_264,Phiếu khảo sát giảng viên bao gồm nội dung gì ngoài các tiêu chí đánh giá?,"Phiếu khảo sát bao gồm các chỉ số cụ thể và các câu hỏi mở về điều sinh viên chưa hài lòng, hài lòng nhất và đề xuất cải thiện.",,,Giảng viên
QD_264,Đối tượng nào là người tham gia khảo sát trong quy trình lấy ý kiến phản hồi?,Sinh viên hệ chính quy từ năm I đến năm IV là đối tượng tham gia khảo sát ý kiến phản hồi về giảng viên.,,,Giảng viên
QD_264,Những hình thức nào được sử dụng để thực hiện khảo sát ý kiến phản hồi từ người học?,Có hai hình thức: phát phiếu khảo sát tại lớp học và khảo sát trực tuyến qua email hoặc điện thoại.,,,Giảng viên
QD_264,Khi nào việc khảo sát ý kiến phản hồi thường được tổ chức?,Việc khảo sát được tổ chức vào buổi học cuối cùng khi giảng viên hoàn tất học phần.,,,Giảng viên
QD_264,Công cụ nào được sử dụng để xử lý dữ liệu khảo sát ý kiến phản hồi?,Phần mềm SPSS và Excel được sử dụng để xử lý dữ liệu phản hồi.,,,Giảng viên
QD_264,Kết quả khảo sát được gửi đến những ai?,"Kết quả khảo sát được gửi đến Ban Giám hiệu, Ban Chủ nhiệm Khoa và các đơn vị, cá nhân liên quan.",,,Giảng viên
QD_264,Ban giám sát chất lượng giảng dạy có trách nhiệm gì sau khảo sát?,"Ban giám sát có trách nhiệm rút kinh nghiệm từng học kỳ, điều chỉnh công cụ khảo sát nếu cần và báo cáo kết quả cho Bộ Giáo dục và Đào tạo.",,,Giảng viên
QD_264,Phòng Đào tạo hỗ trợ gì trong việc thực hiện khảo sát?,Phòng Đào tạo cung cấp thời khóa biểu và dữ liệu sinh viên liên quan vào tuần đầu mỗi học kỳ.,,,Giảng viên
QD_264,Ban Chủ nhiệm Khoa cần thực hiện những việc gì liên quan đến khảo sát?,"Ban Chủ nhiệm Khoa phổ biến kế hoạch khảo sát, tổ chức khách quan, thảo luận với giảng viên, hỗ trợ cải thiện chất lượng và báo cáo kết quả với Ban Giám hiệu.",,,Giảng viên
QD_264,Giảng viên có quyền gì khi không đồng ý với kết quả phản hồi?,Giảng viên có quyền đưa ra ý kiến phản hồi và cung cấp chứng minh cần thiết cho Trưởng Khoa.,,,Giảng viên
QD_264,Giảng viên cần làm gì với phản hồi ở mức chưa tốt hoặc bình thường?,Giảng viên có trách nhiệm thảo luận với Trưởng Khoa để xây dựng kế hoạch khắc phục hoặc nâng cao chất lượng giảng dạy.,,,Giảng viên
QD_264,Thông tin khảo sát được lưu trữ ở đâu và trong bao lâu?,Tài liệu khảo sát được lưu trữ dưới dạng giấy và điện tử tại các đơn vị liên quan trong thời hạn 05 năm.,,,Giảng viên
QD_264,Quy định về phản hồi của người học thay thế văn bản nào?,Quy định này thay thế tất cả các văn bản trước đó liên quan đến việc lấy ý kiến phản hồi từ người học.,,,Giảng viên
QD_264,Thông tin phản hồi từ người học có vai trò gì trong kiểm định chất lượng?,Thông tin phản hồi góp phần quan trọng trong công tác kiểm định chất lượng tại Trường và các Khoa/Ban.,,,Giảng viên
QD_264,Tại sao việc lấy ý kiến phản hồi được xem là góp phần phòng ngừa tiêu cực trong giảng dạy?,"Vì phản hồi từ người học giúp phát hiện sớm các hành vi tiêu cực, từ đó nhà trường có thể can thiệp kịp thời và đảm bảo chất lượng dạy học.",,,Giảng viên
QD_264,Giảng viên được đánh giá tốt sẽ được hỗ trợ như thế nào?,Những giảng viên được sinh viên đánh giá tốt sẽ được tổ chức chia sẻ kinh nghiệm với các đồng nghiệp trong các hoạt động chuyên môn.,,,Giảng viên
QD_264,Ai chịu trách nhiệm hướng dẫn cán sự lớp trong việc phát phiếu khảo sát tại lớp học?,"Trợ lý, Thư ký Khoa, Giáo viên chủ nhiệm hoặc Cố vấn học tập là người hướng dẫn cán sự lớp phát phiếu khảo sát.",,,Giảng viên
QD_264,Ban Giám sát chất lượng giảng dạy cần làm gì trước khi lấy ý kiến phản hồi tại lớp học?,Ban Giám sát phải chuẩn bị phiếu khảo sát và lập kế hoạch trước khi tiến hành thu thập thông tin phản hồi.,,,Giảng viên
QD_264,Sinh viên cần lưu ý điều gì khi điền phiếu phản hồi?,"Sinh viên cần hiểu rõ mục đích, cung cấp thông tin một cách trung thực, tự nguyện theo đúng phiếu khảo sát do Ban Giám sát chất lượng giảng dạy phát hành.",,,Giảng viên
QD_264,Vì sao chỉ phiếu khảo sát do Ban Giám sát chất lượng giảng dạy cung cấp mới có giá trị thống kê?,"Vì các phiếu này được chuẩn hóa về nội dung và cấu trúc, đảm bảo tính chính xác, đồng nhất cho việc xử lý và phân tích dữ liệu.",,,Giảng viên
QD_264,Kết quả xử lý dữ liệu phản hồi cần được gửi cho ai ngoài Ban Giám hiệu và Ban Chủ nhiệm Khoa?,"Kết quả còn được gửi đến các đơn vị và cá nhân có liên quan để phục vụ việc điều chỉnh, đánh giá giảng dạy.",,,Giảng viên
QD_264,Trường Đại học Bình Dương lưu trữ thông tin khảo sát trong bao lâu và ở đâu?,"Thông tin được lưu trữ trong thời hạn 05 năm tại Ban Giám sát chất lượng giảng dạy, Phòng Công tác Sinh viên, các Khoa và phòng chức năng liên quan dưới dạng bản giấy và điện tử.",,,Giảng viên
QD_1351,Quyết định số 1351/QĐ-ĐHBD ngày 18/8/2023 có mục đích gì?,Quyết định số 1351/QĐ-ĐHBD ngày 18/8/2023 nhằm công nhận hoàn thành nhiệm vụ biên soạn và đưa vào giảng dạy sách giáo trình cấp trường cho năm học 2022–2023 tại Trường Đại học Bình Dương.,,,Giảng viên
QD_1351,Tên sách giáo trình được công nhận hoàn thành nhiệm vụ biên soạn là gì?,Tên sách giáo trình được công nhận hoàn thành nhiệm vụ biên soạn là 'Chính sách tài chính và chính sách tiền tệ'.,,,Giảng viên
QD_1351,Ai là chủ biên của sách giáo trình 'Chính sách tài chính và chính sách tiền tệ'?,"Chủ biên của sách giáo trình 'Chính sách tài chính và chính sách tiền tệ' là PGS.TS Lê Thị Mận, thuộc Khoa Kinh tế – Trường Đại học Bình Dương.",,,Giảng viên
QD_1351,Những thành viên nào tham gia nhóm biên soạn sách giáo trình 'Chính sách tài chính và chính sách tiền tệ'?,"Nhóm biên soạn gồm PGS.TS Lê Thị Tuấn Nghĩa, TS. Đào Thị Lan Hương, TS. Trần Thị Kỷ, TS. Hà Thị Sáu và TS. Đỗ Đoan Trang.",,,Giảng viên
QD_1351,Đơn vị nào chịu trách nhiệm lưu trữ và quản lý sách giáo trình sau khi được công nhận?,"Phòng Quản lý khoa học và Quan hệ đối ngoại chịu trách nhiệm quản lý, lưu trữ sách giáo trình 'Chính sách tài chính và chính sách tiền tệ' và nộp lưu chiểu về Trung tâm Lưu trữ và Thư viện.",,,Giảng viên
QD_1351,Hiệu lực của Quyết định số 1351/QĐ-ĐHBD bắt đầu từ khi nào?,"Quyết định số 1351/QĐ-ĐHBD có hiệu lực kể từ ngày ký, tức ngày 17 tháng 8 năm 2023.",,,Giảng viên
QD_1351,Những đơn vị nào có trách nhiệm thi hành Quyết định số 1351/QĐ-ĐHBD?,"Các đơn vị chịu trách nhiệm thi hành gồm Phòng Tổng hợp, Phòng Tài chính - Kế toán, Phòng Quản lý Đào tạo và Công tác sinh viên, Phòng Quản lý khoa học và Quan hệ đối ngoại, Khoa Kinh tế, Trung tâm Lưu trữ và Thư viện và các cá nhân liên quan.",,,Giảng viên
QD_1351,Quy trình ban hành Quyết định số 1351/QĐ-ĐHBD dựa trên những căn cứ pháp lý nào?,"Quyết định số 1351/QĐ-ĐHBD dựa trên các căn cứ pháp lý gồm các Quyết định số 791/TTg, 1420/QĐ-TTg, 03/QĐ-ĐHBD-HĐT, 05/NQ-ĐHBD-HĐT, 1591/QĐ-ĐHBD, 53/QĐ-ĐHBD, 1009/QĐ-ĐHBD và Tờ trình số 94/TTr-P.QLKH&QHDN.",,,Giảng viên
QD_1351,Ngày ban hành Quyết định công nhận hoàn thành nhiệm vụ biên soạn sách giáo trình 'Chính sách tài chính và chính sách tiền tệ' là khi nào?,Ngày ban hành Quyết định công nhận hoàn thành nhiệm vụ biên soạn sách giáo trình là ngày 18 tháng 8 năm 2023.,,,Giảng viên
QD_1351,Giáo trình 'Chính sách tài chính và chính sách tiền tệ' được biên soạn cho năm học nào?,Giáo trình 'Chính sách tài chính và chính sách tiền tệ' được biên soạn và đưa vào giảng dạy cho năm học 2022–2023.,,,Giảng viên
QD_1351,Quyết định số 1009/QĐ-ĐHBD có vai trò gì trong quá trình công nhận sách giáo trình?,Quyết định số 1009/QĐ-ĐHBD là quyết định của Trường Đại học Bình Dương về việc thành lập Hội đồng nghiệm thu sách giáo trình 'Chính sách tài chính và chính sách tiền tệ'.,,,Giảng viên
QD_1351,Tờ trình nào đề xuất ban hành Quyết định công nhận hoàn thành nhiệm vụ biên soạn sách giáo trình?,Tờ trình số 94/TTr-P.QLKH&QHDN ngày 08 tháng 8 năm 2023 của Phòng Quản lý khoa học và Quan hệ đối ngoại đề xuất ban hành Quyết định công nhận.,,,Giảng viên
QD_1351,Cơ quan nào ban hành Quyết định số 1351/QĐ-ĐHBD?,Quyết định số 1351/QĐ-ĐHBD được ban hành bởi Trường Đại học Bình Dương.,,,Giảng viên
QD_1351,Quyết định số 1591/QĐ-ĐHBD ngày 21/12/2022 có liên quan gì đến quá trình biên soạn giáo trình?,"Quyết định số 1591/QĐ-ĐHBD quy định về quy chế thẩm định, phê duyệt và đưa vào sử dụng tài liệu giảng dạy tại Trường Đại học Bình Dương.",,,Giảng viên
QD_1351,Quyết định số 53/QĐ-ĐHBD ngày 09/01/2023 có nội dung gì liên quan đến giáo trình?,Quyết định số 53/QĐ-ĐHBD ngày 09/01/2023 giao nhiệm vụ biên soạn sách giáo trình 'Chính sách tài chính và chính sách tiền tệ'.,,,Giảng viên
QD_1351,Các chuyên gia ngoài Trường Đại học Bình Dương tham gia biên soạn giáo trình là ai?,"Chuyên gia ngoài Trường Đại học Bình Dương tham gia biên soạn là TS. Đào Thị Lan Hương, thuộc Học viện Ngân hàng tại Hà Nội.",,,Giảng viên
QD_433,Quyết định số 433/QĐ-ĐHBD được ban hành vào ngày nào?,Quyết định số 433/QĐ-ĐHBD được Hiệu trưởng Trường Đại học Bình Dương ký ban hành vào ngày 15 tháng 3 năm 2024.,,,Giảng viên
QD_433,Trường Đại học Bình Dương cử bao nhiêu sinh viên và giảng viên tham gia cuộc thi MOSWC - Viettel 2024?,"Trường Đại học Bình Dương cử 05 sinh viên và 01 giảng viên Khoa Công nghệ thông tin, Robot và Trí tuệ nhân tạo tham gia cuộc thi MOSWC - Viettel 2024.",,,Giảng viên
QD_433,Tên cuộc thi mà sinh viên Trường Đại học Bình Dương được cử tham gia là gì?,Tên cuộc thi là 'Vô địch Tin học văn phòng thế giới – MOSWC - Viettel 2024'.,,,Giảng viên
QD_433,Sinh viên Nguyễn Hoàng Nhật Tân thuộc lớp nào?,Sinh viên Nguyễn Hoàng Nhật Tân thuộc lớp 25TH01 FIRA.,,,Giảng viên
QD_433,Sinh viên Nguyễn Quốc Duy Khang thuộc lớp nào?,Sinh viên Nguyễn Quốc Duy Khang thuộc lớp 25TH01 FIRA.,,,Giảng viên
QD_433,Thầy Hải là chuyên gia về mãng nào?,Thầy Hải là chuyên gia trong lĩnh vực Network.,,,Giảng viên
QD_433,Thời gian tổ chức vòng loại Quốc gia cuộc thi MOSWC - Viettel 2024 là khi nào?,Vòng loại Quốc gia cuộc thi MOSWC - Viettel 2024 được tổ chức vào ngày 17 tháng 3 năm 2024.,,,Giảng viên
QD_433,Địa điểm tổ chức cuộc thi MOSWC - Viettel 2024 dành cho sinh viên Trường Đại học Bình Dương ở đâu?,"Cuộc thi được tổ chức tại Tổ chức giáo dục IIG Việt Nam - Chi nhánh TP.HCM, địa chỉ: Tầng 1, tháp 1, tòa nhà The Sun Avenue, số 28 Mai Chí Thọ, Phường An Phú, thành phố Thủ Đức, TP. Hồ Chí Minh.",,,Giảng viên
QD_433,Lệ phí dự thi của mỗi sinh viên tham gia cuộc thi MOSWC - Viettel 2024 là bao nhiêu?,Lệ phí dự thi là 450.000 đồng mỗi sinh viên.,,,Giảng viên
QD_433,Tổng chi phí lệ phí dự thi cho 05 sinh viên Trường Đại học Bình Dương là bao nhiêu?,Tổng lệ phí là 2.250.000 đồng cho 05 sinh viên (450.000 đồng x 5 thí sinh).,,,Giảng viên
QD_433,Ai là người chịu trách nhiệm hướng dẫn và quản lý nhóm sinh viên tham gia cuộc thi MOSWC - Viettel 2024?,Giảng viên Nguyễn Quân là người hướng dẫn và chịu trách nhiệm quản lý nhóm sinh viên tham gia cuộc thi.,,,Giảng viên
QD_433,Trách nhiệm tài chính của giảng viên Nguyễn Quân trong cuộc thi MOSWC - Viettel 2024 là gì?,Giảng viên Nguyễn Quân có trách nhiệm liên hệ Phòng Tài chính – Kế toán để thực hiện các thủ tục tài chính và cung cấp các chứng từ hợp lệ để được quyết toán theo đúng quy định tài chính.,,,Giảng viên
QD_433,Giảng viên Nguyễn Quân phải báo cáo kết quả cuộc thi cho ai sau khi kết thúc công tác?,Giảng viên Nguyễn Quân có trách nhiệm báo cáo Hiệu trưởng và Lãnh đạo Khoa về kết quả cuộc thi.,,,Giảng viên
QD_433,Tài liệu cuộc thi MOSWC - Viettel 2024 sau khi hoàn thành được lưu trữ tại đâu?,Tài liệu cuộc thi được nộp về Trung tâm Lưu trữ và Thư viện để lưu trữ theo quy định.,,,Giảng viên
QD_433,Chi phí ăn uống cho giảng viên và lái xe trong cuộc thi MOSWC - Viettel 2024 là bao nhiêu?,Chi phí ăn uống là 150.000 đồng/người/ngày x 2 người x 1 ngày = 300.000 đồng.,,,Giảng viên
QD_433,Đơn vị nào chịu trách nhiệm bố trí xe đưa đón nhân sự tham gia cuộc thi MOSWC - Viettel 2024?,Bộ phận Quản trị thiết bị thuộc Phòng Tổng hợp chịu trách nhiệm bố trí xe đưa đón nhân sự.,,,Giảng viên
QD_433,Những đơn vị nào thuộc Trường Đại học Bình Dương có trách nhiệm thi hành Quyết định số 433/QĐ-ĐHBD?,"Phòng Tổng hợp, Phòng Tài chính - Kế toán, Khoa Công nghệ thông tin, Robot và Trí tuệ nhân tạo, các cá nhân có tên tại Điều 1 và các đơn vị, cá nhân có liên quan chịu trách nhiệm thi hành Quyết định số 433/QĐ-ĐHBD.",,,Giảng viên
QD_433,Sinh viên Lê Phi Long thuộc mã số sinh viên và lớp nào?,Sinh viên Lê Phi Long có mã số sinh viên 21050066 và thuộc lớp 24TH01 FIRA.,,,Giảng viên
QD_433,Ai là sinh viên nhỏ tuổi nhất trong danh sách được cử tham gia cuộc thi MOSWC - Viettel 2024?,Sinh viên Nguyễn Hoàng Nhật Tân (sinh ngày 22/02/2004) là người nhỏ tuổi nhất trong danh sách.,,,Giảng viên
QD_433,"Quyết định số 433/QĐ-ĐHBD dựa trên kế hoạch nào của Khoa Công nghệ thông tin, Robot và Trí tuệ nhân tạo?","Quyết định số 433/QĐ-ĐHBD dựa trên Kế hoạch số 30/KH-FIRA ngày 06 tháng 3 năm 2024 của Khoa Công nghệ thông tin, Robot và Trí tuệ nhân tạo.",,,Giảng viên
QD_433,Sinh viên Nguyễn Hợp Phố thuộc mã số sinh viên nào?,Sinh viên Nguyễn Hợp Phố có mã số sinh viên là 21050044.,,,Giảng viên
QD_433,Ngày sinh của giảng viên Nguyễn Quân là khi nào?,Giảng viên Nguyễn Quân sinh ngày 04 tháng 12 năm 2000.,,,Giảng viên
QD_433,Quyết định số 433/QĐ-ĐHBD dẫn chiếu đến nghị quyết nào của Hội đồng trường về Quy chế tổ chức và hoạt động?,Quyết định số 433/QĐ-ĐHBD dẫn chiếu đến Nghị quyết số 04/NQ-ĐHBD-HĐQT ngày 05 tháng 10 năm 2022 của Hội đồng trường về việc ban hành Quy chế tổ chức và hoạt động của Trường Đại học Bình Dương.,,,Giảng viên
QD_433,Phòng nào của Trường Đại học Bình Dương chịu trách nhiệm phối hợp tổ chức tài chính cho cuộc thi MOSWC - Viettel 2024?,Phòng Tài chính – Kế toán chịu trách nhiệm phối hợp tổ chức tài chính cho cuộc thi.,,,Giảng viên
QD_433,Cuộc thi MOSWC - Viettel 2024 do đơn vị nào tổ chức?,Cuộc thi do Trung ương Đoàn Thanh niên Cộng sản Hồ Chí Minh tổ chức.,,,Giảng viên
QD_812,Mục tiêu của Quyết định điều chỉnh biểu mẫu lấy ý kiến phản hồi của Trường Đại học Bình Dương là gì?,Mục tiêu của Quyết định là nâng cao chất lượng giáo dục và đảm bảo sự phù hợp của chương trình đào tạo với nhu cầu xã hội và thị trường lao động.,,,Giảng viên
QD_812,Những biểu mẫu nào được điều chỉnh theo Quyết định điều chỉnh biểu mẫu lấy ý kiến phản hồi của Trường Đại học Bình Dương?,"Biểu mẫu số 03 và biểu mẫu số 07 được điều chỉnh theo khoản 3 và khoản 7, Điều 1 của Quyết định số 1647/QĐ-ĐHBD ngày 27 tháng 12 năm 2022.",,,Giảng viên
QD_812,Ai là đối tượng khảo sát trong Biểu mẫu số 03 của Trường Đại học Bình Dương?,Đối tượng khảo sát trong Biểu mẫu số 03 là sinh viên đang theo học tại Trường Đại học Bình Dương.,,,Giảng viên
QD_812,Mục đích của Biểu mẫu số 03 trong việc lấy ý kiến phản hồi tại Trường Đại học Bình Dương là gì?,Mục đích của Biểu mẫu số 03 là góp phần nâng cao chất lượng dạy và học thông qua việc thu thập ý kiến phản hồi của sinh viên về hoạt động giảng dạy của giảng viên và điều kiện học tập.,,,Giảng viên
QD_812,Nội dung nào được đánh giá trong phần Phương pháp giảng dạy của giảng viên theo Biểu mẫu số 03?,"Sinh viên đánh giá sự rõ ràng, hiệu quả và tính đa dạng trong phương pháp giảng dạy, bao gồm cả việc khuyến khích tư duy độc lập, sáng tạo và làm việc nhóm.",,,Giảng viên
QD_812,"Theo biểu mẫu số 03, tác phong sư phạm của giảng viên được đánh giá qua những tiêu chí nào?","Tác phong sư phạm của giảng viên được đánh giá qua việc lên lớp đúng giờ, chuẩn bị bài giảng đầy đủ, thể hiện tính chuẩn mực nhà giáo, nhiệt tình, trách nhiệm và hỗ trợ sinh viên ngoài giờ.",,,Giảng viên
QD_812,Nội dung giảng dạy được đánh giá theo các tiêu chí nào trong biểu mẫu số 03 của Trường Đại học Bình Dương?,"Nội dung giảng dạy được đánh giá qua mức độ bám sát đề cương môn học, liên hệ thực tiễn, cập nhật kiến thức mới, tính thiết thực và phù hợp với chương trình đào tạo.",,,Giảng viên
QD_812,Số lần khảo sát sinh viên trong năm học theo Biểu mẫu số 03 của Trường Đại học Bình Dương là bao nhiêu?,Số lần khảo sát sinh viên trong năm học theo Biểu mẫu số 03 là 02 lần.,,,Giảng viên
QD_812,Ai là đối tượng khảo sát trong Biểu mẫu số 07 của Trường Đại học Bình Dương?,Đối tượng khảo sát trong Biểu mẫu số 07 là sinh viên hoặc học viên đã tốt nghiệp Trường Đại học Bình Dương.,,,Giảng viên
QD_812,Biểu mẫu số 07 được sử dụng để thu thập thông tin gì?,"Biểu mẫu số 07 được sử dụng để thu thập thông tin về tình hình việc làm, mức độ phù hợp công việc, thu nhập, và đánh giá chất lượng đào tạo từ cựu sinh viên.",,,Giảng viên
QD_812,Đơn vị nào chịu trách nhiệm triển khai Biểu mẫu số 07 tại Trường Đại học Bình Dương?,Trung tâm Khởi nghiệp đổi mới sáng tạo - Liên kết doanh nghiệp và Việc làm sinh viên là đơn vị triển khai Biểu mẫu số 07.,,,Giảng viên
QD_812,Những nội dung nào được cựu sinh viên đánh giá trong Biểu mẫu số 07 của Trường Đại học Bình Dương?,"Cựu sinh viên đánh giá tình trạng việc làm, mức độ phù hợp công việc với chuyên môn, thu nhập, chất lượng đào tạo và mức độ hài lòng tổng thể với chương trình học.",,,Giảng viên
QD_812,Số lần khảo sát tình hình việc làm cựu sinh viên mỗi năm học theo Biểu mẫu số 07 là bao nhiêu?,"Theo Biểu mẫu số 07, khảo sát tình hình việc làm của cựu sinh viên được thực hiện 01 lần mỗi năm học.",,,Giảng viên
QD_812,Những đơn vị nào chịu trách nhiệm thực hiện Quyết định điều chỉnh biểu mẫu lấy ý kiến phản hồi tại Trường Đại học Bình Dương?,"Các đơn vị gồm: Phòng Tổng hợp, Phòng Tài chính - Kế toán, Phòng Đảm bảo chất lượng và Khảo thí, Phòng Quản lý đào tạo và Công tác sinh viên, Trung tâm Khởi nghiệp đổi mới sáng tạo - Liên kết doanh nghiệp và Việc làm sinh viên.",,,Giảng viên
QD_812,Khi nào Quyết định điều chỉnh biểu mẫu lấy ý kiến phản hồi của Trường Đại học Bình Dương có hiệu lực thi hành?,Quyết định điều chỉnh biểu mẫu lấy ý kiến phản hồi có hiệu lực kể từ ngày ký.,,,Giảng viên
QD_812,Biểu mẫu số 03 khảo sát những lĩnh vực nào trong hoạt động giảng dạy của giảng viên?,"Biểu mẫu số 03 khảo sát các lĩnh vực gồm: phương pháp giảng dạy, nội dung giảng dạy, kiểm tra đánh giá, tác phong sư phạm và đánh giá về chương trình đào tạo.",,,Giảng viên
QD_812,Biểu mẫu số 03 của Trường Đại học Bình Dương có cho phép sinh viên góp ý ngoài nội dung khảo sát không?,"Có, biểu mẫu số 03 có phần 'Ý kiến khác' để sinh viên đưa ra nhận xét, góp ý nhằm nâng cao chất lượng giảng dạy của giảng viên và Nhà trường.",,,Giảng viên
QD_812,"Theo biểu mẫu số 03, sinh viên có được đánh giá về mức độ hài lòng đối với giảng viên không?","Có, sinh viên được đánh giá mức độ hài lòng về kiến thức, hiệu quả giảng dạy và khả năng hướng dẫn của giảng viên.",,,Giảng viên
QD_812,Cựu sinh viên có thể cung cấp lý do chưa có việc làm trong Biểu mẫu số 07 không?,"Có, biểu mẫu số 07 cho phép cựu sinh viên chọn các lý do chưa có việc làm như thiếu kỹ năng, trình độ chưa phù hợp, thiếu thông tin, hoặc sức khỏe không đảm bảo.",,,Giảng viên
QD_812,Biểu mẫu số 07 của Trường Đại học Bình Dương yêu cầu cựu sinh viên cung cấp những thông tin công việc nào?,"Biểu mẫu số 07 yêu cầu cung cấp tên công ty, loại hình tổ chức, khu vực làm việc, và mức thu nhập trung bình hàng tháng.",,,Giảng viên
QD_812,"Theo Biểu mẫu số 07, mức độ phù hợp của công việc được đánh giá dựa trên yếu tố nào?",Mức độ phù hợp của công việc được đánh giá dựa trên sự liên quan giữa công việc hiện tại với trình độ đào tạo và chuyên môn đã học.,,,Giảng viên
QD_812,"Trong Biểu mẫu số 07, cựu sinh viên có thể đóng góp ý kiến gì cho Nhà trường?",Cựu sinh viên có thể đưa ra các ý kiến đóng góp cụ thể để nâng cao chất lượng đào tạo của Trường Đại học Bình Dương.,,,Giảng viên
QD_895,Quyết định số 895/QĐ-ĐHBD ban hành ngày nào?,Quyết định số 895/QĐ-ĐHBD được ban hành ngày 27 tháng 5 năm 2024.,,,Giảng viên
QD_895,Quyết định số 895/QĐ-ĐHBD điều chỉnh nội dung gì trong công tác giảng dạy?,Quyết định số 895/QĐ-ĐHBD điều chỉnh hệ số giảng dạy các môn học có tiết thực hành trong tính thù lao giảng dạy trình độ đại học.,,,Giảng viên
QD_895,Hệ số thực hành mới được áp dụng theo Quyết định số 895/QĐ-ĐHBD là bao nhiêu?,Hệ số thực hành mới được áp dụng là 1.0.,,,Giảng viên
QD_895,Hệ số thực hành theo Quyết định số 895/QĐ-ĐHBD được áp dụng cho các môn học nào?,"Hệ số thực hành được áp dụng cho tất cả các môn học trình độ đại học có tiết thực hành, bao gồm cả các môn có cả lý thuyết và thực hành.",,,Giảng viên
QD_895,Thời gian áp dụng hệ số thực hành mới theo Quyết định số 895/QĐ-ĐHBD bắt đầu từ khi nào?,"Hệ số thực hành mới theo Quyết định số 895/QĐ-ĐHBD được áp dụng từ học kỳ 1, năm học 2024–2025.",,,Giảng viên
QD_895,Quyết định số 895/QĐ-ĐHBD có áp dụng cho giảng viên cơ hữu không?,"Có, hệ số thực hành mới áp dụng cho cả giảng viên cơ hữu thuộc Trường Đại học Bình Dương.",,,Giảng viên
QD_895,Đơn vị nào chịu trách nhiệm triển khai Quyết định số 895/QĐ-ĐHBD?,"Các đơn vị chịu trách nhiệm gồm: Phòng Tổng hợp, Phòng Tài chính – Kế toán, Phòng Quản lý đào tạo và Công tác sinh viên, Phân hiệu Cà Mau và các đơn vị, cá nhân liên quan.",,,Giảng viên
QD_895,Quyết định số 895/QĐ-ĐHBD được ký bởi ai?,"Quyết định số 895/QĐ-ĐHBD được ký bởi Hiệu trưởng Trường Đại học Bình Dương, ông Cao Việt Hiếu.",,,Giảng viên
QD_895,Mục đích chính của Quyết định số 895/QĐ-ĐHBD là gì?,Mục đích chính của Quyết định số 895/QĐ-ĐHBD là chuẩn hóa và điều chỉnh hệ số tính thù lao giảng dạy các môn học có tiết thực hành nhằm đảm bảo công bằng và ghi nhận đúng mức đóng góp của giảng viên.,,,Giảng viên
QD_895,Cơ sở pháp lý nào được nêu trong Quyết định số 895/QĐ-ĐHBD về việc điều chỉnh hệ số giảng dạy?,Một trong các cơ sở pháp lý là Quyết định số 442/QĐ-ĐHBD ngày 01/12/2017 của Hiệu trưởng Trường Đại học Bình Dương về các hệ số và công thức tính thù lao giảng dạy.,,,Giảng viên
QD_895,Văn bản tham mưu nào được sử dụng để ban hành Quyết định số 895/QĐ-ĐHBD?,Văn bản tham mưu số 106/VBTM-P.QLĐT&CTSV ngày 13/3/2024 của Phòng Quản lý đào tạo và Công tác sinh viên được sử dụng để làm căn cứ ban hành quyết định.,,,Giảng viên
QD_895,Phòng Quản lý đào tạo và Công tác sinh viên có vai trò gì trong Quyết định số 895/QĐ-ĐHBD?,Phòng Quản lý đào tạo và Công tác sinh viên là một trong các đơn vị có trách nhiệm thi hành Quyết định số 895/QĐ-ĐHBD.,,,Giảng viên
QD_895,Quyết định số 895/QĐ-ĐHBD có hiệu lực từ thời điểm nào?,"Quyết định số 895/QĐ-ĐHBD có hiệu lực kể từ ngày ký, tức ngày 27 tháng 5 năm 2024.",,,Giảng viên
QD_895,Phân hiệu Trường Đại học Bình Dương tại đâu được nhắc đến trong Quyết định số 895/QĐ-ĐHBD?,Phân hiệu Trường Đại học Bình Dương tại Cà Mau được nêu rõ trong danh sách các đơn vị thực hiện quyết định.,,,Giảng viên
QD_895,Quyết định số 895/QĐ-ĐHBD ảnh hưởng đến đối tượng nào trong giảng dạy?,Quyết định ảnh hưởng đến tất cả các giảng viên giảng dạy các môn học có tiết thực hành trong chương trình đào tạo đại học tại Trường Đại học Bình Dương.,,,Giảng viên
QD_895,Hệ số giảng dạy của các môn học có tiết thực hành trước khi điều chỉnh được nêu không?,Trong nội dung Quyết định số 895/QĐ-ĐHBD không nêu hệ số giảng dạy trước khi điều chỉnh.,,,Giảng viên
QD_931,Quyết định số 931/QĐ-ĐHBD được ban hành với mục đích gì?,Quyết định số 931/QĐ-ĐHBD được ban hành nhằm thành lập Ban Quản lý Dự án chuyển đổi số Trường Đại học Bình Dương.,,,Giảng viên
QD_931,Ai được bổ nhiệm làm Trưởng Ban Quản lý Dự án chuyển đổi số theo Quyết định số 931/QĐ-ĐHBD?,"Ông Nguyễn Thanh Sơn, Phó trưởng khoa, Khoa Công nghệ thông tin, Robot và Trí tuệ nhân tạo được bổ nhiệm làm Trưởng Ban Quản lý Dự án chuyển đổi số.",,,Giảng viên
QD_931,Trưởng Ban Quản lý Dự án chuyển đổi số có trách nhiệm gì theo Quyết định số 931/QĐ-ĐHBD?,"Trưởng Ban có trách nhiệm xây dựng Dự án chuyển đổi số trình Hiệu trưởng phê duyệt và triển khai thực hiện đúng mục tiêu, tiến độ, chất lượng và nguồn lực sau khi được duyệt.",,,Giảng viên
QD_931,Quyết định số 931/QĐ-ĐHBD có hiệu lực từ thời điểm nào?,"Quyết định số 931/QĐ-ĐHBD có hiệu lực kể từ ngày ký, tức ngày 31 tháng 5 năm 2024.",,,Giảng viên
QD_931,Các lĩnh vực trọng tâm của Ban Quản lý Dự án chuyển đổi số là gì theo Quyết định số 931/QĐ-ĐHBD?,Hai lĩnh vực trọng tâm là: triển khai ứng dụng ChatGPT trong giảng dạy và học tập; phát triển các nhóm nghiên cứu trí tuệ nhân tạo (AI) trong giảng dạy và học tập.,,,Giảng viên
QD_931,Ban Quản lý Dự án chuyển đổi số có quyền lợi gì theo Quyết định số 931/QĐ-ĐHBD?,"Theo Điều 4 của Quyết định số 931/QĐ-ĐHBD, Ban Quản lý Dự án được hưởng các quyền lợi, nhiệm vụ và vị trí công việc được giao.",,,Giảng viên
QD_931,Các đơn vị nào có trách nhiệm phối hợp thực hiện Quyết định số 931/QĐ-ĐHBD?,"Các đơn vị có trách nhiệm gồm: Phòng Tổng hợp, Phòng Tài chính, Kế toán, Khoa Công nghệ thông tin, Robot và Trí tuệ nhân tạo, Ban Chỉ đạo ứng dụng công nghệ thông tin và chuyển đổi số.",,,Giảng viên
QD_931,Việc ứng dụng ChatGPT trong giảng dạy được nêu trong Quyết định số 931/QĐ-ĐHBD như thế nào?,Quyết định số 931/QĐ-ĐHBD nêu rõ việc triển khai ứng dụng ChatGPT trong giảng dạy và học tập là một trọng tâm trong kế hoạch chuyển đổi số của Trường Đại học Bình Dương.,,,Giảng viên
QD_931,Việc phát triển nhóm nghiên cứu AI có ý nghĩa gì trong Quyết định số 931/QĐ-ĐHBD?,"Việc phát triển nhóm nghiên cứu AI nhằm phục vụ cho giảng dạy, học tập và ứng dụng kết quả nghiên cứu vào thực tiễn, góp phần nâng cao năng lực nội bộ về trí tuệ nhân tạo.",,,Giảng viên
QD_931,Ban Quản lý Dự án chuyển đổi số được thành lập theo điều nào trong Quyết định số 931/QĐ-ĐHBD?,Ban Quản lý Dự án chuyển đổi số được thành lập theo Điều 1 của Quyết định số 931/QĐ-ĐHBD.,,,Giảng viên
QD_931,Cơ sở pháp lý nào trong nội bộ Trường Đại học Bình Dương được viện dẫn trong Quyết định số 931/QĐ-ĐHBD?,"Quyết định số 999/QĐ-ĐHBD ngày 31 tháng 12 năm 2021 của Trường Đại học Bình Dương về việc kiện toàn Ban Chỉ đạo ứng dụng công nghệ thông tin, chuyển đổi số được viện dẫn làm cơ sở pháp lý trong Quyết định số 931/QĐ-ĐHBD.",,,Giảng viên
QD_931,Ông Nguyễn Thanh Sơn thuộc đơn vị nào trong Trường Đại học Bình Dương theo Quyết định số 931/QĐ-ĐHBD?,"Ông Nguyễn Thanh Sơn là Phó trưởng khoa, Khoa Công nghệ thông tin, Robot và Trí tuệ nhân tạo theo Quyết định số 931/QĐ-ĐHBD.",,,Giảng viên
QD_931,"Theo Quyết định số 931/QĐ-ĐHBD, ai là người ký quyết định thành lập Ban Quản lý Dự án chuyển đổi số?",Hiệu trưởng Trường Đại học Bình Dương là người ký Quyết định số 931/QĐ-ĐHBD thành lập Ban Quản lý Dự án chuyển đổi số.,,,Giảng viên
QD_931,"Theo Quyết định số 931/QĐ-ĐHBD, các công nghệ nào được nhấn mạnh trong quá trình chuyển đổi số của Trường Đại học Bình Dương?","Theo Quyết định số 931/QĐ-ĐHBD, công nghệ ChatGPT và trí tuệ nhân tạo (AI) được nhấn mạnh trong quá trình chuyển đổi số của Trường Đại học Bình Dương.",,,Giảng viên
QD_931,"Theo Quyết định số 931/QĐ-ĐHBD, các kết quả nghiên cứu AI sẽ được ứng dụng vào lĩnh vực nào?","Theo Quyết định số 931/QĐ-ĐHBD, các kết quả nghiên cứu AI sẽ được ứng dụng vào giảng dạy và học tập tại Trường Đại học Bình Dương.",,,Giảng viên
QD_2190,Quyết định số 2190 của Trường Đại học Bình Dương ban hành nhằm mục đích gì?,Quyết định số 2190 được ban hành nhằm thành lập Hội đồng tự đánh giá chương trình đào tạo trình độ đại học ngành Công nghệ thông tin theo quy định về tiêu chuẩn chất lượng giáo dục.,,,Giảng viên
QD_2190,"Theo Quyết định số 2190, ai là Chủ tịch Hội đồng tự đánh giá chương trình đào tạo ngành Công nghệ thông tin?","Theo Quyết định số 2190, Ông Cao Việt Hiếu, Hiệu trưởng Trường Đại học Bình Dương, là Chủ tịch Hội đồng tự đánh giá chương trình đào tạo ngành Công nghệ thông tin.",,,Giảng viên
QD_2190,"Theo Quyết định số 2190, Hội đồng tự đánh giá sẽ giải thể khi nào?","Theo Quyết định số 2190, Hội đồng tự đánh giá sẽ tự giải thể sau khi hoàn thành nhiệm vụ.",,,Giảng viên
QD_2190,Ngày ký Quyết định thành lập Hội đồng tự đánh giá chương trình đào tạo ngành Công nghệ thông tin là ngày nào?,Ngày ký Quyết định số 2190 là ngày 26 tháng 12 năm 2023.,,,Giảng viên
QD_2190,"Theo Quyết định số 2190, nhóm nào phụ trách tổng hợp báo cáo tự đánh giá và cơ sở dữ liệu?","Theo Quyết định số 2190, nhóm phụ trách tổng hợp báo cáo tự đánh giá, cơ sở dữ liệu và minh chứng là nhóm phụ trách tổng quan, tiêu chuẩn 1, do Ông Trần Minh Đàn làm Trưởng nhóm.",,,Giảng viên
QD_2190,"Theo Quyết định số 2190, nhóm phụ trách tiêu chuẩn 2 đến 5 do ai làm Trưởng nhóm?","Theo Quyết định số 2190, nhóm phụ trách tiêu chuẩn 2, 3, 4 và 5 do Ông Nguyễn Thanh Sơn làm Trưởng nhóm.",,,Giảng viên
QD_2190,"Theo Quyết định số 2190, nhóm phụ trách tiêu chuẩn 11 do ai làm Trưởng nhóm?","Theo Quyết định số 2190, nhóm phụ trách tiêu chuẩn 11 do Ông Thái Thanh Hùng làm Trưởng nhóm.",,,Giảng viên
QD_2190,Ban Thư ký Hội đồng tự đánh giá theo Quyết định số 2190 do ai làm Trưởng ban?,"Theo Quyết định số 2190, Ban Thư ký Hội đồng tự đánh giá do Ông Trần Minh Đàn, Trưởng phòng Bảo đảm chất lượng và Khảo thí, làm Trưởng ban.",,,Giảng viên
QD_2190,"Theo Quyết định số 2190, nhiệm vụ của Hội đồng tự đánh giá là gì?","Theo Quyết định số 2190, Hội đồng tự đánh giá có nhiệm vụ triển khai tự đánh giá chương trình đào tạo ngành Công nghệ thông tin theo tiêu chuẩn ban hành kèm theo Thông tư số 04/2016/TT-BGDĐT và hướng dẫn của Cục Quản lý chất lượng.",,,Giảng viên
QD_2190,"Theo Quyết định số 2190, đơn vị nào có trách nhiệm phối hợp thực hiện cùng Hội đồng tự đánh giá?","Theo Quyết định số 2190, các đơn vị như Phòng Tổng hợp, Phòng Tài chính - Kế toán, Khoa Công nghệ thông tin, Phòng Quản lý đào tạo và Công tác sinh viên, Phòng Bảo đảm chất lượng và Khảo thí cùng các cá nhân có tên trong quyết định chịu trách nhiệm phối hợp thực hiện.",,,Giảng viên
QD_2190,"Theo Quyết định số 2190, tổng số thành viên trong Hội đồng tự đánh giá là bao nhiêu người?","Theo Quyết định số 2190, Hội đồng tự đánh giá chương trình đào tạo ngành Công nghệ thông tin gồm 14 người.",,,Giảng viên
QD_2190,"Theo Quyết định số 2190, tổng số thành viên trong Ban Thư ký Hội đồng tự đánh giá là bao nhiêu người?","Theo Quyết định số 2190, Ban Thư ký Hội đồng tự đánh giá có 13 người.",,,Giảng viên
QD_2190,"Theo Quyết định số 2190, có bao nhiêu nhóm công tác chuyên trách được thành lập?","Theo Quyết định số 2190, có 6 nhóm công tác chuyên trách được thành lập.",,,Giảng viên
QD_2190,"Theo Quyết định số 2190, nhóm công tác nào phụ trách tiêu chuẩn 6 và 7?","Theo Quyết định số 2190, nhóm công tác phụ trách tiêu chuẩn 6 và 7 do Bà Cáp Thị Bích làm Trưởng nhóm.",,,Giảng viên
QD_2190,"Theo Quyết định số 2190, nhóm công tác phụ trách tiêu chuẩn 8 do ai làm Trưởng nhóm?","Theo Quyết định số 2190, nhóm phụ trách tiêu chuẩn 8 do Ông Huỳnh Quang Đức làm Trưởng nhóm.",,,Giảng viên
QD_2190,"Theo Quyết định số 2190, nhóm công tác phụ trách tiêu chuẩn 9 do ai đảm nhiệm?","Theo Quyết định số 2190, nhóm công tác phụ trách tiêu chuẩn 9 do Bà Bùi Thị Hường làm Trưởng nhóm.",,,Giảng viên
QD_2190,"Theo Quyết định số 2190, nhóm nào phụ trách tiêu chuẩn 10 trong quá trình tự đánh giá?","Theo Quyết định số 2190, nhóm phụ trách tiêu chuẩn 10 trong quá trình tự đánh giá là một trong các nhóm công tác chuyên trách, do Ông Trần Minh Đàn làm Trưởng nhóm và bao gồm các thành viên được phân công theo danh sách đính kèm.",,,Giảng viên
QD_2190,"Theo Quyết định số 2190, nhiệm vụ chính của các nhóm công tác chuyên trách là gì?","Theo Quyết định số 2190, các nhóm công tác chuyên trách có nhiệm vụ viết báo cáo tự đánh giá, thu thập minh chứng và giải trình với Đoàn đánh giá ngoài.",,,Giảng viên
KH_136,Tài liệu 136-KH-P.BĐCL&KT được ban hành vào ngày nào?,Tài liệu 136-KH-P.BĐCL&KT được ban hành vào ngày 19 tháng 7 năm 2024.,,,Giảng viên
KH_136,Cơ quan nào ban hành kế hoạch 136-KH-P.BĐCL&KT?,"Kế hoạch 136-KH-P.BĐCL&KT được ban hành bởi Phòng Đảm bảo Chất lượng và Khảo thí, Trường Đại học Bình Dương.",,,Giảng viên
KH_136,Mục tiêu chính của kế hoạch 136-KH-P.BĐCL&KT là gì?,Mục tiêu chính của kế hoạch là thực hiện tự đánh giá 05 chương trình đào tạo trình độ đại học nhằm chuẩn bị cho hoạt động đánh giá ngoài vào tháng 01 năm 2025.,,,Giảng viên
KH_136,Những chương trình đào tạo nào được thực hiện tự đánh giá theo kế hoạch 136-KH-P.BĐCL&KT?,"Các chương trình đào tạo gồm: Công nghệ Kỹ thuật ô tô, Công nghệ Thông tin, Kế toán, Luật Kinh tế, Quản trị kinh doanh.",,,Giảng viên
KH_136,Cơ sở pháp lý để triển khai kế hoạch 136-KH-P.BĐCL&KT là văn bản nào?,Kế hoạch được triển khai dựa trên Thông báo số 128/TTR-P.BĐCL&KT ngày 15/7/2024 của Phòng Đảm bảo Chất lượng và Khảo thí.,,,Giảng viên
KH_136,Đơn vị nào chịu trách nhiệm chủ trì triển khai kế hoạch 136-KH-P.BĐCL&KT?,"Phòng Đảm bảo Chất lượng và Khảo thí là đơn vị chủ trì, chịu trách nhiệm chung trong việc triển khai kế hoạch và giám sát tiến độ.",,,Giảng viên
KH_136,"Ai chịu trách nhiệm đánh giá, góp ý và thẩm định các báo cáo tự đánh giá?","Hội đồng Tự đánh giá (Hội đồng TĐG) chịu trách nhiệm chính trong việc đánh giá, góp ý, thẩm định các báo cáo.",,,Giảng viên
KH_136,Nhóm công tác trong kế hoạch 136-KH-P.BĐCL&KT có nhiệm vụ gì?,"Nhóm Công tác thực hiện thu thập minh chứng, viết báo cáo tự đánh giá theo từng tiêu chuẩn, tiêu chí.",,,Giảng viên
KH_136,Ban Thư ký có nhiệm vụ gì trong kế hoạch 136-KH-P.BĐCL&KT?,"Ban Thư ký hỗ trợ công tác hành chính, tổng hợp, rà soát hồ sơ và minh chứng.",,,Giảng viên
KH_136,Giai đoạn chuẩn bị theo kế hoạch 136-KH-P.BĐCL&KT diễn ra trong thời gian nào?,Giai đoạn chuẩn bị diễn ra từ ngày 22/7/2024 đến ngày 08/9/2024.,,,Giảng viên
KH_136,Nội dung chính trong giai đoạn chuẩn bị của kế hoạch 136-KH-P.BĐCL&KT là gì?,"Thành lập Hội đồng TĐG, Nhóm Công tác, nghiên cứu văn bản hướng dẫn, lập danh mục minh chứng và rà soát danh mục minh chứng.",,,Giảng viên
KH_136,"Giai đoạn thu thập và xử lý minh chứng, viết báo cáo sơ bộ thực hiện khi nào?",Giai đoạn này diễn ra từ ngày 12/8/2024 đến ngày 09/9/2024.,,,Giảng viên
KH_136,Nhóm Công tác thực hiện nhiệm vụ gì trong giai đoạn viết báo cáo sơ bộ?,"Nhóm Công tác viết dự thảo báo cáo tự đánh giá, rà soát và hoàn thiện dữ liệu Ba công khai, cơ sở dữ liệu trường, dữ liệu khảo sát và thu thập minh chứng theo danh mục.",,,Giảng viên
KH_136,Giai đoạn hoàn thiện báo cáo và thẩm định theo kế hoạch 136-KH-P.BĐCL&KT diễn ra khi nào?,Giai đoạn này diễn ra từ ngày 04/9/2024 đến ngày 18/10/2024.,,,Giảng viên
KH_136,Hoạt động chính trong giai đoạn hoàn thiện báo cáo là gì?,"Nhóm Công tác điều chỉnh, bổ sung báo cáo tự đánh giá, kiểm tra minh chứng, góp ý báo cáo theo tiêu chuẩn, tiêu chí và hoàn thiện báo cáo TĐG CTĐT.",,,Giảng viên
KH_136,Giai đoạn công bố và gửi hồ sơ theo kế hoạch 136-KH-P.BĐCL&KT thực hiện khi nào?,Giai đoạn công bố và gửi hồ sơ thực hiện từ ngày 19/10/2024 đến ngày 30/11/2024.,,,Giảng viên
KH_136,Những nhiệm vụ chính trong giai đoạn công bố và gửi hồ sơ là gì?,"Rà soát, cập nhật thông tin trên website, gửi báo cáo TĐG hoàn thiện đến Phòng Đảm bảo Chất lượng và Khảo thí, gửi hồ sơ đề nghị thẩm định CEA-SG, in báo cáo và lập kế hoạch phối hợp đánh giá ngoài.",,,Giảng viên
KH_136,Kế hoạch 136-KH-P.BĐCL&KT có điểm gì nổi bật về nội dung?,"Kế hoạch có tính chi tiết, hệ thống, phân công rõ ràng nhiệm vụ và mốc thời gian, đảm bảo phản hồi và cải tiến liên tục qua nhiều vòng góp ý, thẩm định.",,,Giảng viên
KH_136,Mục tiêu cuối cùng của kế hoạch 136-KH-P.BĐCL&KT là gì?,"Mục tiêu cuối cùng là hoàn thiện hồ sơ tự đánh giá, chuẩn bị cho hoạt động đánh giá ngoài dự kiến vào tháng 01 năm 2025.
TB_466""","Kế hoạch đào tạo học kỳ 1 năm học 2023–2024 của Khoa Công nghệ thông tin, Robot và Trí tuệ nhân tạo được ban hành dựa trên thông báo nào?",Kế hoạch được ban hành dựa trên Thông báo số 466/TB-ĐHBD ngày 12 tháng 6 năm 2023 của Hiệu trưởng Trường Đại học Bình Dương.,Giảng viên
TB_466,"Những môn học nào được xác định là trọng tâm trong kế hoạch đào tạo học kỳ 1 năm học 2023–2024 của Khoa Công nghệ thông tin, Robot và Trí tuệ nhân tạo?","Các môn trọng tâm gồm: Đồ án tốt nghiệp (INF0137), Đồ án ngành (INF1023), Khoa học dữ liệu và ứng dụng (INF1023), Bảo mật IoT (INF1273), Nhập môn Trí tuệ nhân tạo (INF0103), Học máy (INF1063), Xử lý ngôn ngữ tự nhiên (INF1073), và các môn lập trình thực hành như lập trình di động, web, game.",,,Giảng viên
TB_466,Môn học Đồ án tốt nghiệp (INF0137) trong kế hoạch đào tạo học kỳ 1 năm học 2023–2024 được đánh giá theo hình thức nào?,Môn Đồ án tốt nghiệp (INF0137) được đánh giá 100% bằng hình thức thi tập trung và có thể kèm theo tiểu luận hoặc khóa luận.,,,Giảng viên
TB_466,Các hình thức giảng dạy trong kế hoạch đào tạo học kỳ 1 năm học 2023–2024 gồm những gì?,Hình thức giảng dạy gồm có học trực tiếp tại lớp và học trực tuyến.,,,Giảng viên
TB_466,"Theo kế hoạch đào tạo học kỳ 1 năm học 2023–2024, tỷ lệ điểm giữa kỳ và cuối kỳ thường được phân bổ như thế nào?",Tỷ lệ điểm thường được phân bổ là 40% cho bài kiểm tra giữa kỳ và 50% cho bài kiểm tra cuối kỳ.,,,Giảng viên
TB_466,"Một số môn học trong kế hoạch đào tạo học kỳ 1 năm học 2023–2024 có bao gồm điểm thư viện, vậy tỷ lệ này là bao nhiêu?","Một số môn học có 10% điểm dành cho thư viện, có thể liên quan đến chuyên cần hoặc hoạt động học liệu.",,,Giảng viên
TB_466,"Trong kế hoạch đào tạo học kỳ 1 năm học 2023–2024, học phần nào được quản lý bởi doanh nghiệp và do ai phụ trách?","Học phần doanh nghiệp được quản lý bởi giảng viên Đinh Khắc Quyền (Mã CBGV 90894, ThS).",,,Giảng viên
TB_466,Thông tin giảng viên trong kế hoạch đào tạo học kỳ 1 năm học 2023–2024 bao gồm những gì?,"Thông tin gồm tên giảng viên, mã cán bộ giảng viên, học vị và vai trò giảng dạy (Giảng viên 1 hoặc Giảng viên 2).",,,Giảng viên
TB_466,Môn học 'Khoa học dữ liệu và ứng dụng' trong học kỳ 1 năm học 2023–2024 do giảng viên nào phụ trách?,"Môn học này do giảng viên Huỳnh Quang Đức (Mã CBGV 90514, TS) và Phạm Thuận (Mã CBGV 90890, TS) phụ trách giảng dạy.",,,Giảng viên
TB_466,Kế hoạch đào tạo học kỳ 1 năm học 2023–2024 của Khoa CNTT cung cấp thông tin gì về sỉ số lớp học?,"Kế hoạch nêu rõ sỉ số dự kiến theo TKB và sỉ số theo yêu cầu của khoa, dao động từ 30 đến 80 sinh viên tùy theo lớp.",,,Giảng viên
TB_466,Thời khóa biểu trong kế hoạch đào tạo học kỳ 1 năm học 2023–2024 cung cấp những thông tin gì?,"Thời khóa biểu bao gồm ngày kết thúc, số tiết/buổi, thứ trong tuần, tiết bắt đầu và thời gian bắt đầu học.",,,Giảng viên
TB_466,Ai là người xác nhận và lập bảng kế hoạch đào tạo học kỳ 1 năm học 2023–2024 của Khoa CNTT?,Thầy Huỳnh Quang Đức và Nguyễn Thanh Sơn là người lập bảng và ký xác nhận kế hoạch.,,,Giảng viên
TB_466,Môn học 'Xử lý ngôn ngữ tự nhiên' (INF1073) trong học kỳ 1 năm học 2023–2024 do ai phụ trách?,Môn học được giảng dạy bởi giảng viên Dương Anh Tuấn và Trương Mỹ Dung.,,,Giảng viên
TB_466,Môn học 'Nhập môn tương tác người – máy' (INF1232) được giao cho giảng viên nào trong kế hoạch học kỳ 1 năm học 2023–2024?,Giảng viên Đinh Khắc Quyền phụ trách môn học 'Nhập môn tương tác người – máy' (INF1232).,,,Giảng viên
TB_466,Các môn học lập trình thực hành trong học kỳ 1 năm học 2023–2024 bao gồm những môn nào và do ai phụ trách?,"Các môn lập trình thực hành gồm: lập trình di động, lập trình web, lập trình game; được giảng dạy bởi Nguyễn Hồ Hải, Nguyễn Quang Tấn, Trần Hữu Duật, Thái Thanh Hùng và Nguyễn Hữu Quyền.",,,Giảng viên
TB_466,Môn học 'Tin học cơ sở' (INF0403) trong học kỳ 1 năm học 2023–2024 được giảng dạy bởi ai?,"Môn Tin học cơ sở (INF0403) được phân công cho các giảng viên Nguyễn Hữu Quyền, Thái Thanh Hùng, Dai Nguyễn Thiện và Huỳnh Quang Đức.",,,Giảng viên
TB_466,Môn 'Làm chủ máy tính' (INF0832) trong kế hoạch đào tạo học kỳ 1 năm học 2023–2024 đóng vai trò gì?,"Môn Làm chủ máy tính (INF0832) là một môn học nền tảng dành cho sinh viên CNTT, giúp hình thành kiến thức cơ bản về sử dụng máy tính.",,,Giảng viên
TB_466,Hình thức đánh giá môn 'Nhập môn lập trình' (INF0433) trong kế hoạch đào tạo học kỳ 1 năm học 2023–2024 được chia như thế nào?,"Môn Nhập môn lập trình (INF0433) có hình thức đánh giá gồm điểm giữa kỳ (40%), điểm cuối kỳ (50%) và 10% điểm thư viện.",,,Giảng viên
TB_466,Môn học 'Nhập môn Khoa học dữ liệu' (INF0983) trong học kỳ 1 năm học 2023–2024 do giảng viên nào đảm nhiệm?,"Môn Nhập môn Khoa học dữ liệu (INF0983) được giảng dạy bởi các giảng viên Huỳnh Quang Đức, Phạm Thuận và Đào Văn Tuyết.",,,Giảng viên
TB_466,"Trong kế hoạch đào tạo học kỳ 1 năm học 2023–2024, mã cán bộ giảng viên được trình bày như thế nào?","Mã cán bộ giảng viên (CBGV) được ghi kèm tên giảng viên, ví dụ: Huỳnh Quang Đức – Mã CBGV 90514.",,,Giảng viên
TB_466,Kế hoạch đào tạo học kỳ 1 năm học 2023–2024 có phân biệt vai trò giảng viên 1 và giảng viên 2 như thế nào?,"Giảng viên 1 và Giảng viên 2 là hai người cùng phụ trách một môn học, được ghi rõ tên, mã CBGV và học vị trong kế hoạch.",,,Giảng viên
TB_466,"Theo kế hoạch đào tạo học kỳ 1 năm học 2023–2024, Khoa CNTT chú trọng đào tạo những lĩnh vực nào để đáp ứng nhu cầu thị trường?","Khoa CNTT chú trọng đào tạo các lĩnh vực Khoa học dữ liệu, Trí tuệ nhân tạo, IoT và kỹ năng lập trình thực tế nhằm đáp ứng nhu cầu nhân lực công nghệ cao trên thị trường.",,,Giảng viên
KH_194,Kế hoạch thực hiện đánh giá kết quả rèn luyện sinh viên học kỳ I năm học 2022-2023 do đơn vị nào ban hành?,Kế hoạch thực hiện đánh giá kết quả rèn luyện sinh viên học kỳ I năm học 2022-2023 được ban hành bởi Trường Đại học Bình Dương.,,,Giảng viên
KH_194,Kế hoạch đánh giá rèn luyện sinh viên học kỳ I năm học 2022-2023 dựa trên quyết định nào?,Kế hoạch được ban hành dựa trên Quyết định số 551/QĐ-ĐHBD ngày 30 tháng 7 năm 2018 của Hiệu trưởng Trường Đại học Bình Dương về việc ban hành Quy chế đánh giá kết quả rèn luyện sinh viên hệ đại học chính quy.,,,Giảng viên
KH_194,Đối tượng áp dụng của kế hoạch đánh giá rèn luyện sinh viên học kỳ I năm học 2022-2023 là ai?,"Đối tượng áp dụng là sinh viên đại học chính quy các khóa tuyển sinh năm 2019, 2020, 2021 và 2022 của Trường Đại học Bình Dương.",,,Giảng viên
KH_194,Thời gian sinh viên tự đánh giá rèn luyện trên Cổng thông tin sinh viên là khi nào?,"Từ ngày 20/03/2023 đến 26/03/2023, sinh viên truy cập Cổng thông tin sinh viên (sv.bdu.edu.vn) để thực hiện đánh giá rèn luyện.",,,Giảng viên
KH_194,Giáo viên chủ nhiệm và Ban cán sự lớp tiến hành họp đánh giá rèn luyện sinh viên vào thời gian nào?,"Từ ngày 27/03/2023 đến 31/03/2023, giáo viên chủ nhiệm, cố vấn học tập, quản nhiệm sinh viên và Ban cán sự lớp tiến hành họp, xem xét và thông qua mức điểm rèn luyện của từng sinh viên.",,,Giảng viên
KH_194,Hội đồng Khoa họp xét kết quả rèn luyện sinh viên vào thời gian nào?,"Từ ngày 01/04/2023 đến 07/04/2023, Hội đồng Khoa tổ chức họp để xét kết quả rèn luyện sinh viên.",,,Giảng viên
KH_194,Các Khoa gửi hồ sơ đánh giá rèn luyện sinh viên về phòng nào?,"Từ ngày 08/04/2023 đến 12/04/2023, các Khoa gửi hồ sơ đánh giá (file mềm và file văn bản) về Phòng Quản lý đào tạo và Công tác sinh viên Trường Đại học Bình Dương.",,,Giảng viên
KH_194,File văn bản đánh giá rèn luyện sinh viên cần có những yêu cầu gì?,"File văn bản đánh giá phải có chữ ký xác nhận của Ban chủ nhiệm Khoa/Viện và gửi file mềm (word, excel) về địa chỉ email daotao@bdu.edu.vn.",,,Giảng viên
KH_194,Kết quả điểm rèn luyện sinh viên được sử dụng cho các mục đích gì?,"Kết quả điểm rèn luyện sinh viên được sử dụng để xét điều kiện học tiếp, xét tốt nghiệp, xét khen thưởng năm học và xét học bổng (nếu có).",,,Giảng viên
KH_194,Trong quá trình thực hiện nếu có khó khăn vướng mắc cần liên hệ ai?,"Trong quá trình thực hiện, nếu có khó khăn, các Khoa, giáo viên chủ nhiệm, cố vấn học tập, quản nhiệm, Ban cán sự lớp và sinh viên liên hệ qua email daotao@bdu.edu.vn để được hỗ trợ kịp thời.",,,Giảng viên
KH_194,Mục tiêu chính của kế hoạch đánh giá rèn luyện sinh viên học kỳ I năm học 2022-2023 là gì?,"Mục tiêu nhằm đảm bảo quy trình đánh giá rèn luyện sinh viên diễn ra hiệu quả, minh bạch, công bằng và phục vụ các mục tiêu học tập cũng như phát triển toàn diện của sinh viên.",,,Giảng viên
KH_194,Ai chịu trách nhiệm ban hành kế hoạch đánh giá kết quả rèn luyện sinh viên học kỳ I năm học 2022-2023?,Hiệu trưởng Trường Đại học Bình Dương chịu trách nhiệm ban hành kế hoạch đánh giá kết quả rèn luyện sinh viên học kỳ I năm học 2022-2023.,,,Giảng viên
KH_194,Căn cứ pháp lý cho kế hoạch đánh giá rèn luyện sinh viên là gì?,Căn cứ pháp lý cho kế hoạch là Quyết định số 551/QĐ-ĐHBD ngày 30 tháng 7 năm 2018 về việc ban hành Quy chế đánh giá kết quả rèn luyện sinh viên hệ đại học chính quy.,,,Giảng viên
KH_194,Những khóa sinh viên nào thuộc đối tượng đánh giá kết quả rèn luyện học kỳ I năm học 2022-2023?,"Sinh viên đại học chính quy các khóa tuyển sinh năm 2019, 2020, 2021 và 2022 thuộc đối tượng đánh giá kết quả rèn luyện.",,,Giảng viên
KH_194,Sinh viên thực hiện đánh giá rèn luyện thông qua hệ thống nào?,Sinh viên thực hiện đánh giá rèn luyện thông qua Cổng thông tin sinh viên tại địa chỉ sv.bdu.edu.vn.,,,Giảng viên
KH_194,Thời gian dành cho sinh viên tự đánh giá rèn luyện là bao nhiêu ngày?,Thời gian dành cho sinh viên tự đánh giá rèn luyện là từ ngày 20/03/2023 đến ngày 26/03/2023.,,,Giảng viên
KH_194,Ai tổ chức họp để xem xét và thông qua điểm rèn luyện sau khi sinh viên tự đánh giá?,"Giáo viên chủ nhiệm, cố vấn học tập, quản nhiệm sinh viên và Ban cán sự lớp tổ chức họp để xem xét và thông qua điểm rèn luyện.",,,Giảng viên
KH_194,Họp xét điểm rèn luyện cấp lớp cần có tài liệu gì kèm theo?,Họp xét điểm rèn luyện cấp lớp phải có biên bản họp đánh giá.,,,Giảng viên
KH_194,Ai là người xét kết quả rèn luyện sinh viên sau khi cấp lớp hoàn thành?,Hội đồng Khoa là đơn vị tổ chức họp xét kết quả rèn luyện sinh viên sau khi cấp lớp hoàn thành.,,,Giảng viên
KH_194,"Sau khi Hội đồng Khoa xét duyệt, hồ sơ đánh giá rèn luyện được gửi về đâu?","Sau khi xét duyệt, các Khoa gửi hồ sơ đánh giá về Phòng Quản lý đào tạo và Công tác sinh viên Trường Đại học Bình Dương.",,,Giảng viên
KH_194,Hồ sơ đánh giá rèn luyện gồm những dạng file nào?,"Hồ sơ đánh giá gồm file mềm (word, excel) và file văn bản có chữ ký xác nhận của Ban chủ nhiệm Khoa/Viện.",,,Giảng viên
KH_194,Địa chỉ email tiếp nhận file mềm đánh giá rèn luyện là gì?,Địa chỉ email tiếp nhận file mềm đánh giá rèn luyện là daotao@bdu.edu.vn.,,,Giảng viên
KH_194,Kết quả rèn luyện có tác động như thế nào tới sinh viên?,"Kết quả rèn luyện ảnh hưởng đến điều kiện học tiếp, xét tốt nghiệp, xét khen thưởng năm học và xét học bổng (nếu có) của sinh viên.",,,Giảng viên
KH_194,"Nếu phát sinh khó khăn trong quá trình thực hiện đánh giá rèn luyện, liên hệ với ai?","Nếu phát sinh khó khăn, liên hệ email daotao@bdu.edu.vn để được Phòng Quản lý đào tạo và Công tác sinh viên hỗ trợ.",,,Giảng viên
KH_194,Mục đích của kế hoạch đánh giá kết quả rèn luyện sinh viên học kỳ I năm học 2022-2023 là gì?,"Mục đích nhằm đảm bảo đánh giá rèn luyện diễn ra minh bạch, công bằng, đúng quy trình và hỗ trợ quá trình học tập, phát triển của sinh viên.",,,Giảng viên
KH_194,"Trong quá trình sinh viên đánh giá rèn luyện, nhà trường đã cung cấp hướng dẫn như thế nào?",Nhà trường đã gửi tài liệu hướng dẫn đánh giá rèn luyện tới email sinh viên để các em tự nghiên cứu và thực hiện.,,,Giảng viên
KH_194,Trong quá trình Hội đồng Khoa họp xét kết quả rèn luyện có yêu cầu gì?,"Trong quá trình họp, Hội đồng Khoa phải lập biên bản họp đánh giá kết quả rèn luyện sinh viên.",,,Giảng viên
KH_194,"Khi nộp hồ sơ đánh giá, file văn bản cần có xác nhận của ai?",File văn bản cần có chữ ký xác nhận của Ban chủ nhiệm Khoa/Viện.,,,Giảng viên
KH_194,Thời gian các Khoa phải nộp hồ sơ đánh giá rèn luyện cho Phòng Quản lý đào tạo và Công tác sinh viên là khi nào?,Thời gian nộp hồ sơ từ ngày 08/04/2023 đến ngày 12/04/2023.,,,Giảng viên
KH_194,"Sau khi hoàn thành đánh giá rèn luyện, sinh viên có được quyền khiếu nại kết quả không?",Vấn đề khiếu nại không được đề cập trong nội dung kế hoạch thực hiện đánh giá kết quả rèn luyện sinh viên học kỳ I năm học 2022-2023.,,,Giảng viên
KH_866,Kế hoạch giám sát giảng đường năm học 2023-2024 của đơn vị nào ban hành?,Kế hoạch giám sát giảng đường năm học 2023-2024 được ban hành bởi Trường Đại học Bình Dương.,,,Giảng viên
KH_866,Mục đích của kế hoạch giám sát giảng đường năm học 2023-2024 là gì?,"Mục đích là hỗ trợ nâng cao chất lượng giảng dạy, học tập của giảng viên và sinh viên; phát hiện, phòng ngừa và xử lý các vi phạm trong hoạt động giảng dạy và học tập.",,,Giảng viên
KH_866,Những địa điểm nào thuộc phạm vi áp dụng kế hoạch giám sát giảng đường năm học 2023-2024?,"Kế hoạch áp dụng cho các lớp học trực tiếp tại cơ sở chính, cơ sở Hoàng Hoa Thám, cơ sở 2 (khoa Dược), xưởng thực hành ô tô.",,,Giảng viên
KH_866,Nội dung giám sát giảng đường bao gồm những gì?,"Nội dung giám sát bao gồm kiểm tra việc thực hiện nội quy lớp học, tác phong và trang phục của sinh viên; kiểm tra nhiệm vụ giảng dạy, tác phong và văn hóa giảng đường của giảng viên.",,,Giảng viên
KH_866,"Nội quy, tác phong và trang phục của sinh viên được giám sát theo thông báo nào?","Việc giám sát nội quy, tác phong và trang phục của sinh viên được thực hiện theo thông báo 271/TB-ĐHBD.",,,Giảng viên
KH_866,Thời gian thực hiện giám sát giảng đường trong tuần như thế nào?,"Giám sát diễn ra từ thứ Hai đến Chủ nhật (trừ tuần tổ chức thi), vào các khung giờ sáng, chiều và tối theo lịch cụ thể.",,,Giảng viên
KH_866,Nhân sự được bố trí trực giám sát có được nghỉ bù không?,Nhân sự trực vào thời gian nghỉ theo hợp đồng lao động được ghi nhận giờ công và nghỉ bù trong tuần kế tiếp; không áp dụng nghỉ bù với các ca trực khác.,,,Giảng viên
KH_866,Báo cáo sau khi trực giám sát được thực hiện như thế nào?,"Sau mỗi buổi trực, nhân sự được phân công thực hiện báo cáo tình hình thực hiện nội quy và các phát sinh liên quan tại địa chỉ https://forms.gle/2N8cXuvYyfGtXBbGGA.",,,Giảng viên
KH_866,Vi phạm trong giám sát giảng đường được xử lý theo nguyên tắc nào?,"Vi phạm có minh chứng cụ thể bằng hình ảnh, video, biên bản sẽ được xử lý; nhân sự trực có quyền ghi nhận hình ảnh, video làm căn cứ xử lý.",,,Giảng viên
KH_866,Đơn vị nào chủ trì thực hiện kế hoạch giám sát giảng đường năm học 2023-2024?,"Phòng Quản lý Đào tạo và Công tác Sinh viên chủ trì, phối hợp với các Khoa, Viện, Trung tâm và các phòng chức năng khác để thực hiện kế hoạch.",,,Giảng viên
KH_866,"Các đơn vị, khoa, viện có trách nhiệm gì trong kế hoạch giám sát giảng đường?","Các đơn vị, khoa, viện phải bố trí tối thiểu 01 nhân sự trực giám sát, tham gia lịch trực đột xuất và báo cáo vi phạm kèm minh chứng đầy đủ.",,,Giảng viên
KH_866,"Thủ trưởng các Khoa, Viện, Trung tâm chịu trách nhiệm gì trong kế hoạch giám sát giảng đường?","Thủ trưởng các đơn vị có trách nhiệm nhắc nhở, phối hợp và thực hiện nghiêm túc, thường xuyên giám sát giảng đường trong phạm vi quản lý.",,,Giảng viên
KH_866,Các đơn vị liên quan phải thực hiện kế hoạch giám sát giảng đường như thế nào?,"Các đơn vị, cá nhân liên quan phải nghiêm túc thực hiện kế hoạch giám sát giảng đường năm học 2023-2024.",,,Giảng viên
KH_866,Biên bản ghi nhận vi phạm được lập trong những trường hợp nào?,Biên bản được lập với các hành vi vi phạm gây thiệt hại nghiêm trọng hoặc có mức độ xử lý pháp luật cao; trước khi lập biên bản phải thông báo rõ hành vi cho người vi phạm biết.,,,Giảng viên
KH_866,Trường hợp người vi phạm không ký biên bản thì xử lý ra sao?,"Nếu người vi phạm không đồng ý ký biên bản, nhân sự lập biên bản phải ghi rõ lý do từ chối ký của người vi phạm trong biên bản.",,,Giảng viên
KH_866,Lịch trực giám sát giảng đường được bố trí như thế nào trong tuần?,"Lịch trực diễn ra vào các buổi sáng, chiều và tối từ thứ Hai đến Chủ nhật, với các khung giờ cụ thể như giờ vào lớp, giờ nghỉ giải lao và giờ ra về.",,,Giảng viên
KH_866,Giám sát buổi sáng được thực hiện vào những khung giờ nào?,"Buổi sáng giám sát vào các khung giờ 06h50 - 07h15, 08h50 - 09h10 và 10h40 - 11h00.",,,Giảng viên
KH_866,Giám sát buổi chiều được thực hiện vào những khung giờ nào?,"Buổi chiều giám sát vào các khung giờ 12h50 - 13h15, 14h50 - 15h10 và 16h30 - 16h50.",,,Giảng viên
KH_866,Giám sát buổi tối được thực hiện vào những khung giờ nào?,Buổi tối giám sát vào khung giờ 18h00 - 18h30.,,,Giảng viên
KH_866,Kết luận mục đích cuối cùng của kế hoạch giám sát giảng đường năm học 2023-2024 là gì?,"Kế hoạch nhằm duy trì kỷ luật, nâng cao chất lượng dạy và học, đảm bảo thực hiện hiệu quả các hoạt động trọng tâm năm học 2023-2024.",,,Giảng viên
KH_1011,Kế hoạch tổ chức Lễ Tốt nghiệp lần IV năm 2023 được xây dựng nhằm mục đích gì?,"Kế hoạch tổ chức Lễ Tốt nghiệp lần IV năm 2023 nhằm tôn vinh, ghi nhận thành quả học tập và rèn luyện của sinh viên, học viên; khẳng định uy tín của Trường Đại học Bình Dương; đồng thời tạo động lực cho người học.",,,Giảng viên
KH_1011,Đối tượng tham gia Lễ Tốt nghiệp lần IV năm 2023 bao gồm những ai?,"Đối tượng tham gia Lễ Tốt nghiệp lần IV năm 2023 gồm học viên cao đẳng, đại học đã được xét tốt nghiệp đợt 3 năm 2023, nghiên cứu sinh, học viên cao học và sinh viên các đợt trước chưa tham gia lễ tốt nghiệp.",,,Giảng viên
KH_1011,Lễ Tốt nghiệp lần IV năm 2023 tổ chức vào thời gian và địa điểm nào?,"Lễ Tốt nghiệp lần IV năm 2023 tổ chức vào sáng thứ Bảy ngày 18/11/2023 tại Nhà hát sinh viên (Hội trường I, lầu IV khu A), Trường Đại học Bình Dương.",,,Giảng viên
KH_1011,Ai là Trưởng ban chỉ đạo tổ chức Lễ Tốt nghiệp lần IV năm 2023?,"Ông Cao Việt Hiếu, Hiệu trưởng Trường Đại học Bình Dương, là Trưởng ban chỉ đạo tổ chức Lễ Tốt nghiệp lần IV năm 2023.",,,Giảng viên
KH_1011,Chương trình chi tiết của buổi Lễ Tốt nghiệp lần IV năm 2023 diễn ra như thế nào?,"Buổi lễ bắt đầu từ 06h45 ổn định vị trí; từ 07h30 diễn ra chương trình văn nghệ; 08h00 chào cờ, phát biểu; 08h20 phát biểu đại diện học viên; 08h35 công bố khen thưởng; 09h00 công nhận tốt nghiệp; 09h05 tuyên thệ; 09h10 trao bằng và 11h00 bế mạc.",,,Giảng viên
KH_1011,"Các Khoa, Viện, Trung tâm chịu trách nhiệm gì trong công tác tổ chức Lễ Tốt nghiệp lần IV năm 2023?","Các Khoa, Viện, Trung tâm thông báo kế hoạch tổ chức, cung cấp danh sách người đăng ký, đảm bảo trật tự, điều phối sinh viên nhận bằng, tiếp nhận và trả lễ phục.",,,Giảng viên
KH_1011,Phòng Tuyển sinh phụ trách những nội dung gì liên quan đến Lễ Tốt nghiệp lần IV năm 2023?,"Phòng Tuyển sinh hướng dẫn đăng ký tham dự lễ, thu lễ phục với mức phí 500.000 VNĐ (trong đó có 200.000 VNĐ thế chân), hỗ trợ chụp ảnh chân dung và lễ phục.",,,Giảng viên
KH_1011,Phòng Quản lý Đào tạo và Công tác sinh viên thực hiện nhiệm vụ gì trong tổ chức Lễ Tốt nghiệp lần IV năm 2023?,"Phòng QLĐT&CTSV xây dựng kịch bản, chuẩn bị bằng khen, in bằng tốt nghiệp, phối hợp tổ chức buổi lễ và tổng hợp các ý kiến sau buổi lễ.",,,Giảng viên
KH_1011,Nhiệm vụ của Phòng Tổng hợp trong tổ chức Lễ Tốt nghiệp lần IV năm 2023 là gì?,"Phòng Tổng hợp điều phối tổng thể buổi lễ, chuẩn bị hậu cần như âm thanh, ánh sáng, văn phòng phẩm, kỷ lục giấy tờ, bố trí bàn ghế, hoa trang trí và in ấn bằng khen.",,,Giảng viên
KH_1011,Phòng Thanh tra và Kiểm toán nội bộ đảm nhiệm công việc gì tại Lễ Tốt nghiệp lần IV năm 2023?,"Phòng Thanh tra và Kiểm toán nội bộ phối hợp đảm bảo an ninh, phân luồng giao thông, bố trí bãi xe, kiểm tra người ra vào và hỗ trợ sinh viên tại phòng chờ.",,,Giảng viên
KH_1011,Thời gian thu lệ phí nhận bằng của Lễ Tốt nghiệp lần IV năm 2023 diễn ra khi nào?,"Thời gian thu lệ phí nhận bằng của Lễ Tốt nghiệp lần IV năm 2023 diễn ra từ ngày 17/7/2023 đến sáng ngày 29/7/2023, làm việc từ thứ Hai đến sáng thứ Bảy.",,,Giảng viên
KH_1011,Đoàn Thanh niên có nhiệm vụ gì trong Lễ Tốt nghiệp lần IV năm 2023?,"Đoàn Thanh niên phối hợp tuyên truyền toàn trường, hỗ trợ các tiết mục văn nghệ trong chương trình buổi lễ.",,,Giảng viên
KH_1011,Ban Thông tin - Truyền thông đảm nhiệm những công việc gì tại Lễ Tốt nghiệp lần IV năm 2023?,"Ban Thông tin - Truyền thông đưa tin sự kiện trên các kênh truyền thông của trường, chụp ảnh, lưu trữ dữ liệu, thiết kế thư mời, banner, backdrop cho buổi lễ.",,,Giảng viên
KH_1011,Sinh viên tham gia Lễ Tốt nghiệp lần IV năm 2023 cần lưu ý những gì?,"Sinh viên tham gia Lễ Tốt nghiệp lần IV năm 2023 phải tập trung đúng giờ, mặc trang phục lễ phục đầy đủ, mang giấy tờ tùy thân để đối chiếu khi nhận bằng và hoàn thành các thủ tục đóng phí, nhận lễ phục theo quy định.",,,Giảng viên
KH_1011,Tiến độ triển khai các công tác chuẩn bị cho Lễ Tốt nghiệp lần IV năm 2023 như thế nào?,"Tiến độ triển khai bao gồm: hoàn tất thông báo đăng ký trước 30/10/2023; họp ban tổ chức ngày 03/11/2023; đăng ký và thu lễ phục, chụp ảnh từ 06-12/11/2023; tổng hợp danh sách duyệt ngày 15/11/2023 và tổ chức lễ vào ngày 18/11/2023.",,,Giảng viên
KH_462,Mục đích của Kế hoạch đánh giá giờ giảng giảng viên học kỳ III năm học 2023-2024 là gì?,"Mục đích của Kế hoạch đánh giá giờ giảng giảng viên học kỳ III năm học 2023-2024 là đánh giá thường xuyên hoạt động giảng dạy để hỗ trợ công tác quản lý, phát triển chất lượng đào tạo, phát hiện và điều chỉnh kịp thời những hạn chế trong quá trình giảng dạy tại Trường Đại học Bình Dương.",,,Giảng viên
KH_462,Yêu cầu chung khi thực hiện Kế hoạch đánh giá giờ giảng học kỳ III năm học 2023-2024 là gì?,"Yêu cầu gồm: thực hiện đầy đủ lịch dự giờ đã ban hành; bảo đảm đúng thời gian, số lượng, thành phần tham gia; đánh giá khách quan, trung thực, công bằng và có sự phối hợp chặt chẽ giữa các đơn vị trong Nhà trường.",,,Giảng viên
KH_462,Căn cứ pháp lý để ban hành Kế hoạch đánh giá giờ giảng học kỳ III năm học 2023-2024 là gì?,Kế hoạch đánh giá giờ giảng học kỳ III năm học 2023-2024 được ban hành căn cứ theo Quyết định số 196/QĐ-ĐHBD ngày 02/5/2018 của Trường Đại học Bình Dương về việc ban hành Quy định dự giờ giảng viên và thực hiện kế hoạch giảng dạy học kỳ III năm học 2023-2024.,,,Giảng viên
KH_462,Công cụ đánh giá giờ giảng được sử dụng trong học kỳ III năm học 2023-2024 là gì?,Công cụ đánh giá giờ giảng sử dụng phiếu đánh giá theo mẫu quy định tại Quyết định số 196/QĐ-ĐHBD ngày 02/5/2018 và biên bản tổng hợp giờ giảng do Trường Đại học Bình Dương ban hành.,,,Giảng viên
KH_462,Thành phần Hội đồng đánh giá giờ giảng học kỳ III năm học 2023-2024 bao gồm những ai?,Hội đồng đánh giá giờ giảng gồm: Lãnh đạo các Khoa - Chủ tịch Hội đồng; đại diện Phòng Quản lý Đào tạo và Công tác sinh viên; đại diện Phòng Bảo đảm chất lượng và Khảo thí; giảng viên cơ hữu của Khoa làm Thư ký.,,,Giảng viên
KH_462,Giảng viên được dự giờ giảng có trách nhiệm gì?,"Giảng viên được dự giờ giảng có trách nhiệm chuẩn bị đầy đủ đề cương bài giảng, tài liệu, phương tiện giảng dạy; cung cấp trước buổi dự giờ; tiếp thu nghiêm túc góp ý và xây dựng kế hoạch phát huy ưu điểm, khắc phục hạn chế sau buổi dự giờ.",,,Giảng viên
KH_462,Trách nhiệm của các thành viên Hội đồng đánh giá giờ giảng học kỳ III năm học 2023-2024 là gì?,"Thành viên Hội đồng có trách nhiệm đánh giá trung thực, khách quan, chính xác; hoàn thiện đầy đủ thủ tục sau dự giờ và nộp lại cho Thư ký để hoàn thiện báo cáo Hội đồng.",,,Giảng viên
KH_462,"Các Khoa, Viện trong Trường Đại học Bình Dương có trách nhiệm gì trong việc thực hiện đánh giá giờ giảng học kỳ III năm học 2023-2024?","Các Khoa, Viện cử giảng viên tham gia dự giờ theo đúng thành phần quy định, không cử giảng viên tập sự, nhân viên tập sự; hoàn thiện báo cáo đánh giá và gửi về Phòng Bảo đảm chất lượng và Khảo thí chậm nhất 10 ngày sau khi kết thúc đợt đánh giá.",,,Giảng viên
KH_462,Lịch dự giờ giảng trong Kế hoạch đánh giá giờ giảng học kỳ III năm học 2023-2024 được triển khai từ thời gian nào?,"Lịch dự giờ giảng trong Kế hoạch đánh giá giờ giảng học kỳ III năm học 2023-2024 được triển khai từ cuối tháng 5 năm 2024 đến đầu tháng 8 năm 2024, theo lịch trình chi tiết cho từng giảng viên, lớp học, môn học và địa điểm cụ thể.",,,Giảng viên
KH_462,Ví dụ về một số buổi dự giờ trong Kế hoạch đánh giá giờ giảng học kỳ III năm học 2023-2024?,"Ví dụ: Nguyễn Trần Anh Tuấn giảng môn Kỹ thuật xung số và xử lý tín hiệu tại lớp 25DT01, E03A, sáng 30/5/2024; Lê Nguyễn Quế Phương giảng Tài chính quốc tế tại lớp 01, AV1.2, sáng 19/6/2024; Huỳnh Anh Tuấn giảng Xây dựng HTTT trên các framework tại lớp 25TP01, P.LAB, sáng 07/8/2024.",,,Giảng viên
KH_462,"Kế hoạch đánh giá giờ giảng học kỳ III, năm học 2023-2024 có mục đích gì?","Mục đích của kế hoạch là đánh giá thường xuyên hoạt động giảng dạy của giảng viên để cung cấp thông tin quản lý và phát triển chất lượng đào tạo tại Trường Đại học Bình Dương, kịp thời phát hiện, điều chỉnh những bất cập trong quá trình giảng dạy.",,,Giảng viên
KH_462,Tại sao Trường Đại học Bình Dương thực hiện đánh giá giờ giảng?,"Để nâng cao chất lượng đào tạo, phát hiện và điều chỉnh kịp thời các bất cập, đảm bảo chất lượng giảng dạy được quản lý chặt chẽ và liên tục cải thiện.",,,Giảng viên
KH_462,Đánh giá giờ giảng học kỳ III thực hiện theo văn bản nào?,Đánh giá giờ giảng học kỳ III thực hiện theo Quyết định số 196/QĐ-ĐHBD ngày 02/5/2018 của Trường Đại học Bình Dương.,,,Giảng viên
KH_462,Ai là thành phần tham gia Hội đồng đánh giá giờ giảng?,"Hội đồng đánh giá gồm: Chủ tịch Hội đồng là lãnh đạo Khoa; thành viên là đại diện Phòng Quản lý đào tạo và Công tác sinh viên, đại diện Phòng Bảo đảm chất lượng và Khảo thí, giảng viên cơ hữu Khoa làm thư ký.",,,Giảng viên
KH_462,Công cụ nào được dùng để đánh giá giờ giảng?,Đánh giá giờ giảng sử dụng phiếu đánh giá theo mẫu quy định tại Quyết định số 196/QĐ-ĐHBD.,,,Giảng viên
KH_462,Giảng viên cần chuẩn bị những gì trước buổi dự giờ?,"Giảng viên cần chuẩn bị đề cương bài giảng, tài liệu, phương tiện giảng dạy và cung cấp cho thành viên dự giờ trước buổi dự giờ.",,,Giảng viên
KH_462,Thái độ của giảng viên khi được đánh giá giờ giảng như thế nào?,"Giảng viên cần có thái độ cầu thị, tiếp thu nghiêm túc các góp ý, phát huy ưu điểm và có chương trình hành động khắc phục hạn chế.",,,Giảng viên
KH_462,Hội đồng đánh giá giờ giảng có trách nhiệm gì?,"Hội đồng đánh giá giờ giảng thực hiện đánh giá khách quan, trung thực, hoàn thiện thủ tục và gửi cho thư ký để lập báo cáo sau khi hoàn thành công tác dự giờ.",,,Giảng viên
KH_462,"Khoa, Viện có trách nhiệm gì trong việc đánh giá giờ giảng?","Khoa, Viện cử giảng viên tham gia đánh giá, không cử giảng viên tập sự, sau khi kết thúc gửi báo cáo về Phòng Bảo đảm chất lượng và Khảo thí chậm nhất 10 ngày sau khi kết thúc đợt đánh giá.",,,Giảng viên
KH_462,Thành phần giảng viên nào không được tham gia Hội đồng đánh giá?,"Không cử giảng viên tập sự, nhân viên tập sự tham gia đánh giá giờ giảng.",,,Giảng viên
KH_462,Khi nào phải nộp báo cáo sau đánh giá giờ giảng?,Báo cáo sau đánh giá giờ giảng phải gửi về Phòng Bảo đảm chất lượng và Khảo thí chậm nhất 10 ngày sau khi kết thúc đợt đánh giá.,,,Giảng viên
KH_508,Đối tượng nào được xét khen thưởng năm học 2022-2023 tại cơ sở chính Trường Đại học Bình Dương?,Đối tượng xét khen thưởng là sinh viên đại học chính quy tại cơ sở chính Trường Đại học Bình Dương tham gia học tập và rèn luyện năm học 2022-2023.,,,Giảng viên
KH_508,Thời gian và địa điểm nộp hồ sơ xét khen thưởng năm học 2022-2023 tại Trường Đại học Bình Dương là khi nào và ở đâu?,"Thời gian nộp hồ sơ là 16h00 ngày 19/6/2024 tại Bộ phận một cửa, Phòng Tuyển sinh (504 Đại lộ Bình Dương, phường Hiệp Thành, thành phố Thủ Dầu Một, tỉnh Bình Dương), hoặc gửi qua bưu điện trong thời gian này căn cứ theo dấu bưu điện.",,,Giảng viên
KH_508,Điều kiện điểm học tập để sinh viên được xét khen thưởng năm học 2022-2023 là gì?,"Sinh viên không được có điểm kết thúc học phần dưới mức trung bình, không có môn học lại, thi lại trong năm học được xét, bao gồm cả môn điều kiện.",,,Giảng viên
KH_508,Điều kiện rèn luyện để sinh viên được xét khen thưởng năm học 2022-2023 là gì?,Sinh viên phải đạt điểm rèn luyện năm học xếp loại tốt trở lên.,,,Giảng viên
KH_508,Yêu cầu về tham gia hoạt động trường đối với sinh viên được xét khen thưởng năm học 2022-2023 là gì?,"Sinh viên phải tham gia đầy đủ các hoạt động như lấy ý kiến người học, bảo hiểm y tế và các quy định khác của Nhà trường.",,,Giảng viên
KH_508,Sinh viên có cần tham gia công tác truyền thông để được xét khen thưởng không?,Sinh viên phải có tham gia công tác truyền thông của Trường để đủ điều kiện xét khen thưởng năm học 2022-2023.,,,Giảng viên
KH_508,Sinh viên có cần tham gia hỗ trợ tân sinh viên để được xét khen thưởng không?,"Sinh viên phải tham gia nhóm thủ lĩnh sinh viên giúp tân sinh viên hòa nhập và hỗ trợ sinh viên khóa sau trong học tập, rèn luyện.",,,Giảng viên
KH_508,Sinh viên phải đạt bao nhiêu tín chỉ tích lũy để được xét khen thưởng?,Số tín chỉ tích lũy trong năm học phải đạt tối đa số tín chỉ mà Nhà trường đã mở cho năm học của khóa đào tạo.,,,Giảng viên
KH_508,Điều kiện xét khen thưởng năm học 2022-2023 đối với sinh viên từ năm 2 trở đi có gì đặc biệt?,Sinh viên năm 2 trở đi phải được công nhận và khen thưởng tại năm học trước đó mới đủ điều kiện xét khen thưởng năm học 2022-2023.,,,Giảng viên
KH_508,Hồ sơ xét khen thưởng năm học 2022-2023 bao gồm những gì?,Hồ sơ gồm đơn xin xét khen thưởng theo mẫu đính kèm và kết quả học tập các học kỳ trước (in tại Cổng thông tin sinh viên).,,,Giảng viên
KH_508,Đơn xin xét khen thưởng năm học 2022-2023 cần cung cấp thông tin gì?,"Đơn xin xét khen thưởng cần có họ tên, lớp, ngành học, niên khóa, mã số sinh viên, số điện thoại, email, số tín chỉ tích lũy, điểm trung bình tích lũy, xếp loại rèn luyện và xác nhận đã được khen thưởng năm học 2021-2022 (nếu là sinh viên năm 2 trở đi).",,,Giảng viên
KH_508,Ai ban hành kế hoạch xét khen thưởng năm học 2022-2023 tại Trường Đại học Bình Dương?,Kế hoạch xét khen thưởng năm học 2022-2023 được ban hành bởi Hiệu trưởng Cao Việt Hiếu.,,,Giảng viên
KH_508,Quy trình tổ chức xét khen thưởng năm học 2022-2023 tại Trường Đại học Bình Dương diễn ra như thế nào?,"Quy trình gồm: Bộ phận một cửa và GVCN – CVHT truyền thông kế hoạch; Bộ phận một cửa tiếp nhận hồ sơ; Phòng QLĐT&CTSV xét duyệt, báo cáo Ban giám hiệu và tham mưu kết quả xét từ ngày 20/06/2024 đến ngày 25/06/2024.",,,Giảng viên
KH_508,Sinh viên nộp hồ sơ xét khen thưởng năm học 2022-2023 bằng hình thức nào?,"Sinh viên có thể nộp hồ sơ xét khen thưởng trực tiếp tại Bộ phận một cửa, Phòng Tuyển sinh hoặc gửi qua bưu điện theo địa chỉ 504 Đại lộ Bình Dương, phường Hiệp Thành, thành phố Thủ Dầu Một, tỉnh Bình Dương.",,,Giảng viên
KH_508,"Sau khi tiếp nhận hồ sơ xét khen thưởng, đơn vị nào chịu trách nhiệm tổ chức xét duyệt tại Trường Đại học Bình Dương?","Sau khi tiếp nhận hồ sơ, Phòng Quản lý Đào tạo và Công tác Sinh viên (QLĐT&CTSV) chịu trách nhiệm tổ chức xét duyệt, phản hồi kết quả sơ bộ và báo cáo Ban Giám hiệu.",,,Giảng viên
KH_508,Thời gian xét duyệt hồ sơ khen thưởng năm học 2022-2023 tại Trường Đại học Bình Dương là khi nào?,Thời gian xét duyệt hồ sơ diễn ra từ ngày 20/06/2024 đến ngày 25/06/2024.,,,Giảng viên
KH_508,Ai là người ký ban hành kế hoạch xét khen thưởng năm học 2022-2023 tại Trường Đại học Bình Dương?,Hiệu trưởng Cao Việt Hiếu là người ký ban hành kế hoạch xét khen thưởng năm học 2022-2023.,,,Giảng viên
KH_508,Bộ phận nào có trách nhiệm thông báo kế hoạch xét khen thưởng đến sinh viên tại Trường Đại học Bình Dương?,"Bộ phận một cửa, phòng Tuyển sinh, GVCN và CVHT có trách nhiệm truyền thông kế hoạch xét khen thưởng đến sinh viên.",,,Giảng viên
KH_508,Điều kiện về kỷ luật để sinh viên được xét khen thưởng năm học 2022-2023 là gì?,Sinh viên không thuộc diện bị kỷ luật trong năm học xét khen thưởng mới đủ điều kiện tham gia xét khen thưởng.,,,Giảng viên
KH_508,Nếu sinh viên nộp hồ sơ xét khen thưởng trễ hạn thì có được xét không?,Sinh viên chỉ được xét khen thưởng nếu nộp hồ sơ đầy đủ và đúng thời gian quy định trước 16h00 ngày 19/6/2024.,,,Giảng viên
KH_508,"Trường hợp sinh viên thi lại, học lại có được tham gia xét khen thưởng không?","Sinh viên có môn thi lại, học lại trong năm học 2022-2023 sẽ không đủ điều kiện tham gia xét khen thưởng.",,,Giảng viên
KH_508,Kế hoạch xét khen thưởng năm học 2022-2023 tại Trường Đại học Bình Dương áp dụng cho đối tượng sinh viên nào?,Kế hoạch xét khen thưởng năm học 2022-2023 chỉ áp dụng cho sinh viên đại học chính quy học tại cơ sở chính của Trường Đại học Bình Dương.,,,Giảng viên
KH_508,Điều kiện về điểm rèn luyện để sinh viên đủ điều kiện xét khen thưởng năm học 2022-2023 là gì?,Sinh viên phải đạt điểm rèn luyện năm học xếp loại tốt trở lên để đủ điều kiện xét khen thưởng năm học 2022-2023.,,,Giảng viên
KH_508,Sinh viên cần có đóng góp gì cho công tác truyền thông để đủ điều kiện xét khen thưởng năm học 2022-2023?,Sinh viên phải có tham gia công tác truyền thông của Trường Đại học Bình Dương để đủ điều kiện xét khen thưởng năm học 2022-2023.,,,Giảng viên
KH_508,Sinh viên năm 2 trở đi cần đáp ứng thêm điều kiện gì để được xét khen thưởng năm học 2022-2023?,Sinh viên từ năm thứ 2 trở đi phải được công nhận và khen thưởng ở năm học trước mới đủ điều kiện xét khen thưởng năm học 2022-2023.,,,Giảng viên
KH_508,Tiêu chí về tín chỉ tích lũy để sinh viên được xét khen thưởng năm học 2022-2023 là gì?,Số tín chỉ tích lũy trong năm học xét khen thưởng phải đạt tối đa số tín chỉ mà Nhà trường đã mở cho năm học của khóa đào tạo.,,,Giảng viên
KH_508,Thành phần hồ sơ xét khen thưởng năm học 2022-2023 bao gồm những gì?,Hồ sơ xét khen thưởng gồm Đơn xin xét khen thưởng (theo mẫu đính kèm) và kết quả học tập các học kỳ trước được in tại Cổng thông tin sinh viên.,,,Giảng viên
KH_508,Mẫu đơn xin xét khen thưởng năm học 2022-2023 yêu cầu sinh viên cung cấp các thông tin nào?,"Mẫu đơn yêu cầu cung cấp thông tin về họ tên, lớp, ngành học, niên khóa, mã số sinh viên, số điện thoại, email, số tín chỉ tích lũy, điểm trung bình tích lũy, xếp loại rèn luyện và thông tin về việc đã được khen thưởng năm trước.",,,Giảng viên
KH_508,"Sau khi xét duyệt sơ bộ hồ sơ khen thưởng, Phòng QLĐT&CTSV sẽ làm gì tiếp theo?","Sau khi xét duyệt sơ bộ, Phòng QLĐT&CTSV sẽ báo cáo Ban Giám hiệu kết quả xét và tham mưu kết quả xét khen thưởng từ ngày 20/06/2024 đến ngày 25/06/2024.",,,Giảng viên
KH_508,Kế hoạch xét khen thưởng năm học 2022-2023 do ai phê duyệt ban hành?,"Kế hoạch xét khen thưởng năm học 2022-2023 được Hiệu trưởng Trường Đại học Bình Dương, ông Cao Việt Hiếu, phê duyệt và ban hành.",,,Giảng viên
KH_597,Lễ tốt nghiệp năm 2023 (lần III) của Trường Đại học Bình Dương tổ chức vào thời gian nào?,Lễ tốt nghiệp năm 2023 (lần III) của Trường Đại học Bình Dương được tổ chức vào sáng ngày 29/7/2023 (Thứ Bảy).,,,Giảng viên
KH_597,Địa điểm tổ chức Lễ tốt nghiệp năm 2023 (lần III) của Trường Đại học Bình Dương ở đâu?,"Lễ tốt nghiệp năm 2023 (lần III) của Trường Đại học Bình Dương được tổ chức tại Nhà hát sinh viên (Hội trường I, lầu IV khu A).",,,Giảng viên
KH_597,Đối tượng nào được tham gia Lễ tốt nghiệp năm 2023 (lần III) của Trường Đại học Bình Dương?,"Đối tượng tham gia bao gồm học viên cao học, sinh viên xét tốt nghiệp đợt 2 năm 2023 và các nghiên cứu sinh, học viên cao học, sinh viên tốt nghiệp các đợt trước chưa đăng ký tham dự lễ.",,,Giảng viên
KH_597,Khi nào sinh viên có thể thuê lễ phục tốt nghiệp cho Lễ tốt nghiệp năm 2023 (lần III)?,Sinh viên có thể thuê lễ phục tốt nghiệp từ ngày 17/7/2023 đến sáng 22/7/2023 vào buổi sáng từ 08h00 đến 11h00 và buổi chiều từ 14h00 đến 17h00.,,,Giảng viên
KH_597,Lệ phí thuê lễ phục tốt nghiệp cho Lễ tốt nghiệp năm 2023 (lần III) là bao nhiêu?,Lệ phí thuê lễ phục tốt nghiệp là 500.000 đồng (bao gồm 200.000 đồng tiền thế chân).,,,Giảng viên
KH_597,Khi nào diễn ra việc thanh lý lễ phục tốt nghiệp sau Lễ tốt nghiệp năm 2023 (lần III)?,"Thanh lý lễ phục tốt nghiệp diễn ra vào sáng 29/7/2023 (07h00 đến 11h00) và sáng 02/8/2023 (08h00 đến 10h30, buổi chiều từ 13h30 đến 16h00).",,,Giảng viên
KH_597,Đơn vị nào chịu trách nhiệm hướng dẫn nhận bằng trên sân khấu trong Lễ tốt nghiệp năm 2023 (lần III)?,Các Khoa/Viện/Trung tâm chịu trách nhiệm hướng dẫn sinh viên và người thân nhận bằng trên sân khấu.,,,Giảng viên
KH_597,Thành phần nào thực hiện nhiệm vụ chụp ảnh chân dung trong lễ phục tốt nghiệp?,Phòng QLĐT&CTSV chịu trách nhiệm tổ chức chụp ảnh chân dung với lễ phục tốt nghiệp tại Studio của Trường từ ngày 17/7/2023 đến sáng 22/7/2023.,,,Giảng viên
KH_597,"Đơn vị nào thực hiện việc bố trí âm thanh, ánh sáng và các điều kiện hậu cần khác trong Lễ tốt nghiệp năm 2023 (lần III)?","Phòng Tổng hợp chịu trách nhiệm bố trí nhân sự âm thanh, ánh sáng, chuẩn bị vật dụng tại hội trường và phối hợp trao bằng tốt nghiệp.",,,Giảng viên
KH_597,"Đơn vị nào chịu trách nhiệm đảm bảo an ninh, phân luồng giao thông cho Lễ tốt nghiệp năm 2023 (lần III)?",Phòng Thanh tra - Pháp chế và Kiểm toán nội bộ chịu trách nhiệm phối hợp đảm bảo an ninh và phân luồng giao thông.,,,Giảng viên
KH_597,Ai chịu trách nhiệm điều phối nghi thức chào cờ và dẫn chương trình trong Lễ tốt nghiệp năm 2023 (lần III)?,"Ông Nguyễn Ngọc Chiến chịu trách nhiệm điều phối nghi thức chào cờ, viết kịch bản và dẫn chương trình Lễ tốt nghiệp năm 2023 (lần III).",,,Giảng viên
KH_597,"Đơn vị nào đảm nhận việc thiết kế thư mời, cảm ơn và thiệp mời điện tử cho Lễ tốt nghiệp năm 2023 (lần III)?","Phòng Truyền thông chịu trách nhiệm thiết kế thư mời, cảm ơn, thiệp mời điện tử và đưa tin trên các kênh truyền thông của Nhà trường.",,,Giảng viên
KH_597,Đoàn Thanh niên đảm nhận nhiệm vụ gì trong Lễ tốt nghiệp năm 2023 (lần III)?,"Đoàn Thanh niên phối hợp với các đơn vị tuyển chọn sinh viên tình nguyện, chuẩn bị lễ tân sân khấu và mời cựu sinh viên phát biểu.",,,Giảng viên
KH_597,Lịch làm việc của Ban tổ chức Lễ tốt nghiệp năm 2023 (lần III) được ấn định trước ngày nào?,"Ban tổ chức hoàn tất họp, thiết kế và hoàn thiện thư mời khách mời trước ngày 14/7/2023.",,,Giảng viên
KH_597,Hạn cuối cùng để sinh viên đăng ký thuê lễ phục và chụp ảnh chân dung cho Lễ tốt nghiệp năm 2023 (lần III) là ngày nào?,Sinh viên phải hoàn tất việc đăng ký thuê lễ phục và chụp ảnh chân dung trước ngày 22/7/2023.,,,Giảng viên
KH_597,Thời hạn cuối cùng thu lệ phí nhận bằng tốt nghiệp trong kế hoạch Lễ tốt nghiệp năm 2023 (lần III) là ngày nào?,Việc thu lệ phí nhận bằng tốt nghiệp được thực hiện đến hết ngày 24/7/2023.,,,Giảng viên
KH_597,Những lưu ý dành cho sinh viên khi tham dự Lễ tốt nghiệp năm 2023 (lần III) là gì?,"Sinh viên phải tập trung đúng thời gian quy định, mặc trang phục phù hợp, mang đầy đủ giấy tờ tùy thân, và thực hiện các quy định về thu lệ phí thuê lễ phục, nhận bằng và trả lễ phục sau buổi lễ.",,,Giảng viên
KH_597,Ai là người ký ban hành Kế hoạch tổ chức Lễ tốt nghiệp năm 2023 (lần III)?,Kế hoạch tổ chức Lễ tốt nghiệp năm 2023 (lần III) do Hiệu trưởng Cao Việt Hiếu ký ban hành.,,,Giảng viên
KH_597,"Trước thời điểm tổ chức Lễ tốt nghiệp năm 2023 (lần III), bộ phận nào chịu trách nhiệm hoàn thiện khen thưởng sinh viên giỏi toàn khóa và xuất sắc?","Phòng QLĐT&CTSV chịu trách nhiệm hoàn thiện danh sách khen thưởng sinh viên giỏi toàn khóa, xuất sắc và trình Hiệu trưởng phê duyệt.",,,Giảng viên
KH_597,"Ai phối hợp chuẩn bị khăn trải bàn, hoa, nước và đón tiếp đại biểu khách mời trong Lễ tốt nghiệp năm 2023 (lần III)?","Phòng Tổng hợp phối hợp chuẩn bị khăn trải bàn, hoa, nước tại bàn đại biểu, bục phát biểu và đón tiếp đại biểu khách mời.",,,Giảng viên
KH_680,Văn bản Kế hoạch số 680/KH-ĐHBD được ban hành bởi đơn vị nào?,Kế hoạch số 680/KH-ĐHBD được ban hành bởi Trường Đại học Bình Dương.,,,Giảng viên
KH_680,Ngày ban hành của Kế hoạch số 680/KH-ĐHBD là ngày nào?,Ngày ban hành của Kế hoạch số 680/KH-ĐHBD là ngày 27 tháng 5 năm 2025.,,,Giảng viên
KH_680,Báo cáo định kỳ công khai của Trường Đại học Bình Dương phải gửi về đâu?,Báo cáo định kỳ công khai phải gửi về Bộ Giáo dục và Đào tạo theo quy định hiện hành.,,,Giảng viên
KH_680,File mềm báo cáo công khai phải gửi qua email nào?,File mềm báo cáo công khai phải gửi qua email: tmdan@bdu.edu.vn.,,,Giảng viên
KH_680,Đơn vị nào chịu trách nhiệm tổng hợp báo cáo công khai sau khi nhận dữ liệu từ các phòng ban?,Phòng Đảm bảo chất lượng và Khảo thí chịu trách nhiệm tổng hợp báo cáo công khai sau khi nhận dữ liệu từ các phòng ban.,,,Giảng viên
KH_680,Ai chịu trách nhiệm công khai thông tin lên cổng thông tin điện tử của trường?,Khoa Công nghệ thông tin – Robot và Trí tuệ nhân tạo chịu trách nhiệm công khai thông tin lên cổng thông tin điện tử của Trường Đại học Bình Dương.,,,Giảng viên
KH_680,Bộ phận lưu trữ thuộc phòng nào thực hiện việc lưu trữ các báo cáo công khai?,Bộ phận lưu trữ thuộc Phòng Tổng hợp thực hiện việc lưu trữ các báo cáo công khai.,,,Giảng viên
KH_680,Báo cáo công khai theo kế hoạch số 680/KH-ĐHBD yêu cầu thực hiện nghiêm túc theo văn bản nào?,Báo cáo công khai yêu cầu thực hiện nghiêm túc theo thông tư số 09/2024/TT-BGDĐT của Bộ Giáo dục và Đào tạo.,,,Giảng viên
KH_680,Nội dung báo cáo tại Điều 4 của Kế hoạch số 680/KH-ĐHBD đề cập đến những thông tin gì?,"Điều 4 của Kế hoạch số 680/KH-ĐHBD đề cập đến thông tin chung về cơ sở giáo dục, bao gồm các mục từ 1 đến 8 do Bộ phận Hành chính và Bộ phận Nhân sự - Phòng Tổng hợp thực hiện.",,,Giảng viên
KH_680,Ai chịu trách nhiệm cung cấp dữ liệu về điều kiện bảo đảm chất lượng đào tạo và nghiên cứu theo Kế hoạch số 680/KH-ĐHBD?,"Phòng Đảm bảo chất lượng và Khảo thí chịu trách nhiệm Mục 1, còn các Khoa, Viện chịu trách nhiệm Mục 2 về điều kiện bảo đảm chất lượng đào tạo và nghiên cứu.",,,Giảng viên
KH_680,Nội dung về kết quả hoạt động khoa học và công nghệ trong Kế hoạch số 680/KH-ĐHBD thuộc đơn vị nào thực hiện?,Phòng Quản lý khoa học và Quan hệ đối ngoại chịu trách nhiệm thực hiện nội dung kết quả hoạt động khoa học và công nghệ.,,,Giảng viên
KH_680,"Thông tin về đội ngũ nhà giáo, cán bộ quản lý và nhân viên trong Phụ lục II của Kế hoạch số 680/KH-ĐHBD do đơn vị nào cung cấp?","Bộ phận Nhân sự - Phòng Tổng hợp chịu trách nhiệm cung cấp thông tin về đội ngũ nhà giáo, cán bộ quản lý và nhân viên trong Phụ lục II.",,,Giảng viên
KH_680,Nội dung cơ sở vật chất trong báo cáo công khai được thực hiện bởi những đơn vị nào?,Nội dung cơ sở vật chất do Bộ phận Quản trị thiết bị - Phòng Tổng hợp và Thư viện chịu trách nhiệm thực hiện.,,,Giảng viên
KH_680,Ai thực hiện kiểm định chất lượng giáo dục trong báo cáo công khai theo Kế hoạch số 680/KH-ĐHBD?,Phòng Đảm bảo chất lượng và Khảo thí chịu trách nhiệm thực hiện nội dung kiểm định chất lượng giáo dục trong báo cáo công khai.,,,Giảng viên
KH_680,Đơn vị nào chịu trách nhiệm về kết quả tuyển sinh và đào tạo trong Phụ lục II?,"Phòng Quản lý đào tạo và Công tác sinh viên phối hợp với Phòng Tuyển sinh, các Khoa, Viện chịu trách nhiệm về kết quả tuyển sinh và đào tạo.",,,Giảng viên
KH_680,Phòng Tài chính - Kế toán thực hiện nội dung nào trong báo cáo công khai theo Kế hoạch số 680/KH-ĐHBD?,"Phòng Tài chính - Kế toán thực hiện nội dung thu, chi tài chính và kết quả tài chính trong báo cáo công khai.",,,Giảng viên
KH_680,Ai thực hiện các nội dung về kết quả thực hiện các nhiệm vụ trọng tâm khác theo Phụ lục II?,Bộ phận Hành chính và Bộ phận Nhân sự - Phòng Tổng hợp thực hiện các nội dung về kết quả thực hiện các nhiệm vụ trọng tâm khác.,,,Giảng viên
KH_680,Đơn vị nào chịu trách nhiệm tổng hợp báo cáo công khai gửi Ban Giám hiệu và Bộ Giáo dục và Đào tạo?,"Phòng Đảm bảo chất lượng và Khảo thí chịu trách nhiệm tổng hợp báo cáo công khai, báo cáo Ban Giám hiệu trước ngày 30/6/2025 và gửi báo cáo Bộ Giáo dục và Đào tạo.",,,Giảng viên
KH_680,Văn bản và dữ liệu công khai cần gửi đến đâu theo Kế hoạch số 680/KH-ĐHBD?,Văn bản và dữ liệu công khai được gửi về Phòng Đảm bảo chất lượng và Khảo thí và kèm file mềm qua email tmdan@bdu.edu.vn.,,,Giảng viên
KH_680,Đơn vị nào chịu trách nhiệm công khai báo cáo trên trang thông tin điện tử của Trường Đại học Bình Dương?,Khoa Công nghệ thông tin – Robot và Trí tuệ nhân tạo chịu trách nhiệm công khai báo cáo trên trang thông tin điện tử của Trường Đại học Bình Dương theo quy định hiện hành.,,,Giảng viên
KH_680,Bộ phận lưu trữ nào có trách nhiệm lưu trữ và trích lục báo cáo công khai theo Kế hoạch số 680/KH-ĐHBD?,Bộ phận lưu trữ thuộc Phòng Tổng hợp chịu trách nhiệm lưu trữ và trích lục báo cáo công khai theo quy định của Trường Đại học Bình Dương.,,,Giảng viên
KH_680,Thời hạn cuối cùng để các đơn vị hoàn thành việc tổng hợp và cung cấp dữ liệu công khai là khi nào?,Thời hạn cuối cùng để các đơn vị hoàn thành việc tổng hợp và cung cấp dữ liệu công khai là trước ngày 20/6/2025.,,,Giảng viên
KH_680,Các bản báo cáo công khai trong Kế hoạch số 680/KH-ĐHBD phải tuân thủ quy chuẩn hành chính nào?,"Các bản báo cáo công khai phải trình bày bằng phông chữ Times New Roman, cỡ chữ 14, giãn dòng 6pt, đoạn trước/sau 6pt và đúng quy chuẩn hành chính của Trường Đại học Bình Dương.",,,Giảng viên
KH_680,Kế hoạch số 680/KH-ĐHBD căn cứ theo thông tư nào của Bộ Giáo dục và Đào tạo?,Kế hoạch số 680/KH-ĐHBD căn cứ theo Thông tư số 09/2024/TT-BGDĐT của Bộ Giáo dục và Đào tạo về quy định công khai trong hoạt động của các cơ sở giáo dục.,,,Giảng viên
KH_680,Ai là người ký ban hành Kế hoạch số 680/KH-ĐHBD?,"Hiệu trưởng Trường Đại học Bình Dương, ông Cao Việt Hiếu, là người ký ban hành Kế hoạch số 680/KH-ĐHBD.",,,Giảng viên
KH_680,Thời gian cung cấp dữ liệu công khai theo Kế hoạch số 680/KH-ĐHBD tính từ mốc thời gian nào đến mốc thời gian nào?,"Thời gian cung cấp dữ liệu công khai theo Kế hoạch số 680/KH-ĐHBD được tính từ ngày 31/12/2023 đến ngày 15/06/2025, riêng đối với kết quả tài chính tính đến ngày 31/12/2024.",,,Giảng viên
KH_749,Mục tiêu của quy trình đánh giá giờ giảng tại Trường Đại học Bình Dương là gì?,"Mục tiêu là đánh giá chất lượng giờ giảng, năng lực chuyên môn và nghiệp vụ của giảng viên, đồng thời tạo điều kiện để giảng viên hoàn thiện nội dung, đổi mới phương pháp và nâng cao trình độ chuyên môn.",,,Giảng viên
KH_749,Việc đánh giá giờ giảng tại Trường Đại học Bình Dương được thực hiện dựa trên cơ sở nào?,Đánh giá được thực hiện theo kế hoạch giảng dạy học kỳ I năm học 2023–2024 và dựa trên mẫu phụ lục phiếu đánh giá lý thuyết và thực hành.,,,Giảng viên
KH_749,Thời gian một buổi dự giờ tại Trường Đại học Bình Dương là bao lâu?,"Mỗi buổi dự giờ tại Trường Đại học Bình Dương kéo dài 45 phút cho mỗi tiết giảng, tuy nhiên có thể thay đổi tùy theo hình thức lớp học.",,,Giảng viên
KH_749,Thành phần Hội đồng đánh giá giờ giảng tại Trường Đại học Bình Dương bao gồm những ai?,"Hội đồng đánh giá giờ giảng gồm Ban Chủ nhiệm Khoa, giảng viên cơ hữu của Khoa, đại diện Phòng Quản lý đào tạo và Công tác sinh viên, cùng Phòng Đảm bảo chất lượng và Khảo thí - Thư ký.",,,Giảng viên
KH_749,Ai là người quyết định thành phần cụ thể của Hội đồng đánh giá giờ giảng theo từng tuần?,Thư ký Hội đồng căn cứ vào tình hình thực tế để sắp xếp thành phần Hội đồng đánh giá cụ thể theo từng tuần.,,,Giảng viên
KH_749,Khoa/Bộ môn có trách nhiệm gì trong việc đánh giá giờ giảng học kỳ I năm học 2023–2024 tại Trường Đại học Bình Dương?,"Khoa/Bộ môn có trách nhiệm xây dựng và hoàn thành kế hoạch đánh giá giờ giảng trước ngày 05/9/2023, triển khai cho giảng viên và thực hiện hoạt động đánh giá theo quy định.",,,Giảng viên
KH_749,Giảng viên cần chuẩn bị những tài liệu gì cho buổi đánh giá giờ giảng?,"Giảng viên cần cung cấp slide bài giảng, nội dung giảng dạy, đề cương chi tiết, tài liệu và phương tiện giảng dạy cho Thư ký Hội đồng ít nhất 2 ngày trước buổi đánh giá.",,,Giảng viên
KH_749,Thái độ của giảng viên sau khi được đánh giá giờ giảng cần như thế nào?,"Giảng viên cần có thái độ cầu thị, nghiêm túc tiếp thu góp ý và xây dựng kế hoạch phát huy ưu điểm, khắc phục hạn chế được chỉ ra sau buổi đánh giá.",,,Giảng viên
KH_749,Nhiệm vụ của các thành viên Hội đồng đánh giá giờ giảng tại Trường Đại học Bình Dương là gì?,"Các thành viên có nhiệm vụ đánh giá chính xác, khách quan, nhận xét cụ thể về kiến thức chuyên môn, tính cập nhật, khả năng kết nối thực tiễn và đưa ra khuyến nghị cải thiện cho giảng viên.",,,Giảng viên
KH_749,Thư ký Hội đồng đánh giá giờ giảng tại Trường Đại học Bình Dương có trách nhiệm gì?,"Thư ký Hội đồng có trách nhiệm chuẩn bị hồ sơ, tổng hợp điểm, lưu trữ tài liệu và báo cáo định kỳ theo quy định.",,,Giảng viên
KH_749,Có bao nhiêu loại phiếu đánh giá giờ giảng tại Trường Đại học Bình Dương?,Có hai loại phiếu đánh giá giờ giảng gồm: phiếu đánh giá giờ giảng lý thuyết (Phụ lục 1) và phiếu đánh giá giờ giảng thực hành (Phụ lục 2).,,,Giảng viên
KH_749,Các nhóm tiêu chí chính trong phiếu đánh giá giờ giảng của Trường Đại học Bình Dương là gì?,"Các nhóm tiêu chí bao gồm: Kiến thức và kỹ năng chuyên môn, Trình bày bài giảng, Phương pháp và phương tiện dạy học, Tương tác với sinh viên và Tổ chức lớp học.",,,Giảng viên
KH_749,Thang điểm trong phiếu đánh giá giờ giảng tại Trường Đại học Bình Dương được sử dụng như thế nào?,"Mỗi tiêu chí được chấm từ 1 điểm (Kém) đến 5 điểm (Tốt), ngoài ra có phần nhận xét bổ sung về ưu điểm và nhược điểm của giờ giảng.",,,Giảng viên
KH_749,Các mức phân loại kết quả đánh giá giờ giảng lý thuyết tại Trường Đại học Bình Dương là gì?,"Kết quả đánh giá giờ giảng lý thuyết được phân loại như sau: Xuất sắc (≥ 70 điểm), Tốt (60–69), Đạt yêu cầu (45–59), Không đạt yêu cầu (< 45).",,,Giảng viên
KH_749,Các mức phân loại kết quả đánh giá giờ giảng thực hành tại Trường Đại học Bình Dương là gì?,"Kết quả đánh giá giờ giảng thực hành được phân loại như sau: Xuất sắc (≥ 90 điểm), Tốt (80–89), Đạt yêu cầu (60–79), Không đạt yêu cầu (< 60).",,,Giảng viên
KH_749,Các biên bản tổng hợp điểm đánh giá giờ giảng tại Trường Đại học Bình Dương thuộc phụ lục nào?,Các biên bản tổng hợp điểm đánh giá và nhận xét thuộc Phụ lục 3 (lý thuyết) và Phụ lục 4 (thực hành).,,,Giảng viên
KH_749,Ai là người chịu trách nhiệm triển khai kế hoạch đánh giá giờ giảng đến giảng viên tại Trường Đại học Bình Dương?,Khoa hoặc Bộ môn có trách nhiệm triển khai kế hoạch đánh giá giờ giảng đến giảng viên theo đúng tiến độ được quy định.,,,Giảng viên
KH_749,Giảng viên cần gửi tài liệu phục vụ đánh giá giờ giảng trước bao lâu?,"Giảng viên cần gửi tài liệu buổi giảng, bao gồm slide và nội dung giảng dạy, cho Thư ký Hội đồng ít nhất 2 ngày trước khi diễn ra buổi đánh giá.",,,Giảng viên
KH_749,Hội đồng đánh giá giờ giảng tại Trường Đại học Bình Dương có thể mời thêm ai để tham gia đánh giá?,"Ngoài các thành phần bắt buộc, Hội đồng có thể mời giảng viên có kinh nghiệm và uy tín trong công tác giảng dạy tham gia đánh giá giờ giảng.",,,Giảng viên
KH_749,Buổi dự giờ tại Trường Đại học Bình Dương có thể thay đổi thời lượng không?,"Có, thời lượng buổi dự giờ là 45 phút/1 tiết giảng nhưng có thể thay đổi tùy theo hình thức lớp học.",,,Giảng viên
KH_749,Tiêu chí đánh giá nào áp dụng riêng cho giờ giảng thực hành tại Trường Đại học Bình Dương?,"Đối với giờ giảng thực hành, có thêm tiêu chí đánh giá về sự chuẩn bị của giảng viên và tính thực tiễn của nội dung giảng dạy.",,,Giảng viên
KH_749,Lý do chính để Trường Đại học Bình Dương thực hiện đánh giá giờ giảng là gì?,"Lý do chính là nhằm cải tiến chất lượng giảng dạy và hỗ trợ sự phát triển chuyên môn, nghiệp vụ của đội ngũ giảng viên.",,,Giảng viên
KH_749,Hội đồng đánh giá cần chú ý gì khi đưa ra nhận xét về giờ giảng?,"Hội đồng cần đưa ra nhận xét rõ ràng, đầy đủ về kiến thức chuyên môn, tính mới, khả năng vận dụng thực tiễn và các điểm mạnh, yếu của giảng viên.",,,Giảng viên
KH_749,Trách nhiệm của giảng viên đối với góp ý từ Hội đồng đánh giá là gì?,Giảng viên có trách nhiệm tiếp thu nghiêm túc các góp ý và xây dựng chương trình hành động cụ thể để cải thiện giờ giảng.,,,Giảng viên
KH_749,Giảng viên cần chuẩn bị những gì ngoài slide và nội dung bài giảng?,"Giảng viên cần chuẩn bị đầy đủ đề cương chi tiết bài giảng, tài liệu giảng dạy và phương tiện hỗ trợ phù hợp với nội dung bài học.",,,Giảng viên
KH_749,Phiếu đánh giá giờ giảng của Trường Đại học Bình Dương có phần nhận xét gì ngoài thang điểm?,Phiếu đánh giá có phần nhận xét bổ sung gồm mục: 'Ưu điểm nổi bật của giờ giảng' và 'Nhược điểm của giờ giảng'.,,,Giảng viên
KH_749,Có bao nhiêu nhóm tiêu chí chính trong phiếu đánh giá giờ giảng?,"Phiếu đánh giá gồm 5 nhóm tiêu chí chính: Kiến thức chuyên môn, Trình bày bài giảng, Phương pháp và phương tiện dạy học, Tương tác với sinh viên và Tổ chức lớp học.",,,Giảng viên
KH_749,Ai có trách nhiệm lưu trữ và tổng hợp kết quả đánh giá giờ giảng tại Trường Đại học Bình Dương?,"Thư ký Hội đồng có trách nhiệm chuẩn bị hồ sơ, tổng hợp điểm, lưu trữ kết quả và thực hiện báo cáo định kỳ.",,,Giảng viên
KH_749,Việc đánh giá giờ giảng tại Trường Đại học Bình Dương áp dụng cho học kỳ nào trong năm học 2023–2024?,Việc đánh giá giờ giảng áp dụng cho học kỳ I năm học 2023–2024 theo kế hoạch đã được ban hành.,,,Giảng viên
KH_749,Giảng viên được đánh giá giờ giảng cần thể hiện tinh thần như thế nào trong buổi giảng?,"Giảng viên cần thể hiện tinh thần cầu thị, trách nhiệm, chủ động trong nội dung giảng dạy và có thái độ tích cực với sinh viên và Hội đồng.",,,Giảng viên
KH_749,Hội đồng đánh giá tại Trường Đại học Bình Dương cần đánh giá như thế nào để đảm bảo khách quan?,"Hội đồng cần đánh giá đúng quy định, khách quan, có dẫn chứng cụ thể, và tránh thiên vị để đảm bảo tính công bằng và chính xác.",,,Giảng viên
KH_811,Mục đích chính của Tuần sinh hoạt công dân - sinh viên năm học 2023–2024 tại Trường Đại học Bình Dương là gì?,"Mục đích chính là trang bị kiến thức, kỹ năng và nâng cao ý thức công dân cho sinh viên; định hướng học tập, rèn luyện; và giúp sinh viên nhận thức được các giá trị truyền thống, tầm nhìn, sứ mạng và triết lý giáo dục của Trường Đại học Bình Dương.",,,Giảng viên
KH_811,Yêu cầu khi tổ chức Tuần sinh hoạt công dân - sinh viên năm học 2023–2024 tại Trường Đại học Bình Dương là gì?,"Việc tổ chức phải đảm bảo tính nghiêm túc, chu đáo, phù hợp với từng đối tượng sinh viên và đầy đủ các nội dung hướng dẫn của Bộ GD&ĐT và của Nhà trường.",,,Giảng viên
KH_811,Đối tượng sinh viên nào tham gia Đợt 1 của Tuần sinh hoạt công dân - sinh viên năm học 2023–2024 tại Trường Đại học Bình Dương?,"Sinh viên khóa 23, 24 và 25 tham gia Đợt 1 của Tuần sinh hoạt công dân - sinh viên năm học 2023–2024 tại Trường Đại học Bình Dương.",,,Giảng viên
KH_811,Thời gian tổ chức Đợt 1 của Tuần sinh hoạt công dân - sinh viên năm học 2023–2024 tại Trường Đại học Bình Dương là khi nào?,Đợt 1 diễn ra từ ngày 11/9/2023 đến ngày 17/9/2023 với hình thức tổ chức trực tiếp và trực tuyến.,,,Giảng viên
KH_811,Nội dung chính trị dành cho tất cả các khóa sinh viên trong Tuần sinh hoạt công dân - sinh viên năm học 2023–2024 gồm những gì?,"Bao gồm quán triệt Nghị quyết Đại hội XIII của Đảng, tình hình kinh tế - xã hội và quốc phòng - an ninh, phòng chống tội phạm và tệ nạn xã hội như ma túy và vấn đề tín ngưỡng, tôn giáo.",,,Giảng viên
KH_811,Nội dung sinh hoạt đặc biệt dành cho sinh viên năm nhất (khóa 26) trong Tuần sinh hoạt công dân - sinh viên năm học 2023–2024 tại Trường Đại học Bình Dương gồm gì?,"Bao gồm quán triệt Nghị quyết Đại hội XIII của Đảng, lịch sử Trường Đại học Bình Dương, quy chế sinh viên, quy định đào tạo tín chỉ, chương trình đào tạo các ngành, chuẩn đầu ra Tiếng Anh và định hướng nghề nghiệp.",,,Giảng viên
KH_811,Nội dung sinh hoạt dành cho sinh viên cuối khóa (khóa 23) trong Tuần sinh hoạt công dân - sinh viên năm học 2023–2024 tại Trường Đại học Bình Dương là gì?,"Gồm quán triệt Nghị quyết Đại hội XIII của Đảng, hướng dẫn làm đồ án/khóa luận, viết CV, tìm việc làm và tổ chức gặp gỡ doanh nghiệp.",,,Giảng viên
KH_811,Đơn vị nào chịu trách nhiệm chính trong việc xây dựng và tổ chức Tuần sinh hoạt công dân - sinh viên năm học 2023–2024 tại Trường Đại học Bình Dương?,"Phòng Quản lý đào tạo và Công tác sinh viên là đơn vị chịu trách nhiệm chính trong việc xây dựng kế hoạch, phối hợp tổ chức và tổng hợp báo cáo.",,,Giảng viên
KH_811,"Trách nhiệm của các Khoa, Viện, Trung tâm trong Tuần sinh hoạt công dân - sinh viên năm học 2023–2024 tại Trường Đại học Bình Dương là gì?","Các Khoa, Viện, Trung tâm chịu trách nhiệm chuẩn bị nội dung, triển khai sinh hoạt cho sinh viên, và báo cáo số lượng sinh viên vắng mặt kèm lý do.",,,Giảng viên
KH_811,Thời gian sinh viên làm bài thu hoạch sau Tuần sinh hoạt công dân - sinh viên năm học 2023–2024 tại Trường Đại học Bình Dương là khi nào?,Thời gian làm bài thu hoạch là từ ngày 25/9/2023 đến ngày 8/10/2023.,,,Giảng viên
KH_811,Thời gian chấm bài thu hoạch và ra quyết định công nhận kết quả Tuần sinh hoạt công dân - sinh viên năm học 2023–2024 tại Trường Đại học Bình Dương là khi nào?,Từ ngày 9/10/2023 đến ngày 22/10/2023 là thời gian chấm bài và ban hành quyết định công nhận.,,,Giảng viên
KH_811,Ban Văn hóa - Truyền thông có vai trò gì trong Tuần sinh hoạt công dân - sinh viên năm học 2023–2024 tại Trường Đại học Bình Dương?,Ban Văn hóa - Truyền thông phụ trách công tác truyền thông và hình ảnh của Tuần sinh hoạt công dân - sinh viên năm học 2023–2024.,,,Giảng viên
KH_811,Trường Đại học Bình Dương tổ chức báo cáo kết quả Tuần sinh hoạt công dân - sinh viên năm học 2023–2024 vào thời điểm nào?,"Báo cáo kết quả được thực hiện từ ngày 23/10/2023 đến ngày 29/10/2023 và gửi về Đảng ủy, Ban Giám hiệu, Sở GD&ĐT tỉnh Bình Dương và Bộ GD&ĐT.",,,Giảng viên
KH_811,"Chủ trương học tập và làm theo tư tưởng, đạo đức, phong cách Hồ Chí Minh trong Tuần sinh hoạt công dân - sinh viên năm học 2023–2024 tại Trường Đại học Bình Dương được thực hiện theo chỉ thị nào?",Chủ trương được thực hiện theo Chỉ thị 05/CT-TW của Bộ Chính trị và Chỉ thị 10/CT-TTg của Thủ tướng Chính phủ.,,,Giảng viên
KH_811,Trung tâm Tin học và Ngoại ngữ có trách nhiệm gì trong Tuần sinh hoạt công dân - sinh viên năm học 2023–2024 tại Trường Đại học Bình Dương?,Trung tâm Tin học và Ngoại ngữ có trách nhiệm hướng dẫn sinh viên về chuẩn đầu ra tiếng Anh và các quy định miễn giảm học phí chứng chỉ.,,,Giảng viên
KH_811,Tuần sinh hoạt công dân - sinh viên năm học 2023–2024 tại Trường Đại học Bình Dương có bao nhiêu đợt tổ chức?,"Tuần sinh hoạt công dân - sinh viên năm học 2023–2024 có 2 đợt tổ chức: Đợt 1 từ 11/9–17/9 cho sinh viên khóa 23, 24, 25 và Đợt 2 từ 18/9–24/9 cho sinh viên khóa 26.",,,Giảng viên
KH_811,Tuần sinh hoạt công dân - sinh viên tại Trường Đại học Bình Dương được tổ chức theo hình thức nào trong năm học 2023–2024?,Tuần sinh hoạt được tổ chức theo hai hình thức: trực tiếp và trực tuyến.,,,Giảng viên
KH_811,"Mục tiêu của nội dung về chủ quyền biển, đảo trong chương trình sinh hoạt công dân là gì?","Mục tiêu là giúp sinh viên hiểu rõ chiến lược biển, chủ quyền quốc gia và các vấn đề liên quan đến quan hệ với Campuchia, Trung Quốc năm 2023.",,,Giảng viên
KH_811,Chỉ thị 35-NQ/TW được đề cập trong chương trình sinh hoạt công dân có nội dung gì?,"Chỉ thị 35-NQ/TW ngày 22/10/2018 nhằm tăng cường bảo vệ nền tảng tư tưởng của Đảng và đấu tranh phản bác các quan điểm sai trái, thù địch trong tình hình mới.",,,Giảng viên
KH_811,Phòng Tổng hợp có nhiệm vụ gì trong Tuần sinh hoạt công dân - sinh viên tại Trường Đại học Bình Dương?,Phòng Tổng hợp có nhiệm vụ hỗ trợ công tác tổ chức và chuẩn bị nước uống cho chương trình.,,,Giảng viên
KH_811,Nội dung hướng dẫn viết CV và xin việc thuộc nhóm sinh viên nào trong Tuần sinh hoạt công dân năm học 2023–2024?,Nội dung này dành riêng cho sinh viên cuối khóa (khóa 23).,,,Giảng viên
KH_811,Ngày hội việc làm được tổ chức trong khuôn khổ nội dung nào của Tuần sinh hoạt công dân tại Trường Đại học Bình Dương?,Ngày hội việc làm là một phần trong chương trình dành cho sinh viên cuối khóa nhằm kết nối với doanh nghiệp và tiếp cận thông tin thị trường lao động.,,,Giảng viên
KH_811,Trung tâm nào chịu trách nhiệm hướng dẫn sinh viên về chương trình đào tạo và cơ hội nghề nghiệp trong Tuần sinh hoạt công dân?,"Các Khoa, Viện, Trung tâm quản lý sinh viên chịu trách nhiệm giới thiệu chương trình đào tạo và định hướng nghề nghiệp.",,,Giảng viên
KH_811,Tại sao việc tổ chức Tuần sinh hoạt công dân cần đảm bảo tính nghiêm túc và đầy đủ nội dung?,"Để đảm bảo sinh viên tiếp thu đầy đủ kiến thức, kỹ năng theo quy định của Bộ GD&ĐT và của Nhà trường, phục vụ học tập và rèn luyện lâu dài.",,,Giảng viên
KH_811,Nội dung sinh hoạt công dân giúp sinh viên nhận thức rõ những gì về Trường Đại học Bình Dương?,"Giúp sinh viên hiểu rõ sứ mạng, tầm nhìn, giá trị truyền thống và triết lý giáo dục của Trường Đại học Bình Dương.",,,Giảng viên
KH_811,Bài thu hoạch của sinh viên sau Tuần sinh hoạt công dân được chấm trong khoảng thời gian nào?,"Từ ngày 9/10 đến 22/10/2023, bài thu hoạch của sinh viên sẽ được chấm và ra quyết định công nhận.",,,Giảng viên
KH_811,Phòng Tài chính - Kế toán có vai trò gì trong Tuần sinh hoạt công dân năm học 2023–2024 tại Trường Đại học Bình Dương?,Phòng Tài chính - Kế toán có trách nhiệm hỗ trợ giải quyết các chế độ tài chính liên quan đến chương trình sinh hoạt.,,,Giảng viên
KH_811,Nội dung về phòng chống ma túy trong Tuần sinh hoạt công dân nhắm đến vấn đề gì trong trường học?,"Nhằm nâng cao nhận thức và kỹ năng phòng, chống ma túy học đường trong sinh viên.",,,Giảng viên
KH_811,Các đơn vị nào có trách nhiệm phối hợp thực hiện khảo thí trong Tuần sinh hoạt công dân tại Trường Đại học Bình Dương?,Phòng Đảm bảo chất lượng và Khảo thí phối hợp cùng các đơn vị khác thực hiện nội dung khảo thí.,,,Giảng viên
KH_811,Cơ quan nào là nơi tiếp nhận báo cáo kết quả tổ chức Tuần sinh hoạt công dân - sinh viên sau khi hoàn tất chương trình?,"Đảng ủy, Ban Giám hiệu, Sở Giáo dục và Đào tạo tỉnh Bình Dương và Bộ Giáo dục và Đào tạo là các đơn vị tiếp nhận báo cáo kết quả chương trình.",,,Giảng viên
KH_821,Mục đích của Kế hoạch đảm bảo chất lượng giáo dục năm học 2023–2024 tại Trường Đại học Bình Dương là gì?,"Mục đích là nâng cao nhận thức của cán bộ, giảng viên, nhân viên về công tác đảm bảo chất lượng giáo dục, phát triển hệ thống phù hợp với sứ mạng và mục tiêu của Trường, nâng cao chất lượng hoạt động và đạt kiểm định chất lượng chương trình đào tạo.",,,Giảng viên
KH_821,Kế hoạch đảm bảo chất lượng giáo dục năm học 2023–2024 của Trường Đại học Bình Dương yêu cầu điều gì?,"Kế hoạch yêu cầu phải phù hợp với điều kiện thực tiễn, có tính khả thi, thực hiện đúng tiến độ, và nêu rõ nội dung công việc, mục tiêu, thời gian thực hiện và đơn vị phụ trách.",,,Giảng viên
KH_821,Các hoạt động bảo đảm chất lượng về chiến lược trong kế hoạch năm học 2023–2024 bao gồm gì?,"Bao gồm kiện toàn các bộ phận trong trường, triển khai đề án vị trí việc làm, truyền thông sứ mạng – triết lý giáo dục, rà soát văn bản quản lý và đẩy mạnh chuyển đổi số.",,,Giảng viên
KH_821,Trường Đại học Bình Dương thực hiện hoạt động bảo đảm chất lượng về hệ thống như thế nào trong năm học 2023–2024?,"Nhà trường kiện toàn hệ thống đảm bảo chất lượng bên trong, cải tiến văn bản quản lý, nâng cao chất lượng đội ngũ chuyên trách và triển khai khảo sát ý kiến các bên liên quan.",,,Giảng viên
KH_821,Hoạt động bảo đảm chất lượng về chức năng trong kế hoạch năm học 2023–2024 tại Trường Đại học Bình Dương là gì?,"Bao gồm rà soát hệ thống giám sát đào tạo, nghiên cứu và phục vụ cộng đồng, xác định đối tác đối sánh, nâng cao chất lượng hoạt động chuyên môn.",,,Giảng viên
KH_821,Những nội dung bảo đảm chất lượng về kết quả trong kế hoạch năm học 2023–2024 của Trường Đại học Bình Dương là gì?,"Gồm cập nhật và công khai chất lượng giáo dục theo Thông tư 36, thông tin về kết quả đào tạo, nghiên cứu, phục vụ cộng đồng và kết quả đối sánh.",,,Giảng viên
KH_821,Trường Đại học Bình Dương tổ chức tự đánh giá và kiểm định chất lượng chương trình đào tạo như thế nào trong năm học 2023–2024?,Trường tổ chức tự đánh giá 3 chương trình đào tạo và đăng ký đánh giá ngoài với tổ chức kiểm định chất lượng trong nước.,,,Giảng viên
KH_821,Thời gian hoàn thành việc kiện toàn nhân sự đảm bảo chất lượng giáo dục tại Trường Đại học Bình Dương là khi nào?,Thời gian hoàn thành là vào tháng 12 năm 2023.,,,Giảng viên
KH_821,Việc xây dựng kế hoạch và hồ sơ kiểm định chương trình đào tạo tại Trường Đại học Bình Dương hoàn thành khi nào?,Việc xây dựng kế hoạch và hồ sơ kiểm định hoàn thành vào tháng 01 năm 2024.,,,Giảng viên
KH_821,Thời gian khảo sát ý kiến sinh viên về giảng dạy và hoạt động của Trường Đại học Bình Dương được triển khai trong khoảng nào?,Khảo sát được triển khai từ tháng 02 năm 2024 đến tháng 09 năm 2024 tùy nội dung.,,,Giảng viên
KH_821,Thời điểm báo cáo kết quả đánh giá chất lượng người học tại Trường Đại học Bình Dương là khi nào?,Báo cáo kết quả được hoàn thành vào tháng 06 và tháng 08 năm 2024.,,,Giảng viên
KH_821,Thời gian thực hiện đánh giá ngoài cấp chương trình đào tạo tại Trường Đại học Bình Dương là bao lâu?,Đánh giá ngoài được triển khai từ tháng 09 năm 2023 đến tháng 06 năm 2024.,,,Giảng viên
KH_821,Đơn vị nào chủ trì triển khai kế hoạch đảm bảo chất lượng giáo dục tại Trường Đại học Bình Dương?,"Phòng Đảm bảo chất lượng và Khảo thí là đơn vị chủ trì, phối hợp với các đơn vị để triển khai kế hoạch và thực hiện các nội dung liên quan.",,,Giảng viên
KH_821,Trách nhiệm của các đơn vị trong Trường Đại học Bình Dương trong kế hoạch đảm bảo chất lượng giáo dục là gì?,"Các đơn vị có trách nhiệm phổ biến kế hoạch, phối hợp thực hiện và tổng kết báo cáo gửi về Phòng Đảm bảo chất lượng và Khảo thí vào đầu tháng 8 năm 2024.",,,Giảng viên
KH_821,Trường Đại học Bình Dương yêu cầu lưu trữ hồ sơ minh chứng cho công tác kiểm định như thế nào?,"Các đơn vị phải lưu trữ hồ sơ, văn bản bằng cả bản giấy và bản PDF để phục vụ cho công tác tự đánh giá, kiểm tra giữa kỳ và đánh giá ngoài.",,,Giảng viên
KH_821,Kế hoạch đảm bảo chất lượng giáo dục năm học 2023–2024 của Trường Đại học Bình Dương được xây dựng dựa trên văn bản nào của Bộ Giáo dục và Đào tạo?,Kế hoạch được xây dựng dựa trên Quyết định số 2457/QĐ-BGDĐT ngày 23 tháng 8 năm 2023 của Bộ Giáo dục và Đào tạo.,,,Giảng viên
KH_821,Triết lý giáo dục và giá trị cốt lõi được Trường Đại học Bình Dương truyền thông trong kế hoạch năm học 2023–2024 như thế nào?,"Trường xây dựng kế hoạch truyền thông về sứ mạng, tầm nhìn, giá trị cốt lõi và triết lý giáo dục nhằm lan tỏa văn hóa chất lượng trong toàn trường.",,,Giảng viên
KH_821,Công tác rà soát các văn bản quản lý trong kế hoạch đảm bảo chất lượng giáo dục tại Trường Đại học Bình Dương nhằm mục tiêu gì?,"Rà soát nhằm điều chỉnh chức năng, nhiệm vụ của các đơn vị và cải tiến hệ thống quản lý để phù hợp với yêu cầu đảm bảo chất lượng giáo dục.",,,Giảng viên
KH_821,Việc triển khai chuyển đổi số tại Trường Đại học Bình Dương có vai trò như thế nào trong kế hoạch đảm bảo chất lượng giáo dục?,"Chuyển đổi số góp phần hiện đại hóa công tác quản trị, nâng cao hiệu quả quản lý và giám sát chất lượng trong toàn trường.",,,Giảng viên
KH_821,Hệ thống đảm bảo chất lượng bên trong tại Trường Đại học Bình Dương được cải tiến ra sao trong năm học 2023–2024?,"Hệ thống được kiện toàn về tổ chức, rà soát và cập nhật các công cụ giám sát chất lượng và dữ liệu đánh giá nội bộ.",,,Giảng viên
KH_821,Tại sao việc đối sánh và so chuẩn chất lượng lại quan trọng trong kế hoạch năm học 2023–2024 tại Trường Đại học Bình Dương?,"Đối sánh và so chuẩn giúp đánh giá khách quan mức độ đạt được của Trường so với các đối tác, từ đó đưa ra chiến lược cải tiến hiệu quả.",,,Giảng viên
KH_821,Thông tư số 36 được Trường Đại học Bình Dương áp dụng trong kế hoạch đảm bảo chất lượng giáo dục năm học 2023–2024 với mục đích gì?,"Thông tư số 36 được áp dụng để công khai thông tin về chất lượng giáo dục, đảm bảo tính minh bạch và trách nhiệm giải trình của Nhà trường.",,,Giảng viên
KH_821,Việc cập nhật thông tin về kết quả hoạt động của Trường Đại học Bình Dương được thực hiện như thế nào theo kế hoạch năm học 2023–2024?,"Trường cập nhật thông tin về kết quả đào tạo, nghiên cứu khoa học, phục vụ cộng đồng và đối sánh chất lượng lên hệ thống quản lý chất lượng nội bộ.",,,Giảng viên
KH_821,Công tác tự đánh giá chương trình đào tạo năm học 2023–2024 tại Trường Đại học Bình Dương bao gồm những hoạt động nào?,"Bao gồm xây dựng báo cáo tự đánh giá, hoàn thiện hồ sơ liên quan và chuẩn bị minh chứng phục vụ đánh giá ngoài.",,,Giảng viên
KH_821,Vai trò của Phòng Đảm bảo chất lượng và Khảo thí trong công tác lưu trữ hồ sơ kiểm định tại Trường Đại học Bình Dương là gì?,"Phòng có trách nhiệm tổng hợp, hướng dẫn các đơn vị lưu trữ toàn bộ hồ sơ, minh chứng bằng file giấy và PDF, phục vụ kiểm tra và đánh giá chất lượng.",,,Giảng viên
KH_821,Nhiệm vụ nào được giao cho các đơn vị trong Trường Đại học Bình Dương vào đầu tháng 8/2024 theo kế hoạch đảm bảo chất lượng giáo dục?,Các đơn vị phải tổng kết tình hình triển khai kế hoạch và gửi báo cáo tổng kết về Phòng Đảm bảo chất lượng và Khảo thí.,,,Giảng viên
KH_821,"Trong kế hoạch năm học 2023–2024, việc khảo sát sinh viên được thực hiện nhằm thu thập ý kiến về những nội dung gì?","Khảo sát tập trung vào hoạt động giảng dạy của giảng viên, chất lượng học tập, ý kiến sau tốt nghiệp và sự hài lòng về các hoạt động của Trường.",,,Giảng viên
KH_821,Tại sao việc lưu trữ minh chứng trong công tác đảm bảo chất lượng giáo dục lại được nhấn mạnh trong kế hoạch của Trường Đại học Bình Dương?,"Vì minh chứng là yếu tố then chốt để phục vụ tự đánh giá, kiểm tra giữa kỳ và đánh giá ngoài, đảm bảo tính minh bạch và hiệu quả kiểm định.",,,Giảng viên
KH_821,"Các hồ sơ, văn bản phục vụ kiểm định chất lượng giáo dục tại Trường Đại học Bình Dương phải được lưu trữ dưới những hình thức nào?","Phải lưu trữ bằng cả file giấy và file PDF, đầy đủ theo từng giai đoạn lập kế hoạch, triển khai và tổng kết.",,,Giảng viên
KH_821,Kế hoạch năm học 2023–2024 yêu cầu việc đánh giá chất lượng người học phải được hoàn thành vào thời điểm nào?,Báo cáo đánh giá phải hoàn thành vào tháng 06 và 08 năm 2024.,,,Giảng viên
KH_821,Các chương trình đào tạo được tự đánh giá trong năm học 2023–2024 tại Trường Đại học Bình Dương là bao nhiêu?,Có 03 chương trình đào tạo được tổ chức tự đánh giá trong năm học này.,,,Giảng viên
KH_821,Đánh giá ngoài cấp chương trình đào tạo tại Trường Đại học Bình Dương được triển khai trong khoảng thời gian nào theo kế hoạch?,Từ tháng 09/2023 đến tháng 06/2024.,,,Giảng viên
KH_821,Trường Đại học Bình Dương xác định đối tác để làm gì trong công tác đảm bảo chất lượng giáo dục năm học 2023–2024?,"Nhằm phục vụ cho việc đối sánh, so chuẩn chất lượng và đánh giá kết quả các hoạt động đào tạo, nghiên cứu và phục vụ cộng đồng.",,,Giảng viên
KH_821,"Theo kế hoạch năm học 2023–2024, việc truyền thông về sứ mạng và tầm nhìn của Trường được tích hợp vào hoạt động nào?","Được tích hợp trong kế hoạch bảo đảm chất lượng về chiến lược, cùng với việc truyền thông giá trị cốt lõi và triết lý giáo dục.",,,Giảng viên
KH_821,Chất lượng hoạt động của đội ngũ chuyên trách đảm bảo chất lượng giáo dục được nâng cao như thế nào trong kế hoạch năm học 2023–2024?,"Thông qua việc rà soát hệ thống, cải tiến công cụ quản lý, tổ chức khảo sát ý kiến các bên liên quan và cập nhật dữ liệu nội bộ.",,,Giảng viên
TB_772,Mục đích chính của việc kiểm tra cơ sở vật chất tại Trường Đại học Bình Dương trong năm học 2023–2024 là gì?,"Mục đích là kiểm tra, khảo sát hiện trạng và chất lượng cơ sở vật chất, làm căn cứ đánh giá hiệu quả quản lý và phục vụ mua sắm, sửa chữa đảm bảo an toàn giảng dạy và học tập.",,,Giảng viên
TB_772,Công tác kiểm tra cơ sở vật chất tại Trường Đại học Bình Dương năm học 2023–2024 cần đáp ứng yêu cầu nào?,"Cần đảm bảo khách quan, trung thực và có sự tham gia của các bộ phận quản lý, sử dụng, bảo vệ cơ sở vật chất.",,,Giảng viên
TB_772,Thời gian kiểm tra thực tế cơ sở vật chất tại Trường Đại học Bình Dương trong năm học 2023–2024 được thực hiện khi nào?,Từ ngày 15 tháng 8 năm 2023 đến ngày 16 tháng 8 năm 2023.,,,Giảng viên
TB_772,Hạn chót để báo cáo tổng hợp kết quả kiểm tra cơ sở vật chất tại Trường Đại học Bình Dương là ngày nào?,Trước ngày 20 tháng 8 năm 2023.,,,Giảng viên
TB_772,Ai là Trưởng ban trong Ban Kiểm tra cơ sở vật chất năm học 2023–2024 của Trường Đại học Bình Dương?,Trưởng ban là ông Cao Việt Hiếu – Hiệu Trưởng Trường Đại học Bình Dương.,,,Giảng viên
TB_772,Ai giữ vai trò Phó ban trong Ban Kiểm tra cơ sở vật chất tại Trường Đại học Bình Dương năm học 2023–2024?,Phó ban là TS. Đỗ Đoan Trang – Phó Hiệu Trưởng thường trực Trường Đại học Bình Dương.,,,Giảng viên
TB_772,Những khu vực nào được kiểm tra cơ sở vật chất vào ngày 15 tháng 8 năm 2023 tại Trường Đại học Bình Dương?,"Phòng học, giảng đường, sân bãi tại khu A, B, C của Trường Đại học Bình Dương.",,,Giảng viên
TB_772,Những khu vực nào được kiểm tra cơ sở vật chất vào ngày 16 tháng 8 năm 2023 tại Trường Đại học Bình Dương?,"Phòng học, giảng đường, sân bãi tại cơ sở Hoàng Hoa Thám và cơ sở 2 – Khoa Dược.",,,Giảng viên
TB_772,Ai là người tham gia tổng hợp số liệu và báo cáo kết quả kiểm tra cơ sở vật chất tại Trường Đại học Bình Dương vào ngày 18 tháng 8 năm 2023?,Thầy Huỳnh Hồng Phúc và Thầy Nguyễn Tùng Lâm là người thực hiện tổng hợp số liệu và báo cáo.,,,Giảng viên
TB_772,Báo cáo kết quả kiểm tra cơ sở vật chất tại Trường Đại học Bình Dương được gửi đến những đơn vị nào?,"Báo cáo được gửi đến Ban Giám hiệu, Phòng Tổng hợp, Phòng Quản lý Đào tạo và Công tác Sinh viên, Phòng Thanh tra – Pháp chế và Kiểm toán nội bộ, Văn thư – Lưu trữ.",,,Giảng viên
TB_772,Ai phụ trách kiểm tra cơ sở vật chất tại cơ sở Hoàng Hoa Thám và cơ sở 2 – Khoa Dược ngày 16 tháng 8 năm 2023?,"Thầy Huỳnh Hồng Phúc, Thầy Ngô Duy Viễn và Thầy Võ Minh Triết phụ trách kiểm tra tại cơ sở Hoàng Hoa Thám và cơ sở 2 – Khoa Dược, thời gian cụ thể là ngày 16 tháng 8 năm 2023.",,,Giảng viên
TB_772,Ai là tổ trưởng bộ phận Quản trị Thiết bị trong kế hoạch kiểm tra cơ sở vật chất năm học 2023–2024 của Trường Đại học Bình Dương?,Thầy Huỳnh Hồng Phúc là tổ trưởng bộ phận Quản trị Thiết bị.,,,Giảng viên
TB_772,Ai là nhân viên Phòng Quản lý Đào tạo và Công tác sinh viên tham gia Ban Kiểm tra cơ sở vật chất?,Thầy Ngô Duy Viễn là nhân viên Phòng Quản lý Đào tạo và Công tác sinh viên tham gia Ban Kiểm tra.,,,Giảng viên
TB_772,Người đại diện Phòng Thanh tra – Pháp chế và Kiểm toán nội bộ trong Ban Kiểm tra cơ sở vật chất gồm những ai?,Thầy Nguyễn Tùng Lâm và Thầy Võ Minh Triết là đại diện Phòng Thanh tra – Pháp chế và Kiểm toán nội bộ trong Ban Kiểm tra.,,,Giảng viên
TB_772,Kế hoạch kiểm tra cơ sở vật chất năm học 2023–2024 tại Trường Đại học Bình Dương được ký bởi ai và vào ngày nào?,Kế hoạch được ký bởi TS. Đỗ Đoan Trang – Phó Hiệu Trưởng Thường Trực vào ngày 15 tháng 8 năm 2023.,,,Giảng viên
KH_461,Mục đích chính của kế hoạch triển khai thực hiện Quy chế công khai tại Trường Đại học Bình Dương năm học 2024–2025 là gì?,"Mục đích chính là để người học, nhà tuyển dụng, các cơ quan quản lý Nhà nước có thẩm quyền và xã hội tham gia giám sát, đánh giá cơ sở giáo dục và báo cáo định kỳ về Cục Quản lý chất lượng.",,,Giảng viên
KH_461,Thông tư và công văn nào là căn cứ pháp lý của kế hoạch công khai năm học 2024–2025 tại Trường Đại học Bình Dương?,Căn cứ là Thông tư số 36/2017/TT-BGDĐT và Công văn số 2274/BGDĐT-QLCL.,,,Giảng viên
KH_461,Các đơn vị phải gửi dữ liệu công khai về đâu và bằng hình thức nào theo kế hoạch công khai năm học 2024–2025?,"Các đơn vị gửi bảng văn bản về Phòng Bảo đảm chất lượng và Khảo thí kèm file mềm qua email: tmdan@bdu.edu.vn (trừ mục 15, biểu mẫu 21).",,,Giảng viên
KH_461,Đơn vị nào chịu trách nhiệm tổng hợp và gửi báo cáo về Cục Quản lý chất lượng trong kế hoạch công khai năm học 2024–2025?,Phòng Bảo đảm chất lượng và Khảo thí chịu trách nhiệm tổng hợp báo cáo và gửi Cục Quản lý chất lượng.,,,Giảng viên
KH_461,Khoa nào phụ trách công khai thông tin trên trang web Nhà trường trong kế hoạch công khai năm học 2024–2025?,Khoa Công nghệ thông tin – Robot và Trí tuệ nhân tạo phụ trách công khai thông tin trên trang thông tin điện tử của Nhà trường.,,,Giảng viên
KH_461,Trung tâm nào chịu trách nhiệm lưu trữ và trích lục tài liệu trong kế hoạch công khai năm học 2024–2025?,Trung tâm Lưu trữ – Thư viện chịu trách nhiệm lưu trữ và trích lục tài liệu theo quy định của Nhà trường.,,,Giảng viên
KH_461,"Phòng nào chủ trì công khai thông tin về diện tích đất, diện tích sàn, và đội ngũ giảng viên cơ hữu?",Phòng Tổng hợp là đơn vị chủ trì công khai các nội dung về diện tích và đội ngũ giảng viên cơ hữu.,,,Giảng viên
KH_461,Ai là người ký duyệt kế hoạch triển khai thực hiện Quy chế công khai tại Trường Đại học Bình Dương năm học 2024–2025?,Kế hoạch được ký duyệt bởi ông Cao Việt Hiếu - Hiệu Trưởng Trường Đại học Bình Dương.,,,Giảng viên
KH_461,Biểu mẫu sử dụng để công khai cam kết chất lượng đào tạo của cơ sở giáo dục là gì và đơn vị nào thực hiện?,"Biểu mẫu số 17 được dùng để công khai cam kết chất lượng đào tạo, do các Khoa và Viện thực hiện.",,,Giảng viên
KH_461,Hạn chót để các đơn vị hoàn thành và gửi dữ liệu công khai năm học 2024–2025 tại Trường Đại học Bình Dương là ngày nào?,Các đơn vị phải hoàn thành việc tổng hợp và cung cấp dữ liệu trước ngày 20 tháng 6 năm 2024.,,,Giảng viên
KH_461,Kế hoạch KH_461 của Trường Đại học Bình Dương được ban hành nhằm mục đích gì?,Kế hoạch KH_461 được ban hành nhằm triển khai thực hiện Quy chế công khai đối với cơ sở giáo dục và đào tạo thuộc hệ thống quốc dân năm học 2024-2025.,,,Giảng viên
KH_461,Kế hoạch KH_461 dựa trên các văn bản pháp lý nào?,Kế hoạch KH_461 được xây dựng dựa trên Thông tư số 36/2017/TT-BGDĐT và Công văn số 2274/BGDĐT-QLCL.,,,Giảng viên
KH_461,Mục tiêu chính của việc thực hiện Quy chế công khai tại Trường Đại học Bình Dương là gì?,"Mục tiêu là để người học, nhà tuyển dụng, các cơ quan quản lý Nhà nước và xã hội giám sát, đánh giá cơ sở giáo dục.",,,Giảng viên
KH_461,Đơn vị nào chịu trách nhiệm tổng hợp báo cáo và gửi về Ban Giám hiệu trong kế hoạch KH_461?,"Phòng Bảo đảm chất lượng và Khảo thí chịu trách nhiệm tổng hợp, báo cáo Ban Giám hiệu và gửi báo cáo Cục Quản lý chất lượng.",,,Giảng viên
KH_461,Hạn cuối để các đơn vị gửi dữ liệu theo KH_461 là ngày nào?,Các đơn vị phải hoàn thành tổng hợp và cung cấp dữ liệu được phân công trước ngày 20/6/2024.,,,Giảng viên
KH_461,Các biểu mẫu trong KH_461 cần tuân thủ định dạng phông chữ và cỡ chữ như thế nào?,Biểu mẫu trong KH_461 yêu cầu sử dụng phông chữ Times New Roman và cỡ chữ 13.,,,Giảng viên
KH_461,Đơn vị nào phụ trách công khai thông tin trên trang thông tin điện tử của Nhà trường theo KH_461?,Khoa Công nghệ thông tin – Robot và Trí tuệ nhân tạo phụ trách công khai thông tin trên trang thông tin điện tử của Nhà trường.,,,Giảng viên
KH_461,"Thông tin học liệu như sách, tạp chí, e-book thuộc trách nhiệm công khai của đơn vị nào theo KH_461?","Trung tâm Lưu trữ – Thư viện chịu trách nhiệm công khai thông tin học liệu như sách, tạp chí, e-book.",,,Giảng viên
KH_461,"Theo KH_461, dữ liệu công khai cần cung cấp của năm học nào?",Dữ liệu cần công khai theo KH_461 là dữ liệu của năm học 2023–2024.,,,Giảng viên
KH_461,Mục đích báo cáo định kỳ trong KH_461 nhằm phục vụ cơ quan nào?,Mục đích báo cáo định kỳ là để phục vụ Cục Quản lý chất lượng theo quy định.,,,Giảng viên
KH_461,Sinh viên Duy Khang làm gì trong Trường mình?,Làm chatbotBDU.,,,Giảng viên
