STT,question,answer,,
TB_1252,"Theo Thông báo số 1252, tôi cần thực hiện nhiệm vụ gì liên quan đến ngân hàng đề thi học kỳ I? ","Theo Thông báo số 1252, bạn cần báo cáo kết quả xây dựng ngân hàng đề thi kết thúc học phần học kỳ I, năm học 2023–2024.",,
TB_1252,Thông báo số 1252 có yêu cầu lập kế hoạch cho ngân hàng đề thi học kỳ II không?,"Có. Bạn cần lập kế hoạch xây dựng ngân hàng đề thi kết thúc học phần học kỳ II, năm học 2023–2024 theo yêu cầu trong Thông báo số 1252.",,
TB_1252,"Theo Thông báo số 1252, tôi cần nộp báo cáo và kế hoạch ngân hàng đề thi tại đâu?","Bạn cần gửi báo cáo và kế hoạch về Phòng Bảo đảm chất lượng và Khảo thí, Trường Đại học Bình Dương.",,
TB_1252,"Theo Thông báo số 1252, tôi gửi file báo cáo ngân hàng đề thi cho ai phụ trách?","Bạn gửi cho ông Lại Đức Khâm – cán bộ Phòng Bảo đảm chất lượng và Khảo thí, Trường Đại học Bình Dương.",,
TB_1252,Địa chỉ email để gửi file mềm báo cáo và kế hoạch ngân hàng đề thi theo Thông báo số 1252 là gì?,Bạn gửi file mềm qua địa chỉ email: ldkham@bdu.edu.vn.,,
TB_1252,Hạn cuối cùng để nộp báo cáo kết quả và kế hoạch xây dựng ngân hàng đề thi theo Thông báo số 1252 là khi nào?,Bạn cần nộp trước ngày 15/01/2024.,,
TB_1252,Thông báo số 1252 căn cứ trên những văn bản nào của Trường Đại học Bình Dương?,Thông báo số 1252 căn cứ trên Quyết định số 1768/QĐ-ĐHBD ngày 28/12/2022 và Kế hoạch số 750/KH-ĐHBD ngày 09/08/2023 của Trường Đại học Bình Dương.,,
TB_1252,"Sau khi nộp báo cáo và kế hoạch, đơn vị tôi có cần thực hiện gì thêm theo Thông báo số 1252 không?","Có. Sau khi nộp, các Khoa, Viện, Trung tâm và Phòng chức năng cần tiếp tục phối hợp với Trường để triển khai thực hiện các nội dung xây dựng ngân hàng đề thi theo kế hoạch.",,
TB_1252,Ai là người ký ban hành Thông báo số 1252 về báo cáo và kế hoạch ngân hàng đề thi?,TS. Đỗ Đoan Trang – Phó Hiệu trưởng thường trực Trường Đại học Bình Dương là người ký ban hành Thông báo số 1252.,,
TB_1252,Thông báo số 1252 về báo cáo kết quả và kế hoạch xây dựng ngân hàng đề thi được ban hành vào ngày nào?,Thông báo số 1252 được ban hành vào ngày 29 tháng 12 năm 2023.,,
TB_746,"Theo Thông báo số 746, giảng viên cơ hữu cần thống kê nhiệm vụ trong khoảng thời gian nào của năm học 2023–2024?","Theo Thông báo số 746, giảng viên cơ hữu cần thống kê nhiệm vụ trong khoảng thời gian từ ngày 01/9/2023 đến hết ngày 31/8/2024.",,
TB_746,"Theo Thông báo số 746, giảng viên không kê khai nhiệm vụ sẽ bị xử lý như thế nào?","Nếu giảng viên không kê khai khối lượng nhiệm vụ của năm học 2023–2024 trước thời hạn, sẽ bị xem là không có phát sinh nhiệm vụ và thiếu giờ nghĩa vụ; Nhà trường sẽ thực hiện các biện pháp xử lý khắc phục theo quy định hiện hành.",,
TB_746,"Theo Thông báo số 746, hạn chót để các đơn vị gửi bản kê khai nhiệm vụ giảng viên cơ hữu về Phòng Quản lý đào tạo và Công tác sinh viên là khi nào?","Hạn chót là trước 16h00 ngày 23/7/2024; các đơn vị phải nộp bản giấy có chữ ký và danh sách tổng hợp về Phòng Quản lý đào tạo và Công tác sinh viên, đồng thời gửi bản điện tử qua email daotao@bdu.edu.vn.",,
TB_746,"Theo Thông báo số 746, giảng viên cần khai báo minh chứng nghiên cứu khoa học ở đâu?",Giảng viên cần khai báo minh chứng nghiên cứu khoa học qua đường link: https://forms.gle/T7RfxRU8mBAC8aLr7.,,
TB_746,"Theo Thông báo số 746, đơn vị nào chịu trách nhiệm kiểm tra và công khai dữ liệu nhiệm vụ giảng viên?","Phòng Quản lý đào tạo và Công tác sinh viên chịu trách nhiệm kiểm tra, tổng hợp và công khai dữ liệu sơ bộ trên hệ thống quản lý văn bản nội bộ của Nhà trường trước 16h00 ngày 09/8/2024.",,
TB_746,"Theo Thông báo số 746, giảng viên có được phản ánh khiếu nại về thống kê nhiệm vụ không?","Có. Từ ngày 10/8/2024 đến hết ngày 15/8/2024, các đơn vị và cá nhân có thể kiểm tra, phản ánh các khiếu nại về dữ liệu đã công khai; sau thời gian này, mọi khiếu nại sẽ không được giải quyết.",,
TB_746,"Theo Thông báo số 746, định mức giờ chuẩn giảng dạy của giảng viên căn cứ theo văn bản nào?",Định mức giờ chuẩn giảng dạy của giảng viên căn cứ theo Quyết định số 2004/QĐ-ĐHBD ngày 26/7/2019 về Quy định chế độ làm việc đối với giảng viên cơ hữu của Trường Đại học Bình Dương.,,
TB_746,"Theo Thông báo số 746, ai là người ký ban hành kế hoạch thống kê nhiệm vụ giảng viên cơ hữu năm học 2023–2024?",Người ký ban hành kế hoạch thống kê nhiệm vụ giảng viên cơ hữu năm học 2023–2024 là Phó Hiệu trưởng Thường trực – bà Đỗ Đoan Trang.,,
TB_746,"Theo Thông báo số 746, ai chịu trách nhiệm cung cấp danh sách lãnh đạo và giảng viên thực hiện nhiệm vụ cho Phòng Quản lý đào tạo và Công tác sinh viên?","Phòng Tổng hợp chịu trách nhiệm cung cấp danh sách lãnh đạo và giảng viên thực hiện nhiệm vụ giảng dạy, nghiên cứu khoa học và các nhiệm vụ khác cho Phòng Quản lý đào tạo và Công tác sinh viên, trước ngày 15/7/2024.",,
TB_746,"Theo Thông báo số 746, ai là người xác nhận nhiệm vụ nghiên cứu khoa học sau khi đối chiếu dữ liệu?","Phòng Quản lý khoa học và Quan hệ đối ngoại là đơn vị xác nhận nhiệm vụ nghiên cứu khoa học sau khi đối chiếu dữ liệu nhận từ Phòng Quản lý đào tạo và Công tác sinh viên, chậm nhất trước 16h00 ngày 31/7/2024.",,
TB_746,"Theo Thông báo số 746, đơn vị nào có trách nhiệm thanh toán và kiểm tra tài chính với trường hợp giảng viên vượt tiết hoặc thiếu tiết nghĩa vụ?","Phòng Tài chính – Kế toán chịu trách nhiệm kiểm tra, xác nhận số tiền thanh toán và tham mưu xử lý khắc phục với các trường hợp giảng viên không đủ tiết nghĩa vụ theo đúng quy định hiện hành.",,
TB_746,"Theo Thông báo số 746, giảng viên phải điền các nội dung gì trong biểu mẫu kê khai nhiệm vụ giảng dạy?","Giảng viên phải điền các thông tin về tên môn học, mã môn học, số tiết lý thuyết, số tiết thực hành, số lượng lớp, quy đổi ra giờ chuẩn trong phần kê khai nhiệm vụ giảng dạy.",,
TB_746,"Theo Thông báo số 746, giảng viên cần lưu ý gì về giờ nghĩa vụ nếu không kê khai đúng quy định?","Theo Thông báo số 746, nếu giảng viên không kê khai đúng quy định thì số giờ không kê khai sẽ không được tính là giờ nghĩa vụ trong năm học 2023–2024.",,
TB_676,Tạp chí Khoa học và Công nghệ Trường Đại học Bình Dương hiện đang nhận bài viết cho số xuất bản nào?,Tạp chí Khoa học và Công nghệ Trường Đại học Bình Dương hiện đang nhận bài viết cho số xuất bản Vol.7 No.3 (Quý III năm 2024).,,
TB_676,Những ai được mời gửi bài viết cho Tạp chí Khoa học và Công nghệ Trường Đại học Bình Dương Vol.7 No.3 (Quý III/2024)?,"Các nhà khoa học, cán bộ nghiên cứu, giảng viên trong và ngoài Trường Đại học Bình Dương đều được mời gửi bài viết cho số xuất bản Vol.7 No.3 (Quý III/2024).",,
TB_676,Bài viết gửi cho Tạp chí Khoa học và Công nghệ Trường Đại học Bình Dương Vol.7 No.3 cần định dạng file như thế nào?,Định dạng chi tiết của file Word này cần tuân theo thể lệ được đăng trên trang web của Tạp chí tại địa chỉ: https://jst.bdu.edu.vn/index.php/jst/about/submissions.,,
TB_676,Địa chỉ trang web nào cung cấp thể lệ gửi bài cho Tạp chí Khoa học và Công nghệ Trường Đại học Bình Dương?,Thể lệ gửi bài được đăng tải tại địa chỉ: https://jst.bdu.edu.vn/index.php/jst/about/submissions.,,
TB_676,Tác giả gửi bài viết cho Tạp chí Khoa học và Công nghệ Trường Đại học Bình Dương Vol.7 No.3 qua email nào?,Tác giả gửi bài viết qua địa chỉ email: jst@bdu.edu.vn.,,
TB_676,Hạn cuối cùng nhận bài viết cho Tạp chí Khoa học và Công nghệ Trường Đại học Bình Dương Vol.7 No.3 là ngày nào?,Hạn cuối nhận bài viết cho số xuất bản Vol.7 No.3 (Quý III/2024) là đến hết ngày 11/9/2024.,,
TB_676,"Nếu có thắc mắc về việc gửi bài cho Tạp chí Khoa học và Công nghệ Trường Đại học Bình Dương Vol.7 No.3, tôi có thể liên hệ với ai?",Tác giả có thể liên hệ Ban Biên tập qua email jst@bdu.edu.vn hoặc liên hệ ThS. Lưu Thanh Thảo Trâm – Phòng Quản lý Khoa học và Quan hệ Đối ngoại qua email lttram@bdu.edu.vn.,,
TB_676,Số điện thoại liên hệ của ThS. Lưu Thanh Thảo Trâm là bao nhiêu?,Số điện thoại liên hệ là (+84) 274 3 871 387 hoặc 0868 508 373.,,
TB_676,Thông báo về việc nhận bài viết cho Tạp chí Khoa học và Công nghệ Trường Đại học Bình Dương Vol.7 No.3 được ký bởi ai và vào ngày nào?,Thông báo về việc nhận bài viết cho Tạp chí Khoa học và Công nghệ Trường Đại học Bình Dương Vol.7 No.3 được ký bởi: Phó hiệu trưởng Lê Văn Cường.,,
TB_763,"Theo Thông báo TB_763, đối tượng nào thuộc diện phải thực hiện khảo sát chất lượng đào tạo bổ sung tại Trường Đại học Bình Dương?",Đối tượng khảo sát là sinh viên đại học chính quy chưa thực hiện khảo sát chất lượng đào tạo từ ngày 24/07/2023 đến 27/07/2023.,,
TB_763,"Theo Thông báo TB_763, khảo sát chất lượng đào tạo bổ sung áp dụng cho các học kỳ và khóa nào?",Khảo sát áp dụng cho học kỳ 2 năm học 2022–2023 đối với khóa tuyển sinh năm 2021 trở về trước và học kỳ 3 năm học 2022–2023 đối với khóa tuyển sinh năm 2022 (đợt bổ sung).,,
TB_763,"Theo Thông báo TB_763, thời gian thực hiện khảo sát chất lượng đào tạo bổ sung là khi nào?",Thời gian thực hiện khảo sát bổ sung từ ngày 16/08/2023 (thứ Tư) đến ngày 18/08/2023 (thứ Sáu).,,
TB_763,"Theo Thông báo TB_763, sinh viên sẽ thực hiện khảo sát chất lượng đào tạo bằng hình thức nào?",Sinh viên thực hiện khảo sát online tại Cổng thông tin sinh viên của Trường Đại học Bình Dương (sv.bdu.edu.vn).,,
TB_763,"Theo Thông báo TB_763, sinh viên không thực hiện khảo sát chất lượng đào tạo sẽ bị ảnh hưởng như thế nào?",Sinh viên không thực hiện khảo sát sẽ không xem được điểm học kỳ 2 và học kỳ 3 năm học 2022–2023 và sẽ bị trừ điểm rèn luyện theo Quy định đánh giá kết quả rèn luyện sinh viên.,,
TB_763,"Theo Thông báo TB_763, sinh viên gặp khó khăn khi đăng nhập để khảo sát thì cần liên hệ ở đâu?",Sinh viên không đăng nhập được Cổng thông tin sinh viên để thực hiện khảo sát cần liên hệ Email: togiaoovu@bdu.edu.vn để được hỗ trợ kịp thời.,,
TB_763,"Theo Thông báo TB_763, sinh viên sử dụng tài khoản nào để thực hiện khảo sát trên Cổng thông tin sinh viên?",Sinh viên sử dụng tài khoản đăng ký môn học để đăng nhập vào Cổng thông tin sinh viên và thực hiện khảo sát.,,
TB_763,"Theo Thông báo TB_763, thông báo khảo sát chất lượng đào tạo được ban hành bởi ai và vào thời gian nào?","Thông báo khảo sát chất lượng đào tạo được ban hành bởi Trường Đại học Bình Dương vào ngày 14/8/2023, ký bởi Phó Hiệu trưởng Thường trực – Đỗ Đoan Trang.",,
TB_763,"Theo Thông báo TB_763, hình thức khảo sát chất lượng đào tạo tại Trường Đại học Bình Dương được thực hiện thông qua nền tảng nào?","Hình thức khảo sát được thực hiện online tại Cổng thông tin sinh viên của Trường Đại học Bình Dương, địa chỉ: sv.bdu.edu.vn.",,
TB_763,"Theo Thông báo TB_763, sinh viên không thực hiện khảo sát có bị ảnh hưởng đến kết quả rèn luyện không?",Có. Sinh viên không thực hiện khảo sát sẽ bị trừ điểm rèn luyện theo Quy định đánh giá kết quả rèn luyện sinh viên của Trường Đại học Bình Dương.,,
TB_763,"Theo Thông báo TB_763, trách nhiệm thông báo khảo sát này thuộc về đơn vị nào trong Trường Đại học Bình Dương?",Trường Đại học Bình Dương là đơn vị ban hành và chịu trách nhiệm tổ chức khảo sát theo đúng thời gian và đối tượng quy định.,,
TB_763,"Theo Thông báo TB_763, ai là người ký ban hành văn bản về khảo sát chất lượng đào tạo tại Trường Đại học Bình Dương?",Người ký ban hành Thông báo số 763 là Phó Hiệu trưởng Thường trực – Đỗ Đoan Trang.,,
TB_494,Thông báo số 494/TB-ĐHBD được ban hành dựa trên quyết định nào của Trường Đại học Bình Dương?,Thông báo số 494/TB-ĐHBD được ban hành dựa trên Quyết định số 868/QĐ-ĐHBD ngày 20 tháng 5 năm 2024 của Hiệu trưởng Trường Đại học Bình Dương.,,
TB_494,Mục đích chính của Thông báo số 494/TB-ĐHBD về rà soát tiến độ đăng ký môn học và tổ chức kế hoạch đào tạo học kỳ 1 năm học 2024-2025 là gì?,"Mục đích chính của Thông báo số 494/TB-ĐHBD là thu thập thông tin về quá trình đăng ký, tích lũy tín chỉ của sinh viên các khóa, điều chỉnh kế hoạch đào tạo kịp thời, đáp ứng nhu cầu học tập của người học và cải thiện thời gian tốt nghiệp.",,
TB_494,"Theo Thông báo số 494/TB-ĐHBD, yêu cầu đầu tiên để đạt được mục tiêu rà soát là gì?","Yêu cầu đầu tiên là rà soát chi tiết từng ngành, từng trình độ đào tạo và từng người học để đảm bảo công tác hỗ trợ người học được thực hiện kịp thời.",,
TB_494,"Theo Thông báo số 494/TB-ĐHBD, kế hoạch đào tạo học kỳ 1 năm học 2024-2025 cần được bố trí như thế nào?",Kế hoạch đào tạo học kỳ 1 năm học 2024-2025 cần được bố trí đúng thời gian quy định.,,
TB_494,Giai đoạn rà soát ban đầu theo Thông báo số 494/TB-ĐHBD (từ ngày 10/6 đến 24/6/2024) bao gồm những hoạt động gì?,"Giai đoạn rà soát ban đầu bao gồm rà soát tiến độ đăng ký môn học của các lớp, sinh viên, rà soát chương trình đào tạo, lập kế hoạch dự kiến các môn học thực tập, thực tế trong và ngoài trường.",,
TB_494,"Trong giai đoạn rà soát ban đầu theo Thông báo số 494/TB-ĐHBD, đơn vị thực hiện cần dự trù những nội dung gì?","Đơn vị thực hiện cần dự kiến dự trù cơ sở vật chất, trang thiết bị phục vụ cho công tác giảng dạy và học tập.",,
TB_494,Các hoạt động liên quan đến bố trí kế hoạch giảng dạy theo Thông báo số 494/TB-ĐHBD sau ngày 24/6/2024 là gì?,"Bao gồm việc bố trí thời khóa biểu dự kiến, mời giảng viên tham gia giảng dạy, gửi kế hoạch về Phòng QLĐT&CTSV, cập nhật dữ liệu lên phần mềm quản lý đào tạo và rà soát, hiệu chỉnh thời khóa biểu (nếu có).",,
TB_494,"Theo Thông báo số 494/TB-ĐHBD, giảng viên cần cập nhật dữ liệu gì vào phần mềm quản lý đào tạo?",Giảng viên cần cập nhật dữ liệu giảng viên và phương pháp tổ chức giảng dạy cho từng môn học trong học kỳ.,,
TB_494,"Theo Thông báo số 494/TB-ĐHBD, việc tổ chức đăng ký môn học trực tuyến bắt đầu từ thời điểm nào?",Việc tổ chức đăng ký môn học trực tuyến bắt đầu từ ngày 22 tháng 7 năm 2024 tại Cổng thông tin sinh viên.,,
TB_494,"Theo Thông báo số 494/TB-ĐHBD, sinh viên khóa tuyển sinh năm 2021 và năm 2022 được phép đăng ký tối đa và tối thiểu bao nhiêu tín chỉ?",Sinh viên khóa tuyển sinh năm 2021 trở về trước được phép đăng ký tối đa 25 tín chỉ và tối thiểu 10 tín chỉ; sinh viên khóa tuyển sinh năm 2022 trở đi được phép đăng ký tối đa 19 tín chỉ và tối thiểu 10 tín chỉ.,,
TB_494,"Theo Thông báo số 494/TB-ĐHBD, sau giai đoạn đăng ký ban đầu, các hoạt động rà soát và đăng ký bổ sung môn học diễn ra trong khoảng thời gian nào?","Hoạt động rà soát, xử lý dữ liệu đăng ký môn học diễn ra từ ngày 26/7 đến 30/7/2024; đăng ký bổ sung diễn ra từ ngày 1/8 đến 2/8/2024; tiếp tục rà soát dữ liệu đăng ký bổ sung từ ngày 3/8 đến 7/8/2024.",,
TB_494,"Theo Thông báo số 494/TB-ĐHBD, sinh viên có thể đăng ký bổ sung môn học bằng những hình thức nào?",Sinh viên có thể đăng ký bổ sung môn học trực tuyến tại Cổng thông tin sinh viên hoặc đăng ký bổ sung trực tiếp (offline) nếu có nguyện vọng.,,
TB_494,Thời điểm sinh viên nộp học phí học kỳ 1 năm học 2024-2025 theo Thông báo số 494/TB-ĐHBD là khi nào?,Sinh viên nộp học phí học kỳ 1 từ ngày 19 tháng 8 năm 2024 đến ngày 9 tháng 9 năm 2024.,,
TB_494,"Theo Thông báo số 494/TB-ĐHBD, sinh viên khóa tuyển sinh năm 2024 có phải tự đăng ký môn học trong học kỳ đầu tiên không?",Không. Nhà trường sẽ thực hiện đăng ký môn học cho sinh viên khóa tuyển sinh năm 2024 trong học kỳ đầu tiên năm thứ nhất.,,
TB_494,"Theo Thông báo số 494/TB-ĐHBD, vai trò của các đơn vị đào tạo trong việc thực hiện kế hoạch là gì?",Các đơn vị đào tạo có trách nhiệm chủ động phối hợp với các đơn vị liên quan lên kế hoạch rà soát theo thời gian quy định.,,
TB_494,"Theo Thông báo số 494/TB-ĐHBD, trách nhiệm chính của Phòng QLĐT&CTSV trong quá trình thực hiện kế hoạch là gì?","Phòng QLĐT&CTSV chịu trách nhiệm tổng hợp thông tin phản hồi từ các đơn vị đào tạo và báo cáo Ban Giám hiệu về tình hình rà soát, thực hiện kế hoạch.",,
TB_494,"Theo Thông báo số 494/TB-ĐHBD, nếu các đơn vị gặp khó khăn trong quá trình thực hiện thì cần xử lý như thế nào?","Các đơn vị cần trao đổi trực tiếp hoặc gửi văn bản về Phòng QLĐT&CTSV để tổng hợp và báo cáo Hiệu trưởng xem xét, quyết định.",,
TB_494,Lịch trình chi tiết thực hiện rà soát và tổ chức kế hoạch đào tạo học kỳ 1 năm học 2024-2025 theo Thông báo số 494/TB-ĐHBD diễn ra trong khoảng thời gian nào?,Lịch trình thực hiện kéo dài từ ngày 10 tháng 6 năm 2024 đến ngày 9 tháng 9 năm 2024.,,
TB_494,Thông báo số 494/TB-ĐHBD nhấn mạnh những yếu tố nào để đảm bảo công tác đào tạo hiệu quả?,"Thông báo nhấn mạnh sự cần thiết của việc thu thập thông tin, điều chỉnh kế hoạch đào tạo theo nhu cầu người học, phối hợp chặt chẽ giữa các đơn vị liên quan và đảm bảo tiến độ đăng ký, học tập của sinh viên.",,
TB_494,Ai là người ký ban hành Thông báo số 494/TB-ĐHBD?,Thông báo số 494/TB-ĐHBD được ký ban hành bởi Hiệu trưởng Trường Đại học Bình Dương – ông Cao Việt Hiếu.,,
TB_48,Thông báo số 48/TB-ĐHBD được ban hành vào ngày nào?,Thông báo số 48/TB-ĐHBD được ban hành vào ngày 08 tháng 02 năm 2024.,,
TB_48,Thông báo số 48/TB-ĐHBD về việc đăng ký dự Lễ tốt nghiệp năm 2023 - đợt 1 do cơ quan nào ban hành?,Thông báo số 48/TB-ĐHBD do Trường Đại học Bình Dương ban hành.,,
TB_48,Đối tượng áp dụng trong Thông báo số 48/TB-ĐHBD là ai?,"Đối tượng áp dụng là sinh viên các hệ: Đại học chính quy, liên thông, văn bằng 2, cao đẳng của Trường Đại học Bình Dương đã đủ điều kiện công nhận tốt nghiệp.",,
TB_48,Điều kiện để sinh viên đăng ký tham dự Lễ tốt nghiệp năm 2023 - đợt 1 là gì?,Sinh viên phải thực hiện đăng ký tham dự và nộp đầy đủ lệ phí theo quy định của Trường Đại học Bình Dương.,,
TB_48,Thời gian đăng ký tham dự Lễ tốt nghiệp năm 2023 - đợt 1 được quy định như thế nào?,"Sinh viên đăng ký tham dự Lễ tốt nghiệp từ ngày 13/02/2023 đến hết ngày 21/02/2023, vào các khung giờ: sáng 08h00-11h00, chiều 14h00-17h00 (trừ Chủ nhật và các ngày lễ).",,
TB_48,Lễ tốt nghiệp năm 2023 - đợt 1 dự kiến được tổ chức vào thời gian nào?,"Lễ tốt nghiệp dự kiến tổ chức vào sáng ngày 04/03/2023 (Thứ Bảy), bắt đầu từ 07h45 tại Nhà hát sinh viên (Hội trường I, Lầu IV, tòa nhà A).",,
TB_48,Sinh viên phải có mặt tại địa điểm tổ chức lễ vào thời điểm nào?,Sinh viên phải có mặt từ 07h45 để ổn định chỗ ngồi và điểm danh trước khi bắt đầu buổi lễ.,,
TB_48,Hình thức đăng ký tham dự Lễ tốt nghiệp năm 2023 - đợt 1 được thực hiện như thế nào?,"Sinh viên đăng ký tham dự bằng cách liên hệ trực tiếp phòng Quản lý Đào tạo và Công tác Sinh viên (QLĐT&CTSV), có thể nhờ người thân, bạn bè đến đăng ký và nộp lệ phí trực tiếp.",,
TB_48,Mức lệ phí tham dự Lễ tốt nghiệp và thuê lễ phục là bao nhiêu?,"Mức lệ phí tham dự Lễ tốt nghiệp và thuê lễ phục là 500.000 đồng, trong đó bao gồm tiền đặt cọc 200.000 đồng sẽ được hoàn trả sau khi trả lại lễ phục nguyên vẹn.",,
TB_48,Lệ phí tham dự Lễ tốt nghiệp được nộp theo hình thức nào?,"Sinh viên phải nộp lệ phí trực tiếp tại thời điểm đăng ký, không chấp nhận hình thức chuyển khoản.",,
TB_48,Sinh viên có được chụp hình chân dung khi đăng ký tham dự Lễ tốt nghiệp không?,"Có, sinh viên đã đăng ký sẽ được Nhà trường chụp hình chân dung trong lễ phục tốt nghiệp để phục vụ trình chiếu trong buổi lễ.",,
TB_48,Nếu sinh viên không hoàn trả lễ phục đúng hạn thì tiền đặt cọc có được hoàn lại không?,"Không, nếu sinh viên không hoàn trả lễ phục theo thời gian quy định thì sẽ không được nhận lại tiền đặt cọc; khoản tiền này được dùng để may lễ phục mới.",,
TB_48,Mức lệ phí nhận bằng chính thức của sinh viên là bao nhiêu?,Mức lệ phí nhận bằng chính thức là 1.000.000 đồng.,,
TB_48,Thông tin tài khoản ngân hàng của Trường Đại học Bình Dương để sinh viên nộp lệ phí nhận bằng là gì?,Tên tài khoản: Trường Đại học Bình Dương; số tài khoản: 65010006888868 tại Ngân hàng BIDV - Chi nhánh Bình Dương.,,
TB_48,Nội dung sinh viên cần ghi khi chuyển khoản lệ phí nhận bằng chính thức là gì?,Nội dung chuyển khoản: [MSSV] [Họ và tên] LPTN. Ví dụ: 1234567 Nguyen Van A LPTN.,,
TB_48,Việc đăng ký tham dự Lễ tốt nghiệp năm 2023 - đợt 1 có bắt buộc không?,"Việc đăng ký tham dự Lễ tốt nghiệp là tự nguyện, sinh viên không bắt buộc phải tham gia.",,
TB_48,Sinh viên không tham dự đợt 1 có thể tham dự các đợt sau không?,"Có, sinh viên có thể đăng ký tham gia các đợt sau nếu Nhà trường có thông báo kế hoạch tổ chức.",,
TB_48,"Tại buổi Lễ tốt nghiệp, sinh viên có nhận bằng chính thức không?","Không, tại buổi Lễ tốt nghiệp chỉ trao bằng tượng trưng; sinh viên nhận bằng chính thức sau khi kết thúc buổi lễ.",,
TB_48,Thời gian hoàn trả lễ phục tốt nghiệp được quy định như thế nào?,Sinh viên hoàn trả lễ phục vào sáng ngày 04/03/2023 hoặc sáng ngày 11/03/2023.,,
TB_48,Sinh viên đạt thành tích học tập xuất sắc nhận bằng khen chính thức khi nào?,Sinh viên nhận bằng khen tượng trưng trên sân khấu; sau buổi lễ liên hệ phòng QLĐT&CTSV để nhận bằng khen chính thức.,,
TB_48,Sinh viên đăng ký tham dự Lễ nhận bằng chính thức sau buổi lễ tại thời điểm nào?,Sinh viên đã đăng ký tham dự nhận bằng chính thức ngay sau khi kết thúc buổi lễ tại phòng QLĐT&CTSV (gặp thầy Lâm Tuấn Tài).,,
TB_48,Nếu sinh viên không tham dự Lễ tốt nghiệp thì thời gian nhận bằng chính thức là khi nào?,Sinh viên không tham dự lễ sẽ nhận bằng vào thứ Ba và thứ Năm hàng tuần.,,
TB_48,Kênh liên hệ hỗ trợ thông tin về Thông báo số 48/TB-ĐHBD là gì?,Sinh viên liên hệ phòng QLĐT&CTSV qua email: daotao@bdu.edu.vn để được hỗ trợ.,,
TB_48,Ai là người ký ban hành Thông báo số 48/TB-ĐHBD?,Thông báo số 48/TB-ĐHBD do Phó Hiệu trưởng Thường trực Đỗ Doan Trang ký ban hành.,,
TB_1333,Mục đích của Thông báo số 1333/TB-ĐHBD là gì?,"Mục đích của Thông báo số 1333/TB-ĐHBD là yêu cầu các Khoa, Viện và đơn vị liên quan thuộc Trường Đại học Bình Dương báo cáo danh mục ngành và chuyên ngành đào tạo chính quy phục vụ công tác tuyển sinh năm 2025.",,
TB_1333,Đối tượng nào phải thực hiện báo cáo danh mục ngành và chuyên ngành đào tạo theo Thông báo số 1333/TB-ĐHBD?,"Các Khoa, Viện và các đơn vị trực thuộc Trường Đại học Bình Dương.",,
TB_1333,Nội dung báo cáo danh mục ngành và chuyên ngành đào tạo yêu cầu theo biểu mẫu nào?,"Nội dung báo cáo thực hiện theo mẫu đính kèm Thông báo số 1333/TB-ĐHBD, bao gồm các cột: STT, Đơn vị quản lý, Ngành đào tạo, Mã ngành, Chuyên ngành đào tạo và Mã chuyên ngành.",,
TB_1333,Hạn cuối cùng để gửi báo cáo theo Thông báo số 1333/TB-ĐHBD là khi nào?,Chậm nhất là ngày 31/10/2024.,,
TB_1333,Đơn vị nào tiếp nhận báo cáo danh mục ngành và chuyên ngành đào tạo theo Thông báo số 1333/TB-ĐHBD?,Phòng Tuyển sinh Trường Đại học Bình Dương.,,
TB_1333,Thông tin liên hệ để gửi báo cáo cho Phòng Tuyển sinh là gì?,"Liên hệ Cô Đoàn Minh Thảo, Trưởng phòng Tuyển sinh, số điện thoại 0919 010 203.",,
TB_1333,Thông báo số 1333/TB-ĐHBD yêu cầu các đơn vị triển khai công việc này như thế nào?,Thông báo yêu cầu các đơn vị nghiêm túc triển khai thực hiện báo cáo danh mục ngành và chuyên ngành đào tạo đúng hạn.,,
TB_1333,Danh mục ngành và chuyên ngành đào tạo được báo cáo theo Thông báo số 1333/TB-ĐHBD có phải là danh mục chính thức cho năm 2025 không?,Không. Danh mục này chỉ mang tính chất tham khảo và được ghi chú là thông tin 'chưa chính thức năm 2025'.,,
TB_1333,Danh sách các lĩnh vực ngành đào tạo được liệt kê tham khảo trong mẫu báo cáo bao gồm những ngành nào?,"Bao gồm các lĩnh vực: Châu Á học, Ngôn ngữ, Xã hội học, Dược học, Hóa học, Công nghệ Thực phẩm, Quản trị Kinh doanh, Kế toán, Luật Kinh tế, Luật, Logistics và Chuỗi cung ứng, Công nghệ Kỹ thuật Ô tô, Công nghệ Thông tin, Công nghệ Kỹ thuật Điện - Điện tử, Công nghệ Kỹ thuật Công trình Xây dựng, Kiến trúc.",,
TB_1333,Ai là người ký ban hành Thông báo số 1333/TB-ĐHBD?,TS. Đỗ Đoan Trang – Phó Hiệu trưởng thường trực Trường Đại học Bình Dương.,,
TB_1333,Ngày ban hành Thông báo số 1333/TB-ĐHBD là khi nào?,Thông báo số 1333/TB-ĐHBD được ban hành ngày 29 tháng 10 năm 2024.,,
TB_313,Thông báo số 313/TB-ĐHBD được ban hành dựa trên căn cứ pháp lý nào?,Thông báo số 313/TB-ĐHBD được ban hành căn cứ vào Quyết định số 551/QĐ-ĐHBD ngày 30 tháng 7 năm 2018 của Hiệu trưởng Trường Đại học Bình Dương - ông Cao Việt Hiếu về việc ban hành Quy chế đánh giá kết quả rèn luyện sinh viên hệ đại học chính quy.,,
TB_313,Mục đích của Thông báo số 313/TB-ĐHBD là gì?,Mục đích của Thông báo số 313/TB-ĐHBD là hướng dẫn triển khai việc đánh giá bổ sung kết quả rèn luyện sinh viên học kỳ 1 năm học 2023 - 2024 cho những sinh viên chưa thực hiện đánh giá ở đợt trước.,,
TB_313,Những sinh viên nào thuộc diện phải thực hiện đánh giá bổ sung theo Thông báo số 313/TB-ĐHBD?,"Đối tượng thực hiện đánh giá bổ sung bao gồm sinh viên chưa thực hiện đánh giá đợt 1 học kỳ 1 năm học 2023 - 2024, thuộc các khóa tuyển sinh năm 2023, 2022, 2021, 2020 (tất cả các ngành), và năm 2019 (chỉ đối với ngành Kiến trúc, Dược học).",,
TB_313,Sinh viên thực hiện tự đánh giá kết quả rèn luyện trên hệ thống vào thời gian nào?,Sinh viên thực hiện tự đánh giá kết quả rèn luyện trên Cổng thông tin sinh viên (sv.bdu.edu.vn) trong thời gian từ ngày 15/04/2024 đến ngày 20/04/2024.,,
TB_313,"Nhiệm vụ của Giáo viên chủ nhiệm, Cố vấn học tập và Quản nhiệm sinh viên trong giai đoạn từ 22/04/2024 đến 24/04/2024 là gì?","Trong thời gian từ 22/04/2024 đến 24/04/2024, Giáo viên chủ nhiệm, Cố vấn học tập và Quản nhiệm sinh viên tổ chức họp Ban cán sự lớp để xem xét, thông qua mức điểm rèn luyện của từng sinh viên và lập biên bản họp đánh giá.",,
TB_313,Thời gian Hội đồng Khoa tiến hành xét duyệt kết quả rèn luyện sinh viên theo Thông báo số 313/TB-ĐHBD là khi nào?,Hội đồng Khoa tiến hành họp xét duyệt kết quả rèn luyện sinh viên cấp Khoa trong thời gian từ ngày 25/04/2024 đến ngày 27/04/2024.,,
TB_313,Các Khoa phải hoàn tất việc gửi hồ sơ đánh giá rèn luyện về Phòng Quản lý Đào tạo và Công tác Sinh viên trong khoảng thời gian nào?,Các Khoa gửi hồ sơ đánh giá (gồm file mềm và file văn bản có chữ ký xác nhận của Ban chủ nhiệm Khoa/Viện) về Phòng Quản lý Đào tạo và Công tác Sinh viên từ ngày 29/04/2024 đến ngày 07/05/2024.,,
TB_313,Hồ sơ đánh giá rèn luyện gửi về Phòng Quản lý Đào tạo và Công tác Sinh viên bao gồm những thành phần gì?,"Hồ sơ đánh giá bao gồm file mềm (word, excel) và file văn bản có chữ ký xác nhận của Ban chủ nhiệm Khoa/Viện, kèm theo các biểu mẫu văn bản đính kèm trong Thông báo số 313/TB-ĐHBD.",,
TB_313,Địa chỉ email tiếp nhận file mềm hồ sơ đánh giá rèn luyện là gì?,File mềm hồ sơ đánh giá rèn luyện được gửi về địa chỉ email: daotao@bdu.edu.vn.,,
TB_313,Kết quả điểm rèn luyện sinh viên học kỳ 1 năm học 2023 - 2024 được sử dụng cho mục đích gì?,"Kết quả điểm rèn luyện được sử dụng làm căn cứ để xét điều kiện học tiếp, xét tốt nghiệp, xét khen thưởng năm học và xét học bổng (nếu có) cho sinh viên.",,
TB_313,"Trong trường hợp có vướng mắc khi thực hiện đánh giá rèn luyện, các cá nhân và đơn vị liên hệ với bộ phận nào để được hỗ trợ?","Sinh viên, các Khoa, Giáo viên chủ nhiệm, Cố vấn học tập, Quản nhiệm sinh viên và Ban cán sự các lớp liên hệ qua email daotao@bdu.edu.vn để được Phòng Quản lý Đào tạo và Công tác Sinh viên hỗ trợ kịp thời.",,
TB_313,Danh sách sinh viên cần đánh giá bổ sung kèm theo Thông báo số 313/TB-ĐHBD gồm bao nhiêu sinh viên?,"Danh sách đính kèm Thông báo số 313/TB-ĐHBD bao gồm 778 sinh viên chưa thực hiện đánh giá rèn luyện, tất cả đều có ghi chú 'SV không đánh giá'.",,
TB_313,Thông báo số 313/TB-ĐHBD được ban hành vào ngày nào?,Thông báo số 313/TB-ĐHBD được ban hành vào ngày 15 tháng 4 năm 2024.,,
TB_313,Cơ quan nào ban hành Thông báo số 313/TB-ĐHBD?,Thông báo số 313/TB-ĐHBD do Trường Đại học Bình Dương ban hành.,,
KH_386,Mục đích tổ chức Lễ tốt nghiệp năm 2023 (đợt 2) của Trường Đại học Bình Dương là gì?,"Mục đích của Lễ tốt nghiệp năm 2023 (đợt 2) là ghi nhận và tôn vinh học viên, sinh viên sau thời gian học tập và rèn luyện tại Trường Đại học Bình Dương, đồng thời tổ chức buổi lễ trang trọng, ấn tượng, tinh gọn thủ tục nhưng vẫn đảm bảo tính trang trọng.",,
KH_386,Những đối tượng nào được tham gia Lễ tốt nghiệp năm 2023 (đợt 2) của Trường Đại học Bình Dương?,"Đối tượng tham gia bao gồm: nghiên cứu sinh, học viên cao học, sinh viên xét và được công nhận tốt nghiệp đợt 1 năm 2023; học viên cao học, sinh viên tốt nghiệp các đợt trước năm 2023 nhưng chưa tham dự các lễ tốt nghiệp trước đó.",,
KH_386,Lễ tốt nghiệp năm 2023 (đợt 2) của Trường Đại học Bình Dương được tổ chức vào thời gian và địa điểm nào?,"Lễ tốt nghiệp được tổ chức vào sáng ngày 10/6/2023 (thứ Bảy), tại Nhà hát sinh viên (Hội trường I, lầu IV khu A), Trường Đại học Bình Dương.",,
KH_386,Thành phần Ban chỉ đạo Lễ tốt nghiệp năm 2023 (đợt 2) của Trường Đại học Bình Dương gồm những ai?,"Ban chỉ đạo gồm: Ông Cao Việt Hiếu (Hiệu trưởng - Trưởng ban), Bà Đỗ Đoan Trang (Phó Hiệu trưởng thường trực - Phó Trưởng ban thường trực), Ông Lê Văn Cường (Phó Hiệu trưởng - Phó Trưởng ban).",,
KH_386,Ai là thành phần Ban tổ chức Lễ tốt nghiệp năm 2023 (đợt 2) của Trường Đại học Bình Dương?,"Ban tổ chức gồm: Bà Đỗ Đoan Trang (Phó Hiệu trưởng thường trực - Trưởng ban), cùng đại diện lãnh đạo các phòng: Phòng QLĐT&CTSV, Phòng BĐCL&KT, Phòng Tổng hợp, Phòng Nhân viên, Phòng Kế toán và Bí thư Đoàn Thanh niên.",,
KH_386,Thành phần tham dự Lễ tốt nghiệp năm 2023 (đợt 2) bao gồm những đối tượng nào?,"Thành phần tham dự gồm: khách mời, cán bộ, nhân viên, giảng viên Trường Đại học Bình Dương, cựu học viên, sinh viên đã tốt nghiệp các khóa và có đăng ký tham dự buổi lễ.",,
KH_386,Lễ tốt nghiệp năm 2023 (đợt 2) bắt đầu với hoạt động gì và vào khung giờ nào?,Lễ tốt nghiệp bắt đầu với việc ổn định vị trí chỗ ngồi và hướng dẫn nhận bằng trên sân khấu từ 06h45 đến 07h30.,,
KH_386,Chương trình văn nghệ chào mừng và giới thiệu công tác tuyển sinh năm 2023 diễn ra khi nào?,Chương trình văn nghệ chào mừng và giới thiệu công tác tuyển sinh năm 2023 diễn ra từ 07h30 đến 08h00.,,
KH_386,"Việc công bố Quyết định khen thưởng sinh viên xuất sắc, giỏi toàn khóa học diễn ra vào thời gian nào?","Việc công bố Quyết định khen thưởng sinh viên xuất sắc, giỏi toàn khóa học diễn ra vào 08h35.",,
KH_386,Trao bằng tốt nghiệp cho sinh viên được tiến hành vào thời điểm nào?,Việc trao bằng tốt nghiệp được tiến hành vào lúc 09h10.,,
KH_386,Lễ bế mạc Lễ tốt nghiệp năm 2023 (đợt 2) dự kiến diễn ra vào lúc nào?,Lễ bế mạc dự kiến diễn ra vào lúc 11h00.,,
KH_386,Nhiệm vụ của các Khoa/Viện/Trung tâm trong công tác tổ chức Lễ tốt nghiệp năm 2023 (đợt 2) là gì?,"Các Khoa/Viện/Trung tâm có nhiệm vụ thông báo cho cựu học viên, sinh viên; cung cấp danh sách người trao bằng; ổn định vị trí, điểm danh sinh viên; quản lý việc nhận/trả lễ phục và hướng dẫn sinh viên lên sân khấu nhận bằng.",,
KH_386,Phòng QLĐT&CTSV có những nhiệm vụ gì trong công tác tổ chức Lễ tốt nghiệp năm 2023 (đợt 2)?,"Phòng QLĐT&CTSV chịu trách nhiệm: hướng dẫn đăng ký tham dự, tổ chức thuê lễ phục, chụp ảnh chân dung từ 24/5/2023 - 06/6/2023, thu hồi lễ phục từ 10/6/2023 - 17/6/2023, hoàn tất danh sách khen thưởng, xây dựng kịch bản tổng thể buổi lễ, bố trí sơ đồ chỗ ngồi, phối hợp chuẩn bị tài liệu, giấy khen, bằng tốt nghiệp.",,
KH_386,Thời gian thực hiện thuê lễ phục tốt nghiệp và chụp ảnh chân dung cho Lễ tốt nghiệp năm 2023 (đợt 2) là khi nào?,Từ ngày 24/5/2023 đến ngày 06/6/2023.,,
KH_386,Địa điểm chụp ảnh chân dung tốt nghiệp của sinh viên Trường Đại học Bình Dương là ở đâu?,Sinh viên chụp ảnh chân dung tại Studio Trường Đại học Bình Dương (cổng sau Trường).,,
KH_386,Phòng Tổng hợp đảm nhiệm những nhiệm vụ gì trong công tác tổ chức Lễ tốt nghiệp năm 2023 (đợt 2)?,"Phòng Tổng hợp đảm nhiệm: liên hệ cán bộ giảng viên, bố trí nhân sự âm thanh ánh sáng, phối hợp thủ tục trao bằng, in giấy khen, chuẩn bị khách mời, bàn đại biểu, nước, hoa, lập dự trù kinh phí và phối hợp kiểm tra an ninh.",,
KH_386,Phòng Ban Thông tin - Truyền thông có nhiệm vụ gì trong Lễ tốt nghiệp năm 2023 (đợt 2)?,"Phòng Ban Thông tin - Truyền thông chịu trách nhiệm: đưa tin sự kiện lên các kênh truyền thông của Trường, chủ trì công tác chụp ảnh, lưu trữ dữ liệu, thiết kế thư mời, trình chiếu video giới thiệu hoạt động của Nhà trường.",,
KH_386,Phòng Tài chính - Kế toán thực hiện những công việc gì liên quan đến kinh phí và lệ phí tốt nghiệp trong Lễ tốt nghiệp năm 2023 (đợt 2)?,Phòng Tài chính - Kế toán trình phê duyệt chi phí liên quan đến tổ chức buổi lễ và thu lệ phí nhận bằng tốt nghiệp theo quy định từ ngày 24/5/2023 đến ngày 10/6/2023.,,
KH_386,Đoàn Thanh niên đảm nhiệm những nhiệm vụ gì trong Lễ tốt nghiệp năm 2023 (đợt 2)?,"Đoàn Thanh niên phối hợp tuyên truyền ý nghĩa buổi lễ, tổ chức chương trình văn nghệ chào mừng, hỗ trợ chuẩn bị lễ tân sân khấu và điều phối cựu sinh viên phát biểu.",,
KH_386,Tiến độ thực hiện các công tác chuẩn bị cho Lễ tốt nghiệp năm 2023 (đợt 2) trong ngày 23-24/5/2023 là gì?,"Trong hai ngày 23-24/5/2023, các đơn vị hoàn tất thông báo đăng ký tham dự lễ và công bố kế hoạch truyền thông cho sự kiện.",,
KH_386,Các công tác chuẩn bị diễn ra trong giai đoạn từ ngày 02/6/2023 đến 07/6/2023 bao gồm những việc gì?,"Giai đoạn từ 02/6/2023 đến 07/6/2023: tổng hợp danh sách khen thưởng, kiểm tra cơ sở vật chất, tổng duyệt chương trình, hoàn thiện kịch bản, in bằng khen và chuẩn bị các nội dung lễ tân.",,
KH_386,Sinh viên cần lưu ý những gì khi tham gia Lễ tốt nghiệp năm 2023 (đợt 2)?,"Sinh viên cần đến đúng giờ, mặc trang phục phù hợp, hoàn thành các khoản lệ phí, trả lễ phục đúng hạn và mang đầy đủ giấy tờ tùy thân khi nhận bằng tốt nghiệp.",,
KH_386,Ai là người ký duyệt Kế hoạch tổ chức Lễ tốt nghiệp năm 2023 (đợt 2) của Trường Đại học Bình Dương?,TS. Đỗ Đoan Trang - Phó Hiệu trưởng thường trực Trường Đại học Bình Dương ký duyệt Kế hoạch tổ chức Lễ tốt nghiệp năm 2023 (đợt 2).,,
KH_09,"Kế hoạch đánh giá giờ giảng học kỳ II, năm học 2023-2024 của Trường Đại học Bình Dương được lập dựa trên quy định nào?","Kế hoạch đánh giá giờ giảng học kỳ II, năm học 2023-2024 của Trường Đại học Bình Dương được lập dựa trên Quyết định số 196/QĐ-ĐHBD ngày 02 tháng 5 năm 2018 về việc ban hành Quy định dự giờ giảng viên.",,
KH_09,"Mục đích chính của việc đánh giá giờ giảng học kỳ II, năm học 2023-2024 là gì?","Mục đích chính của việc đánh giá là: đánh giá thường xuyên hoạt động giảng dạy của Trường Đại học Bình Dương, góp phần nâng cao chất lượng đào tạo và kịp thời phát hiện, điều chỉnh, bổ sung những bất cập, hạn chế của giảng viên trong quá trình giảng dạy.",,
KH_09,"Những yêu cầu cụ thể nào được đặt ra trong Kế hoạch đánh giá giờ giảng học kỳ II, năm học 2023-2024 để đảm bảo quá trình đánh giá hiệu quả?","Các yêu cầu cụ thể bao gồm: thực hiện đầy đủ lịch dự giờ đã được ban hành; bảo đảm thời gian dự giờ đúng quy định; bảo đảm đủ, đúng số lượng và thành phần tham gia dự giờ theo kế hoạch; trung thực, khách quan, công bằng trong quá trình đánh giá; phối hợp chặt chẽ giữa các Phòng chuyên môn, Khoa, Viện để hoạt động đánh giá đạt kết quả.",,
KH_09,"Căn cứ nào được sử dụng để tiến hành đánh giá giờ giảng trong học kỳ II, năm học 2023-2024 tại Trường Đại học Bình Dương?","Việc đánh giá giờ giảng được căn cứ vào các nội dung đánh giá thực hiện bằng phiếu đánh giá theo mẫu của Trường Đại học Bình Dương, được quy định tại Quyết định số 196/QĐ-ĐHBD ngày 02/5/2018.",,
KH_09,"Hội đồng đánh giá giờ giảng học kỳ II, năm học 2023-2024 của Trường Đại học Bình Dương bao gồm những thành phần nào?","Hội đồng đánh giá bao gồm: Đại diện lãnh đạo các Khoa (Chủ tịch Hội đồng của Khoa), Đại diện Phòng Quản lý đào tạo và Công tác sinh viên (Thành viên), Đại diện Phòng Bảo đảm chất lượng và Khảo thí (Thành viên), Đại diện giảng viên cơ hữu của Khoa (Thư ký).",,
KH_09,"Trách nhiệm của giảng viên được dự giờ trong học kỳ II, năm học 2023-2024 là gì?","Giảng viên được dự giờ có trách nhiệm chuẩn bị đầy đủ giáo án (đề cương bài giảng), tài liệu, phương tiện giảng dạy và cung cấp cho các thành viên dự giờ trước buổi dự giờ; có thái độ cầu thị, tiếp thu nghiêm túc các góp ý, xây dựng kế hoạch khắc phục và chương trình hành động để hoàn thiện những hạn chế thiếu sót sau buổi dự giờ.",,
KH_09,"Trách nhiệm của Hội đồng và các thành viên tham gia đánh giá giờ giảng trong học kỳ II, năm học 2023-2024 là gì?","Hội đồng và các thành viên có trách nhiệm đánh giá giờ giảng theo quy định của Nhà trường, đóng góp ý kiến chính xác, khách quan về chất lượng giờ giảng và hoàn thiện đầy đủ các thủ tục, trình báo cáo Hội đồng sau khi hoàn thành công tác dự giờ.",,
KH_09,"Lịch trình dự giờ giảng viên trong học kỳ II, năm học 2023-2024 tại Trường Đại học Bình Dương bao gồm những thông tin gì?","Lịch trình dự giờ giảng viên bao gồm: Số thứ tự, Họ và tên giảng viên, Môn giảng dạy, Lớp - Nhóm, Phòng, Ngày dự giờ (từ ngày 08/01/2024 đến 08/05/2024), Tiết học (từ tiết 1 đến tiết 9), và Đơn vị phụ trách (các Khoa hoặc Viện).",,
KH_09,"Ai là người ký ban hành Kế hoạch đánh giá giờ giảng học kỳ II, năm học 2023-2024 của Trường Đại học Bình Dương?","Kế hoạch đánh giá giờ giảng học kỳ II, năm học 2023-2024 của Trường Đại học Bình Dương được ký ban hành bởi Hiệu trưởng Cao Việt Hiếu.",,
KH_09,"Kế hoạch đánh giá giờ giảng học kỳ II, năm học 2023-2024 của Trường Đại học Bình Dương được phân phối đến những đơn vị nào?","Kế hoạch được phân phối đến: Ban Giám hiệu (để báo cáo), các Khoa, Viện (để tổ chức thực hiện), đồng thời lưu tại Trung tâm Đào tạo và Công tác Sinh viên (TL&TV) và Văn phòng (HPien).",,
KH_167,Lễ tốt nghiệp lần I năm 2024 của Trường Đại học Bình Dương được tổ chức nhằm mục đích gì?,"Lễ tốt nghiệp lần I năm 2024 được tổ chức nhằm ghi nhận và tôn vinh các học viên, sinh viên đã hoàn thành chương trình đào tạo; vinh danh thành tựu học tập của cá nhân, tập thể và nhà trường; đồng thời tổ chức sự kiện một cách trang trọng, ấn tượng, tinh gọn nhưng vẫn đảm bảo an ninh, an toàn.",,
KH_167,Những đối tượng nào được tham gia Lễ tốt nghiệp lần I năm 2024 của Trường Đại học Bình Dương?,"Đối tượng tham gia gồm: học viên cao học, sinh viên tốt nghiệp đợt 4 năm 2023 và đủ điều kiện công nhận cấp bằng tốt nghiệp đợt 1 năm 2024; nghiên cứu sinh, học viên cao học, sinh viên tốt nghiệp các đợt trước chưa tham gia; khách mời, cán bộ, nhân viên, giảng viên; cựu học viên, sinh viên đã tốt nghiệp các khóa và đăng ký tham dự lễ.",,
KH_167,Lễ tốt nghiệp lần I năm 2024 của Trường Đại học Bình Dương diễn ra vào thời gian và địa điểm nào?,"Lễ tốt nghiệp được tổ chức vào Thứ Bảy, ngày 27/4/2024 tại Nhà hát sinh viên (Hội trường I, lầu IV khu A), Trường Đại học Bình Dương.",,
KH_167,Chương trình chi tiết của Lễ tốt nghiệp lần I năm 2024 bao gồm những nội dung gì?,"Chương trình gồm: 06h45-07h30 ổn định chỗ ngồi, hướng dẫn nhận bằng; 07h30-07h45 văn nghệ chào mừng; 07h45 chào cờ, tuyên bố lý do; 07h50 phát biểu Ban Giám hiệu; 07h55 phát biểu đại diện sinh viên; 08h00 công bố quyết định khen thưởng; 08h20 công bố quyết định công nhận tốt nghiệp; 08h25 nghi thức tuyên thệ; 08h30 trao bằng tốt nghiệp; 09h30 bế mạc.",,
KH_167,Ban chỉ đạo và Ban tổ chức Lễ tốt nghiệp lần I năm 2024 của Trường Đại học Bình Dương gồm những ai?,"Ban chỉ đạo gồm: Ông Cao Việt Hiếu (Trưởng ban), Bà Đỗ Đoan Trang (Phó Trưởng ban thường trực); Ban tổ chức gồm: Ông Lê Văn Cường (Phó Trưởng ban) và đại diện các phòng ban: Tổng hợp, Đảm bảo chất lượng & Kiểm định, Thanh tra - Pháp chế & Kiểm toán nội bộ, Quản lý đào tạo & Công tác sinh viên, Kế toán trưởng.",,
KH_167,Phòng Quản lý Đào tạo & Công tác Sinh viên đảm nhiệm những công việc gì trong Lễ tốt nghiệp lần I năm 2024?,"Phòng Quản lý Đào tạo & Công tác Sinh viên thực hiện thông báo quy trình đăng ký tham dự lễ; tổ chức đăng ký và thu phí tham dự từ 08/4/2024 đến sáng 17/4/2024; tổ chức chụp ảnh chân dung; hoàn thiện quyết định khen thưởng; in giấy khen, danh sách, thư mời; xây dựng kịch bản trao bằng; chuẩn bị video clip, hình ảnh; điều phối sinh viên trên sân khấu; in bằng tốt nghiệp và phụ lục văn bằng; khảo sát ý kiến sinh viên sau lễ.",,
KH_167,Ban Thông tin - Truyền thông có nhiệm vụ gì trong quá trình tổ chức Lễ tốt nghiệp lần I năm 2024?,"Ban Thông tin - Truyền thông đưa tin và truyền thông sự kiện trên các kênh chính thức của Trường; thiết kế thư mời, banner, backdrop, ấn phẩm truyền thông; chụp ảnh và thu thập hình ảnh của sinh viên trong buổi lễ.",,
KH_167,Phòng Tổng hợp chịu trách nhiệm thực hiện những nhiệm vụ gì trong Lễ tốt nghiệp lần I năm 2024?,"Phòng Tổng hợp chịu trách nhiệm bố trí nhân sự phụ trách âm thanh, ánh sáng; chuẩn bị giấy khen, thư mời; lên lịch làm việc cho cán bộ, giảng viên tham dự; chuẩn bị cơ sở vật chất như bàn, ghế, nước, hoa.",,
KH_167,"Công tác đảm bảo an ninh, trật tự trong Lễ tốt nghiệp lần I năm 2024 được phân công cho đơn vị nào?","Phòng Thanh tra - Pháp chế và Kiểm toán nội bộ phối hợp với Phòng Tổng hợp đảm bảo an ninh trật tự, giao thông, phương tiện trong và ngoài khuôn viên Trường trong suốt thời gian diễn ra buổi lễ.",,
KH_167,Các mốc thời gian chính trong quá trình chuẩn bị tổ chức Lễ tốt nghiệp lần I năm 2024 là gì?,"Các mốc thời gian chính bao gồm: đến 11/3/2024 hoàn tất thông báo đăng ký; đến 20/3/2024 rà soát kế hoạch; từ 08/4/2024 đến sáng 17/4/2024 thực hiện đăng ký, thu phí, chụp ảnh; từ 08/4/2024 đến sáng 22/4/2024 tổng hợp danh sách, kiểm tra cơ sở vật chất, in giấy khen; ngày 27/4/2024 tổ chức Lễ trao bằng.",,
KH_167,"Những lưu ý quan trọng dành cho học viên, sinh viên tham dự Lễ tốt nghiệp lần I năm 2024 là gì?","Học viên, sinh viên cần tuân thủ đầy đủ thời gian, quy định của Nhà trường; kiểm tra phí thuê lễ phục, phí nhận bằng, thời gian hoàn trả lễ phục; khi nhận bằng phải ký biên bản giao nhận và hoàn tất các khoản phí theo yêu cầu.",,
KH_44,Lễ trao bằng tốt nghiệp năm 2023 (đợt 1) của Trường Đại học Bình Dương được tổ chức vào thời gian và địa điểm nào?,"Lễ trao bằng tốt nghiệp năm 2023 (đợt 1) được tổ chức vào sáng ngày 04/3/2023 (Thứ Bảy) tại Nhà hát sinh viên, Hội trường I, lầu IV khu A của Trường Đại học Bình Dương.",,
KH_44,Mục đích chính của Lễ trao bằng tốt nghiệp năm 2023 (đợt 1) tại Trường Đại học Bình Dương là gì?,"Mục đích chính là ghi nhận và tôn vinh thành tích học tập, rèn luyện của sinh viên tốt nghiệp, đồng thời tạo ra một sự kiện trang trọng, ấn tượng, mang lại niềm vinh dự và tự hào cho sinh viên, gia đình và nhà trường.",,
KH_44,Thành phần Ban chỉ đạo tổ chức Lễ trao bằng tốt nghiệp năm 2023 (đợt 1) tại Trường Đại học Bình Dương gồm những ai?,"Ban chỉ đạo gồm Hiệu trưởng ông Cao Việt Hiếu, Phó Hiệu trưởng thường trực bà Đỗ Đoan Trang và Phó Hiệu trưởng ông Lê Văn Cường.",,
KH_44,Những đối tượng được tham dự Lễ trao bằng tốt nghiệp năm 2023 (đợt 1) tại Trường Đại học Bình Dương là ai?,"Đối tượng tham dự bao gồm khách mời, cán bộ, nhân viên, giảng viên, cựu học viên, sinh viên tốt nghiệp các khóa đã hoàn tất đăng ký tham dự buổi lễ theo quy định.",,
KH_44,Hoạt động đầu tiên trong chương trình Lễ trao bằng tốt nghiệp năm 2023 (đợt 1) của Trường Đại học Bình Dương là gì?,Hoạt động đầu tiên là ổn định vị trí chỗ ngồi cho sinh viên và hướng dẫn nhận bằng tốt nghiệp trên sân khấu.,,
KH_44,Hoạt động khen thưởng sinh viên có thành tích xuất sắc diễn ra vào thời điểm nào trong chương trình Lễ trao bằng tốt nghiệp năm 2023 (đợt 1)?,"Hoạt động khen thưởng sinh viên có thành tích xuất sắc diễn ra ngay sau phần phát biểu cảm nghĩ của đại diện cựu học viên, sinh viên tốt nghiệp.",,
KH_44,"Các Khoa, Viện, Trung tâm tại Trường Đại học Bình Dương có nhiệm vụ gì trong công tác tổ chức Lễ trao bằng tốt nghiệp năm 2023 (đợt 1)?","Các Khoa, Viện, Trung tâm có nhiệm vụ thông báo đến sinh viên, lập danh sách sinh viên đủ điều kiện tham dự, đảm bảo trật tự trong quá trình trao bằng và phối hợp điều hành buổi lễ.",,
KH_44,Phòng Quản lý Đào tạo và Công tác Sinh viên có nhiệm vụ gì trong việc tổ chức Lễ trao bằng tốt nghiệp năm 2023 (đợt 1)?,"Phòng Quản lý Đào tạo và Công tác Sinh viên có nhiệm vụ quản lý quy trình đăng ký tham dự lễ, thu lệ phí tốt nghiệp và phụ thu, tổ chức chụp ảnh chân dung cho sinh viên, chuẩn bị lễ tân sân khấu và phối hợp chuẩn bị văn bằng tốt nghiệp.",,
KH_44,Ban Văn hóa - Truyền thông thực hiện những công tác gì trong Lễ trao bằng tốt nghiệp năm 2023 (đợt 1)?,"Ban Văn hóa - Truyền thông chịu trách nhiệm đưa tin, tường thuật trực tiếp sự kiện, liên hệ với các cơ quan truyền thông, chuẩn bị chương trình văn nghệ chào mừng, chụp ảnh, quay phim, làm video giới thiệu, thiết kế thư mời và trang trí sân khấu.",,
KH_44,Phòng Tổng hợp có trách nhiệm gì về công tác hậu cần và điều phối Lễ trao bằng tốt nghiệp năm 2023 (đợt 1)?,"Phòng Tổng hợp phụ trách lập kế hoạch làm việc, thông báo đến các bộ phận tham gia, chuẩn bị âm thanh, ánh sáng, phối hợp với các đơn vị chuẩn bị lễ phục, bằng tốt nghiệp, danh sách khen thưởng và công tác đón tiếp khách mời.",,
KH_44,Thời gian đăng ký tham dự và thuê lễ phục tốt nghiệp cho Lễ trao bằng tốt nghiệp năm 2023 (đợt 1) là khi nào?,Thời gian đăng ký tham dự và thuê lễ phục tốt nghiệp diễn ra từ ngày 13/02/2023 đến ngày 21/02/2023.,,
KH_44,Ai là người chịu trách nhiệm tổng điều phối chương trình và dẫn chương trình trong Lễ trao bằng tốt nghiệp năm 2023 (đợt 1)?,"Ông Nguyễn Ngọc Chiến được giao nhiệm vụ tổng điều phối chương trình buổi lễ và dẫn chương trình, công bố các quyết định trong Lễ trao bằng tốt nghiệp năm 2023 (đợt 1).",,
KH_386,Mục đích của việc tổ chức Lễ tốt nghiệp đợt 2 năm 2023 là gì?,"Mục đích là để ghi nhận và tôn vinh học viên, sinh viên tốt nghiệp các khóa sau thời gian học tập và rèn luyện tại trường, tổ chức buổi lễ trang trọng, ấn tượng nhưng vẫn tinh gọn các thủ tục.",,
KH_386,Những đối tượng nào được tham gia Lễ tốt nghiệp đợt 2?,"Nghiên cứu sinh, học viên cao học, sinh viên xét và được công nhận tốt nghiệp đợt 1 năm 2023, và học viên cao học, sinh viên tốt nghiệp các đợt trước năm 2023 nhưng chưa tham dự Lễ tốt nghiệp.",,
KH_386,Lễ tốt nghiệp đợt 2 sẽ được tổ chức vào thời gian nào?,Lễ sẽ được tổ chức vào sáng ngày 10/6/2023 (thứ Bảy).,,
KH_386,Địa điểm tổ chức Lễ tốt nghiệp đợt 2 là ở đâu?,"Địa điểm tổ chức là Nhà hát sinh viên (Hội trường 1, lầu IV khu A).",,
KH_386,Ban chỉ đạo tổ chức Lễ tốt nghiệp đợt 2 bao gồm những ai?,"Ban chỉ đạo bao gồm Hiệu trưởng, Phó Hiệu trưởng thường trực và Phó Hiệu trưởng.",,
KH_386,Phó Hiệu trưởng thường trực có vai trò gì trong Ban tổ chức lễ tốt nghiệp đợt 2?,Phó Hiệu trưởng thường trực - Đỗ Đoan Trang là Trưởng ban tổ chức.,,
KH_386,Thành phần tham dự Lễ tốt nghiệp đợt 2 gồm những ai?,"Thành phần tham dự gồm khách mời, cán bộ, nhân viên, giảng viên Trường, và cựu học viên, sinh viên đã tốt nghiệp các khóa và có đăng ký tham dự Lễ tốt nghiệp.",,
KH_386,Lịch trình dự kiến của Lễ trao bằng tốt nghiệp đợt 2 năm 2023 bắt đầu và kết thúc lúc mấy giờ?,Lễ bắt đầu từ 06h45 với việc ổn định chỗ ngồi và kết thúc bằng bế mạc vào 11h00.,,
KH_386,"Khoa/Viện/Trung tâm có học viên, sinh viên dự Lễ tốt nghiệp đợt 2 năm 2023 có cần cử lãnh đạo tham gia trao bằng không?","Có, các Khoa/Viện/Trung tâm có học viên, sinh viên đăng ký dự lễ phải có lãnh đạo tham gia trao bằng tốt nghiệp.",,
KH_386,Thời gian thực hiện thủ tục thuê lễ phục tốt nghiệp (đợt 2 năm 2023) là khi nào?,Thực hiện thủ tục thuê lễ phục tốt nghiệp từ ngày 24/5/2023 đến ngày 06/6/2023 (sáng).,,
KH_386,"Học viên, sinh viên có thể chụp ảnh chân dung với lễ phục tốt nghiệp (đợt 2 năm 2023) ở đâu và khi nào?","Tại Studio Trường Đại học Bình Dương (cổng sau Trường), từ ngày 24/5/2023 đến ngày 06/6/2023 sau khi thuê lễ phục tại phòng QLĐT&CTSV.",,
KH_386,"Khi nào học viên, sinh viên có thể thu lễ phục tốt nghiệp và hoàn trả thế chân (đợt 2 năm 2023)?",Từ ngày 10/6/2023 (sáng).,,
KH_386,Ban Văn hóa – Truyền thông có trách nhiệm gì về công tác truyền thông sự kiện lễ tốt nghiệp đợt 2 năm 2023 ?,Ban Văn hóa – Truyền thông đưa tin trực tiếp sự kiện lên các kênh truyền thông của Nhà trường và liên hệ các cơ quan truyền thông.,,
KH_386,Phòng Tổng hợp có những nhiệm vụ chính nào trong việc tổ chức lễ tốt nghiệp đợt 2 năm 2023?,"Phòng Tổng hợp đảm bảo hậu cần, an ninh, âm thanh ánh sáng, điều hành tổng thể buổi lễ và các nhiệm vụ phối hợp khác.",,
KH_386,Phòng Tài chính - Kế toán có trách nhiệm gì liên quan đến lệ phí tốt nghiệp đợt 2 năm 2023?,Phòng Tài chính - Kế toán trình duyệt thanh toán các công tác liên quan và thu lệ phí nhận bằng từ ngày 24/5 đến sáng 10/6/2023.,,
KH_386,Đoàn Thanh niên có vai trò gì trong việc tổ chức văn nghệ chào mừng lễ tốt nghiệp đợt 2 năm 2023?,Đoàn Thanh niên chủ trì phối hợp các đơn vị tổ chức chương trình văn nghệ chào mừng mang đậm bản sắc văn hóa dân tộc Việt Nam.,,
KH_386,Ông Nguyễn Ngọc Chiến chịu trách nhiệm chính về những công việc gì cho lễ tốt nghiệp đợt 2 năm 2023?,"Ông Nguyễn Ngọc Chiến chịu trách nhiệm viết kịch bản chương trình, công bố quyết định khen thưởng và điều phối nghi thức buổi lễ.",,
KH_386,Sinh viên cần lưu ý điều gì khi tham gia Lễ tốt nghiệp đợt 2 năm 2023?,"Sinh viên cần tập trung đúng giờ, mặc trang phục phù hợp, mang đầy đủ giấy tờ tùy thân để đối chiếu khi nhận bằng.",,
KH_386,Ai là người ký Kế hoạch tổ chức Lễ tốt nghiệp đợt 2 năm 2023?,TS. Đỗ Đoan Trang – Phó Hiệu trưởng thường trực Trường Đại học Bình Dương là người ký Kế hoạch tổ chức Lễ tốt nghiệp đợt 2 năm 2023.,,
KH_428,Kế hoạch tập huấn nâng cao năng lực khảo sát đánh giá trên Cổng thông tin sinh viên của Trường Đại học Bình Dương có mục đích gì?,"Kế hoạch nhằm hướng dẫn, tập huấn sử dụng hiệu quả tính năng Khảo sát đánh giá trên hệ thống quản lý đào tạo Edusoft.Net và Cổng thông tin sinh viên, đồng thời nâng cao kỹ năng nghiệp vụ cho cán bộ, nhân viên Phòng Tuyển sinh, giảng viên, giáo viên chủ nhiệm và các nhân sự liên quan trong quá trình thực hiện nhiệm vụ.",,
KH_428,Những đối tượng nào được triệu tập tham dự kế hoạch tập huấn nâng cao năng lực khảo sát đánh giá tại Trường Đại học Bình Dương?,"Đối tượng tham dự bao gồm: Phòng Quản lý Đào tạo & Công tác Sinh viên; cán bộ, nhân viên tư vấn, chăm sóc sinh viên thuộc Phòng Tuyển sinh; giáo viên các ngành hệ đại học; giáo viên chủ nhiệm, cố vấn học tập các lớp hệ Đại học chính quy; trợ lý, thư ký các Khoa/Viện đào tạo; và các thành viên khác theo phân công của lãnh đạo đơn vị.",,
KH_428,Thời gian tổ chức buổi tập huấn nâng cao năng lực khảo sát đánh giá tại Trường Đại học Bình Dương được ấn định vào khi nào?,Buổi tập huấn dự kiến diễn ra từ 9h00 đến 10h00 ngày 24/5/2024 (Thứ Sáu).,,
KH_428,Buổi tập huấn nâng cao năng lực khảo sát đánh giá tại Trường Đại học Bình Dương được tổ chức ở đâu?,Địa điểm tổ chức buổi tập huấn là tại Phòng A3.1.,,
KH_428,Nội dung chi tiết của buổi tập huấn nâng cao năng lực khảo sát đánh giá tại Trường Đại học Bình Dương bao gồm những gì?,Nội dung tập huấn bao gồm: phân tích tính năng Khảo sát đánh giá; hướng dẫn thực hiện tính năng khảo sát đánh giá trên phần mềm Edusoft.Net; hướng dẫn kỹ năng khảo sát đánh giá trên Cổng thông tin sinh viên; và thực hiện trao đổi các nội dung công việc thường xuyên bằng phương pháp trực tiếp và trực tuyến.,,
KH_428,Đơn vị nào chịu trách nhiệm chủ trì tổ chức kế hoạch tập huấn nâng cao năng lực khảo sát đánh giá tại Trường Đại học Bình Dương?,"Phòng Quản lý Đào tạo & Công tác Sinh viên chủ trì tổ chức, cử nhân sự tập huấn, phối hợp với các đơn vị liên quan thực hiện tập huấn.",,
KH_428,"Sau khi kết thúc tập huấn, Phòng Quản lý Đào tạo & Công tác Sinh viên có trách nhiệm gì?","Phòng Quản lý Đào tạo & Công tác Sinh viên có trách nhiệm tổng hợp đánh giá, lập báo cáo kết quả thực hiện và trình Ban Giám hiệu trước ngày 31/05/2024.",,
KH_428,Trách nhiệm của các Khoa/Viện đào tạo trong kế hoạch tập huấn nâng cao năng lực khảo sát đánh giá tại Trường Đại học Bình Dương là gì?,"Các Khoa/Viện đào tạo có trách nhiệm phân công nhân sự tham gia tập huấn theo thành phần được triệu tập và thực hiện khảo sát, đánh giá theo yêu cầu của đơn vị tổ chức.",,
KH_428,"Kế hoạch tập huấn nâng cao năng lực khảo sát đánh giá tại Trường Đại học Bình Dương yêu cầu các đơn vị, cá nhân tham gia thực hiện như thế nào?","Kế hoạch yêu cầu các đơn vị, cá nhân liên quan nghiêm túc thực hiện đầy đủ nội dung, thời gian và nhiệm vụ được phân công trong quá trình triển khai tập huấn.",,
KH_444,Mục đích chính của Kế hoạch đánh giá số 444/KH-ĐHBD ngày 24/5/2024 tại Trường Đại học Bình Dương là gì?,"Mục đích chính là nâng cao chất lượng các chương trình đào tạo đại học ngành Công nghệ Kỹ thuật Ô tô, Công nghệ Thông tin, Kế toán, Luật Kinh tế và chương trình đào tạo thạc sĩ ngành Quản trị Kinh doanh; đồng thời là điều kiện cần thiết để Nhà trường đăng ký đánh giá ngoài và được công nhận đạt tiêu chuẩn chất lượng giáo dục.",,
KH_444,Phạm vi thực hiện đánh giá trong Kế hoạch đánh giá số 444/KH-ĐHBD bao gồm những hoạt động gì?,Phạm vi đánh giá bao gồm toàn bộ các hoạt động của đơn vị thực hiện chương trình đào tạo theo tiêu chuẩn đánh giá chất lượng chương trình đào tạo do Bộ Giáo dục và Đào tạo ban hành.,,
KH_444,Bộ công cụ tự đánh giá được sử dụng trong Kế hoạch đánh giá số 444/KH-ĐHBD là gì?,Bộ công cụ tự đánh giá là bộ tiêu chuẩn đánh giá chất lượng chương trình đào tạo trình độ đại học ban hành kèm theo Thông tư 04/2016/TT-BGDĐT và các văn bản hướng dẫn liên quan.,,
KH_444,Cơ cấu tổ chức Hội đồng tự đánh giá trong Kế hoạch đánh giá số 444/KH-ĐHBD gồm những thành phần nào?,"Cơ cấu tổ chức gồm Hội đồng tự đánh giá cho từng ngành đào tạo, Ban Thư ký chịu trách nhiệm biên tập, tổng hợp, và các Nhóm công tác chuyên trách (từ Nhóm 1 đến Nhóm 6) phụ trách tìm minh chứng, xử lý dữ liệu và viết báo cáo cho từng tiêu chí cụ thể.",,
KH_444,Ban Thư ký Hội đồng tự đánh giá có trách nhiệm gì trong quá trình thực hiện Kế hoạch đánh giá số 444/KH-ĐHBD?,"Ban Thư ký chịu trách nhiệm biên tập, tổng hợp các tiêu chuẩn, tiêu chí; xây dựng dự thảo báo cáo; lập kế hoạch hoạt động; giám sát tiến độ và phối hợp cùng các nhóm công tác chuyên trách hoàn thiện báo cáo tự đánh giá.",,
KH_444,Nhóm trưởng các Nhóm công tác chuyên trách thực hiện nhiệm vụ gì?,"Nhóm trưởng điều hành chung nhóm công tác, tổ chức họp nhóm, phân công nhiệm vụ, hướng dẫn tìm minh chứng, chịu trách nhiệm về kế hoạch thực hiện và chất lượng báo cáo của từng tiêu chuẩn được giao.",,
KH_444,Nhiệm vụ của thành viên các Nhóm công tác chuyên trách trong quá trình tự đánh giá là gì?,"Thành viên có trách nhiệm tìm kiếm minh chứng, xử lý dữ liệu, lập bảng mã hóa thông tin, và viết báo cáo theo từng tiêu chí được giao dưới sự phân công của Nhóm trưởng.",,
KH_444,"Trong Kế hoạch đánh giá số 444/KH-ĐHBD, khi tổ chức tập huấn nghiệp vụ tự đánh giá, thời gian và thành phần tham gia là ai?","Tập huấn nghiệp vụ tự đánh giá dự kiến tổ chức vào tháng 6 năm 2024, với sự tham gia của toàn thể Hội đồng tự đánh giá, Ban Thư ký và các Nhóm công tác chuyên trách.",,
KH_444,Nội dung chính của chương trình tập huấn nghiệp vụ tự đánh giá trong Kế hoạch đánh giá số 444/KH-ĐHBD bao gồm những gì?,"Nội dung tập huấn bao gồm: phổ biến hệ thống văn bản về tự đánh giá chương trình đào tạo; hướng dẫn quy trình, thủ tục tự đánh giá; hướng dẫn tìm kiếm, mã hóa và số hóa minh chứng; hướng dẫn viết phiếu đánh giá tiêu chí và lập báo cáo tự đánh giá.",,
KH_444,Các nguồn lực nhân sự cần huy động phục vụ công tác tự đánh giá theo Kế hoạch đánh giá số 444/KH-ĐHBD bao gồm những ai?,"Nguồn nhân sự gồm: các thành viên Hội đồng tự đánh giá, Ban Thư ký, Nhóm công tác chuyên trách, lãnh đạo các phòng/ban/khoa, chuyên viên, giảng viên, tổ chức Đảng, Đoàn, Hội sinh viên và Công đoàn.",,
KH_444,Phòng Tổng hợp có trách nhiệm gì về cơ sở vật chất phục vụ tự đánh giá theo Kế hoạch đánh giá số 444/KH-ĐHBD?,"Phòng Tổng hợp chịu trách nhiệm bố trí phòng làm việc, phòng họp cho công tác tự đánh giá và mua sắm các công cụ, dụng cụ phục vụ như văn phòng phẩm.",,
KH_444,Phòng Tài chính - Kế toán đảm nhiệm nhiệm vụ gì liên quan đến kinh phí thực hiện Kế hoạch đánh giá số 444/KH-ĐHBD?,"Phòng Tài chính - Kế toán có trách nhiệm lập dự trù kinh phí cho các hoạt động như phiên họp, tập huấn, xây dựng báo cáo, tìm kiếm minh chứng, biên tập, sửa chữa báo cáo và mua sắm văn phòng phẩm.",,
KH_444,"Các nhóm công tác, cá nhân trong quá trình tự đánh giá theo Kế hoạch đánh giá số 444/KH-ĐHBD sẽ lập Bảng danh mục minh chứng vào thời điểm nào?","Sau khi hoàn tất phân tích tiêu chí, tìm kiếm và mã hóa minh chứng, các nhóm công tác sẽ lập Bảng danh mục minh chứng dựa trên các tài liệu, dữ liệu đã thu thập.",,
KH_444,Thời gian triển khai toàn bộ nội dung của Kế hoạch đánh giá số 444/KH-ĐHBD kéo dài trong bao lâu?,"Kế hoạch triển khai từ ngày 27/5/2024 đến ngày 17/11/2024, với các giai đoạn cụ thể bao gồm họp lãnh đạo, tập huấn, thu thập minh chứng, viết báo cáo, lấy ý kiến phản biện và hoàn thiện báo cáo cuối cùng.",,
KH_444,Dự thảo báo cáo tự đánh giá trong Kế hoạch đánh giá số 444/KH-ĐHBD được công bố nội bộ để lấy ý kiến phản biện vào thời điểm nào?,"Dự thảo báo cáo tự đánh giá được công bố nội bộ trong tuần 21 và 22 (từ 14/10 đến 27/10/2024) để lấy ý kiến góp ý từ các đơn vị chức năng, bộ môn, phòng ban, giảng viên, nhân viên, người học và nhà tuyển dụng.",,
KH_444,"Sau khi hoàn thiện, Báo cáo tự đánh giá theo Kế hoạch đánh giá số 444/KH-ĐHBD được gửi đến đâu?",Hội đồng tự đánh giá hoàn thiện và nộp báo cáo cho lãnh đạo đơn vị thực hiện chương trình đào tạo và Ban Giám hiệu Trường Đại học Bình Dương.,,
KH_444,Kế hoạch đánh giá số 444/KH-ĐHBD nhấn mạnh điều gì đối với trách nhiệm của các đơn vị và cá nhân liên quan?,"Kế hoạch nhấn mạnh yêu cầu các đơn vị, cá nhân liên quan nghiêm túc thực hiện đầy đủ các nội dung công việc đúng tiến độ đã được quy định trong kế hoạch.",,
KH_680,Kế hoạch số 680/KH-ĐHBD về việc triển khai thực hiện Quy định về công khai trong hoạt động của các cơ sở giáo dục thuộc hệ thống giáo dục quốc dân được ban hành bởi đơn vị nào?,Kế hoạch số 680/KH-ĐHBD được ban hành bởi Trường Đại học Bình Dương.,,
KH_680,Căn cứ pháp lý chính của Kế hoạch số 680/KH-ĐHBD là văn bản nào của Bộ Giáo dục và Đào tạo?,Kế hoạch số 680/KH-ĐHBD căn cứ theo Thông tư số 09/2024/TT-BGDĐT ngày 06 tháng 3 năm 2024 của Bộ trưởng Bộ Giáo dục và Đào tạo.,,
KH_680,Mục đích chính của việc triển khai thực hiện Kế hoạch số 680/KH-ĐHBD là gì?,"Mục đích chính là minh bạch các thông tin liên quan đến Trường Đại học Bình Dương để giáo viên, cán bộ quản lý giáo dục, người lao động, người học, gia đình người học và toàn xã hội có thể giám sát, đồng thời thực hiện báo cáo định kỳ theo quy định của Bộ Giáo dục và Đào tạo.",,
KH_680,Các yêu cầu đối với dữ liệu cung cấp trong quá trình thực hiện Kế hoạch số 680/KH-ĐHBD là gì?,"Dữ liệu cung cấp phải chính xác, rõ ràng, đầy đủ, kịp thời và dễ tiếp cận theo đúng quy định.",,
KH_680,Thời hạn dữ liệu cần cung cấp trong Kế hoạch số 680/KH-ĐHBD bao gồm kết quả của những năm nào và đến thời điểm nào?,"Dữ liệu bao gồm kết quả năm 2024 và 2025, trong đó dữ liệu năm 2024 phải được cung cấp đến ngày 15/06/2025.",,
KH_680,Thời hạn cuối cùng các đơn vị thuộc Trường Đại học Bình Dương phải hoàn thành việc tổng hợp và cung cấp dữ liệu phục vụ Kế hoạch số 680/KH-ĐHBD là khi nào?,Trước ngày 20/6/2025.,,
KH_680,Văn bản và file mềm báo cáo trong Kế hoạch số 680/KH-ĐHBD phải được nộp về đâu và thông qua email nào?,Văn bản và file mềm phải được gửi về Phòng Đảm bảo chất lượng và Khảo thí qua email: tmdan@bdu.edu.vn.,,
KH_680,"Sau khi nhận dữ liệu báo cáo, Phòng Đảm bảo chất lượng và Khảo thí có trách nhiệm gì trong Kế hoạch số 680/KH-ĐHBD?","Phòng Đảm bảo chất lượng và Khảo thí có trách nhiệm tổng hợp, báo cáo lên Ban Giám hiệu trước ngày 30/6/2025 và gửi báo cáo cho Bộ Giáo dục và Đào tạo.",,
KH_680,Đơn vị nào chịu trách nhiệm hiển thị công khai thông tin trên trang thông tin điện tử của Trường Đại học Bình Dương theo Kế hoạch số 680/KH-ĐHBD?,Khoa Công nghệ thông tin – Robot và Trí tuệ nhân tạo chịu trách nhiệm hiển thị công khai thông tin trên trang thông tin điện tử của Trường Đại học Bình Dương.,,
KH_680,Bộ phận nào chịu trách nhiệm lưu trữ và trích lục dữ liệu phục vụ Kế hoạch số 680/KH-ĐHBD?,Bộ phận lưu trữ thuộc Phòng Tổng hợp chịu trách nhiệm lưu trữ và trích lục dữ liệu phục vụ công tác công khai thông tin.,,
KH_680,Kế hoạch số 680/KH-ĐHBD là căn cứ để các đơn vị trong Trường Đại học Bình Dương triển khai những nội dung gì?,Kế hoạch số 680/KH-ĐHBD là căn cứ để các đơn vị triển khai công tác công khai thông tin theo quy định về công khai hoạt động trong cơ sở giáo dục thuộc hệ thống giáo dục quốc dân.,,
KH_680,Những nội dung chính cần báo cáo và công khai theo Kế hoạch số 680/KH-ĐHBD bao gồm những gì?,"Nội dung báo cáo bao gồm: thông tin chung về cơ sở giáo dục, tài chính, điều kiện đảm bảo chất lượng đào tạo và nghiên cứu, hoạt động đào tạo, đội ngũ nhà giáo và nhân viên, cơ sở vật chất, kiểm định chất lượng giáo dục, kết quả tuyển sinh và đào tạo, hoạt động khoa học công nghệ và các nhiệm vụ trọng tâm khác.",,
KH_680,Ai là người ký và ban hành Kế hoạch số 680/KH-ĐHBD của Trường Đại học Bình Dương?,Kế hoạch số 680/KH-ĐHBD do Hiệu trưởng Cao Việt Hiếu ký và ban hành.,,
QD_101,Quyết định điều chỉnh số 101/QĐ-ĐHBD dành cho ai?,Dành cho đội ngũ cố vấn và giảng viên tại Trường Đại học Bình Dương.,,
QD_101,Quyết định số 101/QĐ-ĐHBD dựa trên những văn bản pháp lý nào?,"Dựa trên các quyết định như số 791/TTg, 1420/QĐ-TTg, Thông tư 09/2022, Nghị quyết 02/NQ-HNNĐT, và Quyết định số 319/QĐ-ĐHBD.",,
QD_101,"Để được giới thiệu ký hợp đồng với Trường Đại học Bình Dương, nhân sự cần thỏa mãn những điều kiện nào?","Phải ký hợp đồng lao động ít nhất 3 năm (đối với người Việt Nam) hoặc 2 năm (đối với người nước ngoài), tham gia bảo hiểm xã hội, trong độ tuổi lao động, và có văn bằng hợp lệ.",,
QD_101,Yêu cầu với văn bằng của nhân sự được giới thiệu theo Quyết định số 101/QĐ-ĐHBD là gì?,"Phải là văn bằng thật, đúng chuẩn Bộ Giáo dục và Đào tạo, được cấp trong hoặc ngoài nước, được dịch thuật sang tiếng Việt và chứng thực hợp pháp.",,
QD_101,Mức thù lao dành cho giáo sư theo Quyết định số 101/QĐ-ĐHBD là bao nhiêu?,Giáo sư nhận 15 triệu đồng/người.,,
QD_101,Phó giáo sư sẽ nhận mức thù lao bao nhiêu theo Quyết định số 101/QĐ-ĐHBD?,Phó giáo sư nhận 13 triệu đồng/người.,,
QD_101,Tiến sĩ và thạc sĩ được trả thù lao thế nào theo Quyết định số 101/QĐ-ĐHBD?,"Tiến sĩ nhận 10 triệu đồng/người, thạc sĩ nhận 5 triệu đồng/người.",,
QD_101,Nhân sự người nước ngoài nhận thù lao ra sao theo Quyết định số 101/QĐ-ĐHBD?,Nhân sự người nước ngoài được nhận 10 triệu đồng/người.,,
QD_101,Cách tính tỷ lệ phần trăm thù lao dựa trên ngành đào tạo và văn bằng như thế nào theo Quyết định số 101/QĐ-ĐHBD?,"Ngành đúng nhận 100%, ngành gần nhận 50%, văn bằng nước ngoài chưa được công nhận nhưng có chứng chỉ tiếng Anh thì được nhận 50%.",,
QD_101,Thù lao theo Quyết định số 101/QĐ-ĐHBD được thanh toán khi nào?,Sau 3 tháng kể từ ngày ký hợp đồng lao động.,,
QD_101,Ai là người kiểm tra và làm thủ tục thanh toán thù lao theo Quyết định số 101/QĐ-ĐHBD?,Phòng Nhân sự và Phòng Tổng hợp của Trường Đại học Bình Dương dựa trên đề xuất của người giới thiệu.,,
QD_101,Quyết định số 101/QĐ-ĐHBD có hiệu lực từ khi nào?,Có hiệu lực ngay từ ngày ký.,,
QD_101,Quyết định số 101/QĐ-ĐHBD thay thế quyết định nào?,Thay thế Quyết định số 225/QĐ-ĐHBD ngày 09/4/2021.,,
QD_101,Có điểm cần lưu ý gì về các số quyết định bị thay thế theo Quyết định số 101/QĐ-ĐHBD?,"Có sự khác biệt nhỏ giữa các số quyết định, cần kiểm tra để tránh nhầm lẫn.",,
QD_101,Tại sao mức thù lao lại phân chia theo trình độ và ngành đào tạo theo Quyết định số 101/QĐ-ĐHBD?,Để đảm bảo thù lao phù hợp với trình độ chuyên môn và ngành học của nhân sự.,,
QD_101,Nhân sự người nước ngoài cần chuẩn bị giấy tờ gì khi ký hợp đồng theo Quyết định số 101/QĐ-ĐHBD?,Phải có hồ sơ đầy đủ và giấy phép lao động hợp pháp.,,
QD_101,Phòng ban nào chịu trách nhiệm thực hiện Quyết định số 101/QĐ-ĐHBD?,"Phòng Tổng hợp, Phòng Tài chính - Kế toán và các đơn vị liên quan.",,
QD_101,Mục đích của Quyết định số 101/QĐ-ĐHBD là gì?,Chuẩn hóa và hoàn thiện chế độ làm việc và mức thù lao cho cố vấn và giảng viên.,,
QD_101,Nếu văn bằng nước ngoài chưa được công nhận thì có được trả thù lao không theo Quyết định số 101/QĐ-ĐHBD?,"Có, được trả 50% mức thù lao nếu đáp ứng điều kiện giảng dạy bằng tiếng Anh và có chứng thực dịch thuật.",,
QD_101,Có sự khác biệt nào giữa thù lao cho nhân sự người nước ngoài và tiến sĩ trong nước theo Quyết định số 101/QĐ-ĐHBD không?,"Mặc dù cùng mức 10 triệu đồng/người, nhưng nhân sự nước ngoài có thể chịu thêm chi phí hợp pháp hóa giấy tờ và cấp phép lao động, khiến chi phí thực nhận thấp hơn.",,
QD_101,Nếu một người có nhiều văn bằng ở các ngành khác nhau thì áp dụng mức thù lao theo ngành nào theo Quyết định số 101/QĐ-ĐHBD?,"Nhà trường sẽ căn cứ vào ngành phù hợp nhất với môn giảng dạy để xác định mức thù lao theo ngành đúng hay ngành gần, không cộng dồn.",,
QD_101,Trường hợp nhân sự chưa đủ điều kiện ký hợp đồng 3 năm nhưng vẫn được mời giảng thì có được nhận thù lao không theo Quyết định số 101/QĐ-ĐHBD?,"Về nguyên tắc, họ không đủ điều kiện nhận thù lao theo quyết định. Tuy nhiên, có thể được ký hợp đồng ngắn hạn riêng và hưởng thù lao theo quy định khác.",,
QD_101,Vì sao văn bằng nước ngoài chưa được công nhận chỉ được trả 50% theo Quyết định số 101/QĐ-ĐHBD?,"Vì chưa có xác thực chính thức từ Bộ Giáo dục và Đào tạo, nên nhà trường chỉ chi trả một phần để hạn chế rủi ro, trừ khi văn bằng đó phục vụ dạy bằng tiếng Anh và có chứng thực dịch thuật.",,
QD_101,Thù lao theo Quyết định số 101/QĐ-ĐHBD đã bao gồm thuế thu nhập cá nhân chưa?,"Quyết định không nêu rõ, nhưng thông thường thù lao được tính là mức chi trả trước thuế, người nhận sẽ chịu thuế thu nhập cá nhân theo quy định hiện hành.",,
QD_101,Có cần bổ sung quyết định kèm theo hợp đồng khi làm thủ tục thanh toán thù lao không theo Quyết định số 101/QĐ-ĐHBD?,Có. Quyết định là căn cứ pháp lý quan trọng để Phòng Tài chính - Kế toán và các đơn vị liên quan thực hiện chi trả đúng quy định.,,
QD_101,Thù lao theo Quyết định số 101/QĐ-ĐHBD có được điều chỉnh theo lạm phát hoặc từng năm học không?,"Không. Mức thù lao cố định theo quyết định hiện tại. Nếu có thay đổi, phải được ban hành trong quyết định mới thay thế hoặc bổ sung.",,
QD_101,Trường hợp giảng viên có học hàm giáo sư nhưng giảng dạy ngành gần có được hưởng 100% thù lao không theo Quyết định số 101/QĐ-ĐHBD?,"Không. Vẫn chỉ được 50% mức thù lao nếu văn bằng thuộc ngành gần, bất kể học hàm hay học vị.",,
QD_101,Nếu đã ký hợp đồng nhưng không giảng dạy thì có được nhận thù lao không theo Quyết định số 101/QĐ-ĐHBD?,"Không. Chỉ khi có bằng chứng về thực hiện nhiệm vụ giảng dạy, như phân công môn học, lịch giảng và nghiệm thu, thì mới được thanh toán thù lao.",,
QD_101,"Việc xác định ngành đúng, ngành gần do ai quyết định theo Quyết định số 101/QĐ-ĐHBD?","Do nhà trường, cụ thể là Phòng Nhân sự phối hợp với Phòng Quản lý Đào tạo, dựa trên khung chương trình đào tạo và hồ sơ chuyên môn của nhân sự.",,
QD_1153,Quyết định số 1153/QĐ-ĐHBD được ban hành vào thời điểm nào?,Quyết định số 1153/QĐ-ĐHBD được ban hành vào ngày 24 tháng 6 năm 2024.,,
QD_1153,Ai là người ký ban hành Quyết định số 1153/QĐ-ĐHBD?,Hiệu trưởng Trường Đại học Bình Dương – ông Cao Việt Hiếu.,,
QD_1153,Nội dung chính của Quyết định số 1153/QĐ-ĐHBD quy định về vấn đề gì?,Quy định định mức thù lao để thực hiện xây dựng và thẩm định ngân hàng đề thi các môn học trong chương trình đào tạo trình độ đại học tại Trường Đại học Bình Dương.,,
QD_1153,Đối tượng giảng viên được áp dụng định mức thù lao theo Quyết định số 1153/QĐ-ĐHBD gồm những ai?,Gồm giảng viên cơ hữu và giảng viên thỉnh giảng của Trường Đại học Bình Dương.,,
QD_1153,"Theo Quyết định số 1153/QĐ-ĐHBD, giảng viên cơ hữu xây dựng ngân hàng câu hỏi trắc nghiệm được tính công như thế nào?",Được tính 20 giờ chuẩn cho 100 câu hỏi trắc nghiệm tương ứng với 01 tín chỉ.,,
QD_1153,"Theo Quyết định số 1153/QĐ-ĐHBD, giảng viên thỉnh giảng xây dựng 100 câu hỏi trắc nghiệm được nhận mức thù lao bao nhiêu?",Được nhận 2.000.000 đồng cho 100 câu hỏi trắc nghiệm trong 01 tín chỉ.,,
QD_1153,"Theo Quyết định số 1153/QĐ-ĐHBD, giảng viên cơ hữu xây dựng câu hỏi tự luận sẽ được tính công như thế nào?",Được tính 24 giờ chuẩn cho 30 câu hỏi tự luận tương ứng với 01 tín chỉ.,,
QD_1153,"Theo Quyết định số 1153/QĐ-ĐHBD, giảng viên thỉnh giảng xây dựng 30 câu hỏi tự luận sẽ nhận thù lao bao nhiêu?",Được nhận 2.400.000 đồng cho 30 câu hỏi tự luận trong 01 tín chỉ.,,
QD_1153,"Theo Quyết định số 1153/QĐ-ĐHBD, Hội đồng thẩm định ngân hàng đề thi gồm những thành phần nào được chi trả thù lao?","Gồm Chủ tịch Hội đồng, Ủy viên Hội đồng, Thư ký Hội đồng và Phản biện.",,
QD_1153,"Theo Quyết định số 1153/QĐ-ĐHBD, mức thù lao dành cho Chủ tịch Hội đồng thẩm định ngân hàng đề thi là bao nhiêu?",500.000 đồng/người.,,
QD_1153,"Theo Quyết định số 1153/QĐ-ĐHBD, mức thù lao dành cho Ủy viên Hội đồng thẩm định ngân hàng đề thi là bao nhiêu?",300.000 đồng/người.,,
QD_1153,"Theo Quyết định số 1153/QĐ-ĐHBD, Thư ký Hội đồng thẩm định ngân hàng đề thi được nhận mức thù lao bao nhiêu?",300.000 đồng/người.,,
QD_1153,"Theo Quyết định số 1153/QĐ-ĐHBD, thù lao phản biện cho mỗi câu hỏi trắc nghiệm được quy định như thế nào?",5.000 đồng cho mỗi câu hỏi trắc nghiệm được phản biện.,,
QD_1153,"Theo Quyết định số 1153/QĐ-ĐHBD, thù lao phản biện cho mỗi câu hỏi tự luận được quy định như thế nào?",15.000 đồng cho mỗi câu hỏi tự luận được phản biện.,,
QD_1153,Thời điểm Quyết định số 1153/QĐ-ĐHBD bắt đầu có hiệu lực thi hành là khi nào?,"Có hiệu lực kể từ ngày ký, tức ngày 24 tháng 6 năm 2024.",,
QD_1153,"Theo Quyết định số 1153/QĐ-ĐHBD, những đơn vị nào có trách nhiệm triển khai thực hiện?","Gồm Phòng Tổng hợp, Phòng Tài chính - Kế toán, Phòng Quản lý đào tạo và Công tác sinh viên, Phòng Đảm bảo chất lượng và Khảo thí, Phân hiệu Cà Mau và các đơn vị, cá nhân liên quan.",,
QD_1153,Quyết định số 1153/QĐ-ĐHBD được ban hành dựa trên đề xuất nào?,Dựa trên Văn bản số 90/P.BĐCL&KT ngày 14 tháng 5 năm 2024 của Phòng Đảm bảo chất lượng và Khảo thí.,,
QD_1153,Mục đích của việc ban hành Quyết định số 1153/QĐ-ĐHBD là gì?,"Nhằm chuẩn hóa việc chi trả thù lao trong hoạt động xây dựng và thẩm định ngân hàng đề thi, đảm bảo công bằng và minh bạch.",,
QD_1153,Sự khác biệt về thù lao giữa câu hỏi trắc nghiệm và câu hỏi tự luận được quy định như thế nào trong Quyết định số 1153/QĐ-ĐHBD?,"Câu hỏi tự luận có mức thù lao cao hơn vì yêu cầu phân tích, đánh giá sâu hơn so với câu hỏi trắc nghiệm.",,
QD_1153,Thù lao trong Quyết định số 1153/QĐ-ĐHBD được tính toán dựa trên những tiêu chí nào?,"Dựa trên loại câu hỏi, số lượng câu hỏi, số tín chỉ, vai trò trong hội đồng và loại hình giảng viên (cơ hữu hoặc thỉnh giảng).",,
QD_1153,"Theo Quyết định số 1153/QĐ-ĐHBD, giảng viên thỉnh giảng có thể đồng thời tham gia xây dựng đề thi và phản biện không?","Về nguyên tắc, để đảm bảo khách quan thì không nên vừa xây dựng vừa phản biện cùng đề thi; tuy nhiên Quyết định không quy định cấm tuyệt đối, việc phân công do nhà trường quyết định.",,
QD_1153,"Theo Quyết định số 1153/QĐ-ĐHBD, giảng viên cơ hữu xây dựng đề thi trắc nghiệm với 50 câu hỏi thì được tính thù lao như thế nào?","Sẽ được tính 10 giờ chuẩn, tương ứng với một nửa mức thù lao quy định cho 100 câu hỏi trắc nghiệm trong 01 tín chỉ.",,
QD_1153,"Theo Quyết định số 1153/QĐ-ĐHBD, giảng viên thỉnh giảng cần đáp ứng điều kiện gì để được giao xây dựng ngân hàng đề thi?","Quyết định không quy định điều kiện cụ thể; tuy nhiên, giảng viên thỉnh giảng cần có chuyên môn phù hợp với môn học và được nhà trường phân công nhiệm vụ.",,
QD_1153,"Nếu sản phẩm đề thi chưa đạt yêu cầu sau khi phản biện, giảng viên xây dựng đề thi có được nhận đủ thù lao theo Quyết định số 1153/QĐ-ĐHBD không?","Trong Quyết định không đề cập trực tiếp, nhưng thông thường chỉ được thanh toán thù lao khi sản phẩm được nghiệm thu đạt yêu cầu.",,
QD_1153,Thù lao phản biện đề thi theo Quyết định số 1153/QĐ-ĐHBD được tính dựa trên số lượng câu hỏi hay số buổi làm việc?,Được tính theo số lượng câu hỏi: 5.000 đồng/câu hỏi trắc nghiệm và 15.000 đồng/câu hỏi tự luận.,,
QD_1153,"Nếu giảng viên hoàn thành xây dựng đề thi nhưng chưa được mời phản biện, có thể đề xuất tham gia phản biện không theo Quyết định số 1153/QĐ-ĐHBD?","Giảng viên có thể đề xuất, tuy nhiên quyền quyết định phân công phản biện thuộc về nhà trường thông qua các phòng chức năng và hội đồng chuyên môn.",,
QD_1153,Giảng viên có bị giới hạn số lượng môn học tham gia xây dựng ngân hàng đề thi theo Quyết định số 1153/QĐ-ĐHBD không?,"Quyết định không giới hạn cụ thể số lượng, tuy nhiên việc phân công nhiệm vụ sẽ do các phòng chuyên môn cân nhắc để đảm bảo chất lượng và khối lượng công việc phù hợp.",,
QD_1153,Giảng viên cơ hữu có thể nhận thù lao theo mức của giảng viên thỉnh giảng không theo Quyết định số 1153/QĐ-ĐHBD?,"Không thể; mức thù lao được quy định rõ theo loại hình giảng viên, không được tự ý thay đổi.",,
QD_1153,Thù lao dành cho Chủ tịch Hội đồng và Thư ký Hội đồng thẩm định có bằng nhau theo Quyết định số 1153/QĐ-ĐHBD không?,"Không bằng nhau; Chủ tịch Hội đồng nhận 500.000 đồng/người, còn Thư ký nhận 300.000 đồng/người.",,
QD_1153,"Khi xây dựng ngân hàng đề thi có cả câu hỏi trắc nghiệm và tự luận, thù lao sẽ được tính như thế nào theo Quyết định số 1153/QĐ-ĐHBD?","Thù lao được tính riêng biệt cho từng loại câu hỏi, áp dụng mức thù lao cụ thể cho câu hỏi trắc nghiệm và câu hỏi tự luận, tùy theo số lượng câu hỏi mỗi loại.",,
QD_285,Quyết định số 285/QĐ-ĐHBD được ban hành bởi ai và vào thời điểm nào?,Quyết định số 285/QĐ-ĐHBD được ban hành vào ngày 27 tháng 02 năm 2024 bởi Hiệu trưởng Trường Đại học Bình Dương – ông Cao Việt Hiếu.,,
QD_285,Mục đích chính của Quyết định số 285/QĐ-ĐHBD là gì?,"Mục đích chính của Quyết định số 285/QĐ-ĐHBD là điều chỉnh, bổ sung phân công giảng viên thực hiện nhiệm vụ Giáo viên chủ nhiệm, Cố vấn học tập cho năm học 2023-2024.",,
QD_285,Quyết định số 285/QĐ-ĐHBD áp dụng cho năm học nào?,Quyết định số 285/QĐ-ĐHBD áp dụng cho năm học 2023-2024.,,
QD_285,Quyết định số 285/QĐ-ĐHBD được ban hành căn cứ theo những quy định pháp lý nào?,"Quyết định số 285/QĐ-ĐHBD được ban hành căn cứ theo Luật Giáo dục đại học 2012 và sửa đổi bổ sung năm 2018, Nghị định số 99/2019/NĐ-CP của Chính phủ, các văn bản hướng dẫn của Bộ Giáo dục và Đào tạo, cùng các quyết định và nghị quyết nội bộ của Trường Đại học Bình Dương.",,
QD_285,"Vì sao Trường Đại học Bình Dương cần điều chỉnh, bổ sung phân công Giáo viên chủ nhiệm và Cố vấn học tập?","Việc điều chỉnh, bổ sung nhằm cập nhật nhân sự, tối ưu hóa công tác quản lý sinh viên và nâng cao hiệu quả hỗ trợ người học trong năm học 2023-2024.",,
QD_285,Giảng viên được phân công làm Giáo viên chủ nhiệm hoặc Cố vấn học tập theo Quyết định số 285/QĐ-ĐHBD được hưởng quyền lợi gì?,Giảng viên được hưởng quyền lợi theo các quy định hiện hành của Trường Đại học Bình Dương đối với nhiệm vụ Giáo viên chủ nhiệm và Cố vấn học tập.,,
QD_285,"Danh sách phân công Giáo viên chủ nhiệm, Cố vấn học tập được thể hiện ở đâu?","Danh sách phân công Giáo viên chủ nhiệm, Cố vấn học tập được đính kèm trong Quyết định số 285/QĐ-ĐHBD, bao gồm thông tin về lớp học, ngành đào tạo và tên giảng viên được phân công.",,
QD_285,"Các đơn vị, phòng ban nào có trách nhiệm tổ chức thực hiện Quyết định số 285/QĐ-ĐHBD?","Các đơn vị bao gồm: Phòng Quản lý đào tạo và Công tác sinh viên, Phòng Tổng hợp, Phòng Đảm bảo chất lượng và Khảo thí, Phân hiệu Trường Đại học Bình Dương tại Cà Mau, Viện Đào tạo mở và Nghiên cứu phát triển cùng các đơn vị, cá nhân có liên quan.",,
QD_285,Thời điểm Quyết định số 285/QĐ-ĐHBD có hiệu lực là khi nào?,"Quyết định số 285/QĐ-ĐHBD có hiệu lực kể từ ngày ký, tức ngày 27 tháng 02 năm 2024.",,
QD_285,Vai trò của Giáo viên chủ nhiệm và Cố vấn học tập trong Trường Đại học Bình Dương là gì?,"Giáo viên chủ nhiệm và Cố vấn học tập có nhiệm vụ theo dõi, quản lý, tư vấn và hỗ trợ sinh viên về học tập, rèn luyện, tâm lý và các vấn đề liên quan trong quá trình học tập tại trường.",,
QD_285,"Nếu tôi là giảng viên mới, Quyết định số 285/QĐ-ĐHBD có ảnh hưởng như thế nào đến công việc của tôi?","Quyết định số 285/QĐ-ĐHBD sẽ xác định rõ bạn có được phân công làm Giáo viên chủ nhiệm hoặc Cố vấn học tập hay không, từ đó xác định rõ nhiệm vụ và quyền lợi kèm theo.",,
QD_285,"Khi thực hiện nhiệm vụ theo Quyết định số 285/QĐ-ĐHBD, tôi cần phối hợp với những phòng ban nào?",Bạn cần phối hợp với Phòng Quản lý đào tạo và Công tác sinh viên cùng các phòng ban liên quan để thực hiện đúng các nhiệm vụ được giao.,,
QD_285,"Nếu phát hiện có sai sót trong danh sách phân công kèm theo Quyết định số 285/QĐ-ĐHBD, tôi phải làm gì?","Bạn cần báo cáo ngay cho Phòng Quản lý đào tạo và Công tác sinh viên hoặc Ban giám hiệu để được xem xét, điều chỉnh kịp thời.",,
QD_285,"Tại sao việc phân công Giáo viên chủ nhiệm và Cố vấn học tập theo Quyết định số 285/QĐ-ĐHBD cần rõ ràng, công khai?","Việc phân công rõ ràng, công khai giúp minh bạch trách nhiệm, tạo thuận lợi cho việc hỗ trợ sinh viên, đảm bảo chất lượng công tác quản lý đào tạo.",,
QD_285,Tôi có thể tham khảo bản đầy đủ của Quyết định số 285/QĐ-ĐHBD ở đâu?,Bản đầy đủ của Quyết định số 285/QĐ-ĐHBD được lưu tại Phòng Quản lý đào tạo và Công tác sinh viên và có thể cung cấp cho giảng viên khi có yêu cầu.,,
QD_285,Điều 1 của Quyết định số 285/QĐ-ĐHBD quy định nội dung gì?,"Điều 1 của Quyết định số 285/QĐ-ĐHBD quy định việc điều chỉnh, bổ sung phân công giảng viên làm Giáo viên chủ nhiệm và Cố vấn học tập cho năm học 2023-2024.",,
QD_285,Ai là người chịu trách nhiệm thi hành Quyết định số 285/QĐ-ĐHBD?,"Các phòng ban, đơn vị và cá nhân được phân công trong Quyết định số 285/QĐ-ĐHBD chịu trách nhiệm tổ chức triển khai, thực hiện nội dung được giao.",,
QD_285,Phân hiệu Trường Đại học Bình Dương tại Cà Mau có nhiệm vụ gì theo Quyết định số 285/QĐ-ĐHBD?,Phân hiệu Trường Đại học Bình Dương tại Cà Mau tham gia tổ chức thực hiện và phối hợp với các đơn vị chức năng trong việc triển khai các nội dung của Quyết định số 285/QĐ-ĐHBD.,,
QD_285,Viện Đào tạo mở và Nghiên cứu phát triển thực hiện những nhiệm vụ gì theo Quyết định số 285/QĐ-ĐHBD?,Viện Đào tạo mở và Nghiên cứu phát triển phối hợp triển khai các nội dung được giao trong Quyết định số 285/QĐ-ĐHBD.,,
QD_285,Việc điều chỉnh phân công theo Quyết định số 285/QĐ-ĐHBD có ảnh hưởng đến sinh viên không?,"Có, vì việc phân công chính xác Giáo viên chủ nhiệm và Cố vấn học tập giúp sinh viên nhận được sự hỗ trợ, tư vấn kịp thời trong học tập và rèn luyện.",,
QD_285,"Nếu chưa được phân công trong Quyết định số 285/QĐ-ĐHBD, tôi có thể đề xuất nhận nhiệm vụ không?",Bạn có thể đề xuất nguyện vọng với Phòng Quản lý đào tạo và Công tác sinh viên hoặc Ban giám hiệu để được xem xét phân công bổ sung.,,
QD_285,Phòng Đảm bảo chất lượng và Khảo thí có vai trò gì trong quá trình thực hiện Quyết định số 285/QĐ-ĐHBD?,Phòng Đảm bảo chất lượng và Khảo thí phối hợp với các phòng chức năng nhằm đảm bảo chất lượng công tác đào tạo và quản lý sinh viên khi thực hiện Quyết định số 285/QĐ-ĐHBD.,,
QD_285,Quyết định số 1585/QĐ-ĐHBD có mối liên hệ gì với Quyết định số 285/QĐ-ĐHBD?,"Quyết định số 1585/QĐ-ĐHBD là quyết định gốc phân công Giáo viên chủ nhiệm, Cố vấn học tập cho năm học 2023-2024, còn Quyết định số 285/QĐ-ĐHBD được ban hành nhằm điều chỉnh, bổ sung nội dung phân công dựa trên Quyết định trước đó.",,
QD_285,Tôi có bắt buộc phải nghiên cứu toàn bộ các văn bản pháp lý liên quan đến Quyết định số 285/QĐ-ĐHBD không?,"Không bắt buộc, nhưng giảng viên nên nắm được các văn bản pháp lý chính để hiểu rõ cơ sở ban hành và thực hiện đúng nội dung phân công.",,
QD_285,Tôi cần thực hiện những gì để đảm bảo việc thực thi Quyết định số 285/QĐ-ĐHBD đúng quy định?,"Bạn cần tuân thủ đầy đủ nhiệm vụ được phân công, phối hợp chặt chẽ với các đơn vị liên quan và báo cáo kịp thời khi có khó khăn, vướng mắc.",,
QD_285,Nếu không thực hiện nhiệm vụ được giao trong Quyết định số 285/QĐ-ĐHBD thì hậu quả như thế nào?,Việc không thực hiện nhiệm vụ được giao có thể gây ảnh hưởng đến công tác quản lý sinh viên và bị xử lý kỷ luật theo các quy định nội bộ của Trường Đại học Bình Dương.,,
QD_285,"Trong năm học 2023-2024, tôi có thể đề xuất điều chỉnh hoặc bổ sung nhiệm vụ phân công giáo viên chủ nhiệm, cố vấn học tập không?","Bạn có thể đề xuất điều chỉnh hoặc bổ sung nhiệm vụ với Phòng Quản lý đào tạo và Công tác sinh viên hoặc Ban giám hiệu, việc điều chỉnh sẽ được xem xét theo quy trình nội bộ.",,
QD_360,"Quy chế Thi đua, Khen thưởng và Xử lý Vi phạm Kỷ luật Lao động của Trường Đại học Bình Dương áp dụng cho những đối tượng nào?","Quy chế áp dụng cho cán bộ, giảng viên, nhân viên (người lao động) có thời gian công tác từ 01 năm trở lên tại các đơn vị thuộc Trường Đại học Bình Dương và các đơn vị trực thuộc như Viện Đào tạo mở và Nghiên cứu phát triển, Trung tâm Tin học và Ngoại ngữ, Phân hiệu Cà Mau, các phòng, ban, trung tâm, viện, khoa.",,
QD_360,"Những người làm việc thời vụ hoặc cộng tác viên có bị điều chỉnh bởi Quy chế Thi đua, Khen thưởng và Xử lý Vi phạm Kỷ luật Lao động của Trường Đại học Bình Dương không?","Không, nếu không thuộc đối tượng viên chức, người lao động chính thức hoặc không có quy định cụ thể trong hợp đồng lao động.",,
QD_360,"Những ai được xét khen thưởng theo Quy chế Thi đua, Khen Thưởng của Trường Đại học Bình Dương?","Cá nhân công tác từ 01 năm trở lên tại Trường và các tổ chức, cá nhân ngoài Trường có thành tích, đóng góp cho sự phát triển của Trường Đại học Bình Dương.",,
QD_360,Cá nhân mới làm việc 6 tháng nhưng có đóng góp nổi bật có được xét khen thưởng không?,"Không, vì theo quy chế yêu cầu phải có thời gian công tác tối thiểu 01 năm mới được xét khen thưởng.",,
QD_360,Nguyên tắc tổ chức phong trào thi đua trong Trường Đại học Bình Dương là gì?,"Phong trào thi đua phải được tổ chức tự nguyện, tự giác, công khai, minh bạch, đoàn kết, hợp tác và cùng phát triển.",,
QD_360,Nếu cá nhân có thành tích nhưng mất đoàn kết nội bộ thì có bị ảnh hưởng khi xét thi đua không?,"Có thể bị ảnh hưởng vì nguyên tắc thi đua yêu cầu phải đoàn kết, tương trợ và hợp tác trong tập thể.",,
QD_360,"Những trường hợp nào sẽ không được xét thi đua, khen thưởng?","Không xét đối với cá nhân bị kỷ luật, không hoàn thành nhiệm vụ, vi phạm nội quy; tập thể mới thành lập dưới 10 tháng hoặc không tham gia phong trào thi đua.",,
QD_360,Cá nhân bị kỷ luật nhẹ nhưng có sáng kiến đột phá có được xét khen thưởng không?,"Không, vì người có hành vi vi phạm kỷ luật lao động dù ở mức độ nào cũng không đủ điều kiện xét khen thưởng.",,
QD_360,Phong trào thi đua được tổ chức dưới những hình thức nào?,"Phong trào thi đua gồm thi đua thường xuyên, thi đua theo chuyên đề, do lãnh đạo đơn vị, Công đoàn và Đoàn Thanh niên phát động và tổ chức, gắn với nhiệm vụ chính trị của đơn vị.",,
QD_360,Phong trào thi đua đổi mới công nghệ không thuộc nhiệm vụ chính trị có được công nhận không?,Có thể được xem xét nếu phong trào có hiệu quả thực tế và được lãnh đạo đơn vị công nhận.,,
QD_360,"Thành phần Hội đồng Thi đua, Khen thưởng và Xử lý Vi phạm Kỷ luật Lao động của Trường Đại học Bình Dương bao gồm những ai?","Gồm Chủ tịch Hội đồng là Hiệu trưởng, các Phó Chủ tịch là Phó Hiệu trưởng và Chủ tịch Công đoàn, Thư ký Hội đồng và các thành viên khác.",,
QD_360,Có cơ chế xử lý mâu thuẫn lợi ích giữa các thành viên Hội đồng không?,"Trong Quy chế hiện tại chưa quy định cụ thể cơ chế xử lý mâu thuẫn lợi ích, cần bổ sung cơ chế giám sát độc lập.",,
QD_360,Khoảng thời gian xét thành tích thi đua theo năm học được tính từ khi nào đến khi nào?,Từ ngày 01 tháng 7 năm trước đến hết ngày 30 tháng 6 năm sau.,,
QD_360,Nếu thành tích đạt được rơi vào các tháng ngoài khung thời gian xét thì có được tính không?,Chỉ tính những thành tích đạt được trong khoảng thời gian xét theo quy định; các kết quả ngoài thời gian xét sẽ không được đưa vào đánh giá.,,
QD_360,Tiêu chuẩn để được công nhận danh hiệu 'Lao động tiên tiến' là gì?,"Hoàn thành tốt nhiệm vụ được giao, chấp hành nghiêm nội quy, quy định của Nhà trường, có tinh thần tự lực, đoàn kết, giúp đỡ đồng nghiệp và tích cực tham gia các phong trào thi đua.",,
QD_360,Cá nhân hoàn thành tốt nhiệm vụ nhưng không tham gia hoạt động phong trào của Trường có được công nhận 'Lao động tiên tiến' không?,"Không, vì thiếu tiêu chí tham gia đầy đủ phong trào thi đua của Nhà trường.",,
QD_360,Tiêu chuẩn xét danh hiệu 'Chiến sĩ thi đua cơ sở' gồm những gì?,"Phải đạt danh hiệu Lao động tiên tiến, có sáng kiến được công nhận, và tổng số cá nhân đạt danh hiệu này không vượt quá 15% tổng số người đạt Lao động tiên tiến trong đơn vị.",,
QD_360,Nếu số cá nhân có sáng kiến vượt quá tỷ lệ 15% thì xử lý thế nào?,"Sẽ có sự sàng lọc dựa trên mức độ sáng kiến và thành tích cụ thể, việc giới hạn tỷ lệ nhằm tạo cạnh tranh lành mạnh.",,
QD_360,Tiêu chuẩn để tập thể đạt danh hiệu 'Tập thể lao động tiên tiến' là gì?,"Tập thể hoàn thành tốt nhiệm vụ được giao, có từ 70% cá nhân trở lên đạt danh hiệu Lao động tiên tiến, không có cá nhân bị kỷ luật và có tinh thần đoàn kết nội bộ.",,
QD_360,Nếu chỉ có 69% cá nhân đạt Lao động tiên tiến thì tập thể có được công nhận không?,"Không, vì quy chế quy định ngưỡng tối thiểu là 70% cá nhân đạt Lao động tiên tiến.",,
QD_360,Các hình thức khen thưởng trong Quy chế bao gồm những gì?,"Gồm khen thưởng thường xuyên, khen thưởng chuyên đề, khen thưởng đột xuất, khen thưởng quá trình cống hiến và khen thưởng đối ngoại.",,
QD_360,Việc trao khen thưởng đối ngoại có ảnh hưởng đến tỷ lệ khen thưởng nội bộ không?,"Không, nhưng cần cân đối hợp lý các hình thức khen thưởng để đảm bảo sự công bằng trong nội bộ.",,
QD_360,Giấy khen của Hiệu trưởng Trường Đại học Bình Dương áp dụng cho những đối tượng nào?,"Áp dụng cho các cá nhân, tập thể có thành tích xuất sắc trong năm học hoặc có thành tích đột xuất trong công tác.",,
QD_360,Hiệu trưởng có thể tự quyết định trao giấy khen không cần thông qua Hội đồng không?,"Không, mọi hình thức khen thưởng phải dựa trên đề nghị, biên bản họp Hội đồng Thi đua và hồ sơ xét duyệt đầy đủ.",,
QD_360,"Hồ sơ đề nghị xét thi đua, khen thưởng cần những thành phần nào?","Gồm báo cáo thành tích cá nhân/tập thể, biên bản họp xét duyệt, tờ trình và các giấy tờ minh chứng kèm theo theo mẫu quy định.",,
QD_360,Nếu hồ sơ thiếu biên bản họp xét duyệt thì có được xét khen thưởng không?,"Không, vì biên bản họp là căn cứ pháp lý bắt buộc trong quy trình xét duyệt khen thưởng.",,
QD_360,Thời hạn nộp hồ sơ thi đua thường xuyên hàng năm là khi nào?,Trước ngày 20 tháng 7 hàng năm.,,
QD_360,Trường hợp nộp hồ sơ trễ do lý do khách quan có được xem xét không?,Hội đồng có thể xem xét nhưng Quy chế không quy định cụ thể về việc xử lý trường hợp nộp trễ.,,
QD_360,Quy trình xử lý vi phạm kỷ luật lao động trong Trường Đại học Bình Dương bao gồm các bước gì?,"Bao gồm: phát hiện vi phạm, thông báo, tổ chức họp xét, lập biên bản họp và ban hành quyết định xử lý vi phạm.",,
QD_360,Nếu không thông báo trước khi họp xét xử lý kỷ luật thì quyết định có hiệu lực không?,"Không, vì vi phạm quy trình, không đảm bảo quyền được biết, được giải trình của người lao động.",,
QD_360,Những hình thức xử lý kỷ luật lao động theo Quy chế được áp dụng là gì?,"Gồm khiển trách, kéo dài thời hạn nâng lương không quá 6 tháng, cách chức và sa thải.",,
QD_360,Trong Quy chế có quy định hình phạt trừ lương không?,"Không, hình phạt trừ lương không được áp dụng trong danh sách các hình thức kỷ luật.",,
QD_360,Thời hiệu xử lý kỷ luật lao động được quy định như thế nào?,"Là 06 tháng kể từ ngày xảy ra vi phạm; 12 tháng với hành vi liên quan tài chính, tài sản, bí mật công nghệ, kinh doanh.",,
QD_360,Nếu phát hiện hành vi vi phạm sau thời hiệu thì có xử lý được không?,"Không được xử lý, trừ khi có quy định riêng theo pháp luật.",,
QD_360,Thời gian tối đa được tạm đình chỉ công tác là bao lâu?,"Không quá 15 ngày, trong trường hợp đặc biệt có thể kéo dài tối đa 90 ngày.",,
QD_360,Ai có thẩm quyền xác định 'trường hợp đặc biệt' khi tạm đình chỉ công tác?,"Hiệu trưởng có thẩm quyền quyết định trên cơ sở căn cứ pháp lý, biên bản xác minh và tài liệu liên quan.",,
QD_360,Người bị tạm đình chỉ công tác có được nhận lương không?,"Có, người lao động được tạm ứng 50% tiền lương trong thời gian bị đình chỉ công tác.",,
QD_360,Nếu người bị đình chỉ được minh oan thì quyền lợi tài chính được xử lý thế nào?,Nhà trường phải chi trả đầy đủ phần tiền lương còn thiếu và có trách nhiệm khôi phục quyền lợi hợp pháp khác cho người lao động.,,
QD_360,Người lao động gây thiệt hại tài sản của Trường phải chịu trách nhiệm thế nào?,Phải bồi thường theo quy định của pháp luật về bồi thường thiệt hại tài sản.,,
QD_360,Nếu lỗi gây thiệt hại do nhiều cá nhân thì trách nhiệm được phân chia ra sao?,"Các cá nhân liên quan sẽ chịu trách nhiệm theo mức độ vi phạm, có thể áp dụng hình thức liên đới bồi thường.",,
QD_360,"Khiếu nại, tố cáo về công tác thi đua, khen thưởng và xử lý kỷ luật được xử lý như thế nào?","Được tiếp nhận và giải quyết theo quy định của pháp luật hiện hành về khiếu nại, tố cáo.",,
QD_360,Nếu người lao động không đồng ý với kết quả giải quyết khiếu nại thì có thể làm gì?,Người lao động có quyền tiếp tục khiếu nại lên cấp cao hơn hoặc khởi kiện tại Tòa án lao động theo quy định pháp luật.,,
QD_558,Quyết định số 558/QĐ-ĐHBĐ được ban hành vào ngày nào?,Quyết định số 558/QĐ-ĐHBĐ được ban hành vào ngày 28 tháng 3 năm 2024.,,
QD_558,Ai ban hành Quyết định 558?,Hiệu trưởng Trường Đại học Bình Dương.,,
QD_558,Nội dung chính của Quyết định 558 là gì?,"Điều chỉnh chuyên ngành đào tạo đại học chính quy khóa 23 ngành Công nghệ thông tin, Robot và Trí tuệ nhân tạo tại cơ sở chính.",,
QD_558,Chuyên ngành nào được điều chỉnh trong Quyết định 558?,Chuyên ngành 'Robotics và Trí tuệ nhân tạo' được điều chỉnh thành 'Kỹ thuật phần mềm'.,,
QD_558,Quyết định 558 áp dụng cho lớp nào?,Lớp 23TH01 thuộc khóa tuyển sinh năm 2020 (khóa 23).,,
QD_558,Căn cứ pháp lý chính để ban hành Quyết định 558 là gì?,"Luật Giáo dục đại học năm 2012, Luật sửa đổi năm 2018 và các văn bản hướng dẫn khác của Chính phủ và Trường Đại học Bình Dương.",,
QD_558,Quyết định 558 có hiệu lực từ khi nào?,"Kể từ ngày ký, tức là ngày 28 tháng 3 năm 2024.",,
QD_558,Ai đề xuất việc điều chỉnh chuyên ngành trong Quyết định 558?,Trưởng phòng Quản lý đào tạo và Công tác sinh viên.,,
QD_558,Các đơn vị nào chịu trách nhiệm thực hiện Quyết định 558?,"Phòng Quản lý đào tạo và Công tác sinh viên, Phòng Tổng hợp, Phòng Đảm bảo chất lượng và Khảo thí, Khoa Công nghệ thông tin, Robot và Trí tuệ nhân tạo, các đơn vị và cá nhân liên quan.",,
QD_558,Việc điều chỉnh chuyên ngành có áp dụng cho toàn ngành không?,"Không, chỉ áp dụng cho nhóm sinh viên lớp 23TH01.",,
QD_558,Việc điều chỉnh chuyên ngành trong Quyết định 558 nhằm mục đích gì?,"Có thể để phù hợp với nhu cầu thị trường lao động, định hướng phát triển ngành học hoặc tối ưu hóa nguồn lực đào tạo.",,
QD_866,"Trường Đại học Bình Dương đã ban hành quyết định gì liên quan đến việc phân công Giáo viên chủ nhiệm, Cố vấn học tập năm học 2024-2025?",Trường Đại học Bình Dương đã ban hành Quyết định điều chỉnh việc phân công Giáo viên chủ nhiệm và Cố vấn học tập cho năm học 2024-2025.,,
QD_866,"Quyết định điều chỉnh phân công Giáo viên chủ nhiệm, Cố vấn học tập năm học 2024-2025 có hiệu lực từ khi nào?","Quyết định có hiệu lực kể từ ngày ký, tức ngày 18 tháng 4 năm 2025, và áp dụng cho năm học 2024-2025.",,
QD_866,"Việc điều chỉnh phân công Giáo viên chủ nhiệm, Cố vấn học tập năm học 2024-2025 được ban hành căn cứ vào những cơ sở pháp lý nào?","Căn cứ vào Luật Giáo dục, Luật sửa đổi bổ sung năm 2012, 2018; các văn bản hướng dẫn thi hành năm 2019; các quyết định tổ chức hoạt động của trường (791/TTg, 1420/QĐ-TTg); các nghị quyết Hội đồng trường (02/NQ-ĐHBD-HNNĐT, 03/NQ-ĐHBD-HNNĐT, 04/NQ-ĐHBD-HĐQT) và các quyết định phân công trước đây (1780/QĐ-ĐHBD, 2234/QĐ-ĐHBD).",,
QD_866,"Ai là người ký ban hành Quyết định điều chỉnh phân công Giáo viên chủ nhiệm, Cố vấn học tập năm học 2024-2025?",Hiệu trưởng Trường Đại học Bình Dương - ông Cao Việt Hiếu là người ký ban hành Quyết định vào ngày 18 tháng 4 năm 2025.,,
QD_866,"Theo quy định trong quyết định, giảng viên được phân công nhiệm vụ Giáo viên chủ nhiệm, Cố vấn học tập sẽ được hưởng quyền lợi gì?","Theo Điều 2 của Quyết định, giảng viên được phân công thực hiện nhiệm vụ Giáo viên chủ nhiệm, Cố vấn học tập sẽ được hưởng các quyền lợi theo quy định hiện hành của Trường Đại học Bình Dương.",,
QD_866,"Danh sách điều chỉnh phân công Giáo viên chủ nhiệm, Cố vấn học tập năm học 2024-2025 có được ban hành kèm theo Quyết định không?","Có, danh sách điều chỉnh phân công Giáo viên chủ nhiệm, Cố vấn học tập năm học 2024-2025 được đính kèm theo Quyết định.",,
QD_866,"Trong danh sách điều chỉnh phân công Giáo viên chủ nhiệm, Cố vấn học tập, chức danh Giáo viên chủ nhiệm và Cố vấn học tập có được phân biệt rõ không?","Có, trong danh sách đính kèm ghi rõ từng chức danh là Giáo viên chủ nhiệm hoặc Cố vấn học tập được phân công cho từng lớp.",,
QD_866,Ai là giảng viên được phân công làm Cố vấn học tập của lớp 26TH02?,"Theo danh sách đính kèm, thầy Nguyễn Hữu Quyền được phân công làm Cố vấn học tập cho lớp 26TH02.",,
QD_866,Một giảng viên có thể đồng thời đảm nhiệm cả hai vai trò Giáo viên chủ nhiệm và Cố vấn học tập không?,"Có, ví dụ thầy Nguyễn Hữu Quyền trong Quyết định được phân công đồng thời làm Giáo viên chủ nhiệm và Cố vấn học tập cho một số lớp.",,
QD_866,"Danh sách điều chỉnh phân công Giáo viên chủ nhiệm, Cố vấn học tập áp dụng cho năm học nào?",Danh sách áp dụng cho năm học 2024-2025.,,
QD_866,"Danh sách điều chỉnh phân công Giáo viên chủ nhiệm, Cố vấn học tập có áp dụng cho toàn bộ các lớp trong trường không?","Không, danh sách chỉ áp dụng cho các lớp cụ thể được liệt kê trong Quyết định điều chỉnh.",,
QD_866,"Theo Quyết định điều chỉnh phân công, nhiệm vụ của Giáo viên chủ nhiệm là gì?","Giáo viên chủ nhiệm có nhiệm vụ hướng dẫn, hỗ trợ sinh viên trong học tập, rèn luyện, và công tác giáo dục trong suốt năm học.",,
QD_866,Cơ sở đào tạo của các lớp được phân công trong Quyết định là tại đâu?,Tất cả các lớp trong danh sách điều chỉnh đều thuộc cơ sở Bình Dương của Trường Đại học Bình Dương.,,
QD_866,Ngành đào tạo của các lớp được điều chỉnh phân công trong Quyết định là ngành gì?,Các lớp trong danh sách điều chỉnh đều thuộc ngành Đại học chính quy - Công nghệ thông tin.,,
QD_866,"Cơ sở pháp lý quy định quyền lợi của giảng viên được phân công Giáo viên chủ nhiệm, Cố vấn học tập nằm ở đâu trong Quyết định?","Cơ sở pháp lý quy định quyền lợi nằm tại Điều 2 của Quyết định điều chỉnh phân công Giáo viên chủ nhiệm, Cố vấn học tập năm học 2024-2025.",,
QD_866,"Theo danh sách đính kèm Quyết định, tổng số lớp được phân công Giáo viên chủ nhiệm, Cố vấn học tập là bao nhiêu?","Theo danh sách đính kèm, có tổng cộng 5 lớp được phân công Giáo viên chủ nhiệm, Cố vấn học tập trong Quyết định điều chỉnh năm học 2024-2025.",,
QD_1341,Quyết định số 1341/QĐ-ĐHBĐ được ban hành vào ngày nào?,Quyết định số 1341/QĐ-ĐHBĐ được ban hành vào ngày 16 tháng 08 năm 2023.,,
QD_1341,Mục đích chính của Quyết định số 1341/QĐ-ĐHBD là gì?,"Mục đích chính của Quyết định số 1341/QĐ-ĐHBD là xử lý học vụ cho sinh viên Trường Đại học Bình Dương trong học kỳ 2, năm học 2022-2023.",,
QD_1341,Việc xử lý học vụ trong học kỳ 2 năm học 2022-2023 phản ánh điều gì về tình hình học tập của sinh viên?,"Việc xử lý học vụ đối với tổng cộng 935 sinh viên, trong đó có 679 sinh viên bị buộc thôi học và 256 sinh viên bị cảnh cáo, phản ánh những thách thức lớn trong việc duy trì chất lượng và kết quả học tập tại Trường Đại học Bình Dương.",,
QD_1341,Quyết định số 1341/QĐ-ĐHBD thể hiện sự minh bạch trong quản lý học vụ của nhà trường như thế nào?,"Quyết định số 1341/QĐ-ĐHBD kèm theo danh sách chi tiết sinh viên bị xử lý học vụ, bao gồm mã số sinh viên, họ tên, hình thức xử lý, ngành học, lớp học, trình độ và hình thức đào tạo, qua đó thể hiện sự minh bạch và công khai trong công tác xử lý học vụ.",,
QD_1341,Vai trò của cố vấn học tập và giảng viên chủ nhiệm trong việc hỗ trợ sinh viên bị xử lý học vụ theo Quyết định số 1341/QĐ-ĐHBD là gì?,"Cố vấn học tập và giảng viên chủ nhiệm có trách nhiệm tư vấn, hỗ trợ sinh viên trong việc điều chỉnh kế hoạch học tập, đăng ký học phần phù hợp để giúp sinh viên cải thiện kết quả học vụ, đặc biệt đối với những sinh viên bị cảnh cáo học vụ.",,
QD_1341,Sự khác biệt về số lượng sinh viên bị xử lý học vụ giữa các ngành đào tạo cho thấy điều gì?,Sự chênh lệch về số lượng sinh viên bị xử lý học vụ giữa các ngành cho thấy có những khó khăn và đặc thù riêng trong từng chương trình đào tạo hoặc đặc điểm học tập của sinh viên theo từng ngành học tại Trường Đại học Bình Dương.,,
QD_1341,Việc ban hành Quyết định số 1341/QĐ-ĐHBD phản ánh điều gì về việc thực thi quy chế đào tạo của nhà trường?,"Việc ban hành Quyết định số 1341/QĐ-ĐHBD thể hiện sự nghiêm túc của Trường Đại học Bình Dương trong việc thực thi các quy định học vụ, đảm bảo kỷ luật đào tạo và chất lượng đào tạo theo đúng quy định đã ban hành.",,
QD_1341,Ai là người ký ban hành Quyết định số 1341/QĐ-ĐHBD?,"Hiệu trưởng Trường Đại học Bình Dương – ông Cao Việt Hiếu là người ký ban hành Quyết định số 1341/QĐ-ĐHBD, trên cơ sở đề nghị của Trưởng phòng Quản lý đào tạo và Công tác sinh viên.",,
QD_1341,Phòng Quản lý đào tạo và Công tác sinh viên có vai trò gì trong việc thực hiện Quyết định số 1341/QĐ-ĐHBD?,"Phòng Quản lý đào tạo và Công tác sinh viên là đơn vị chủ trì, phối hợp với các phòng ban và khoa/bộ môn liên quan để tổ chức triển khai và giám sát thực hiện nội dung Quyết định số 1341/QĐ-ĐHBD.",,
QD_1341,Quyết định số 791/TTg của Thủ tướng Chính phủ liên quan gì đến Trường Đại học Bình Dương?,"Quyết định số 791/TTg ngày 24/9/1997 của Thủ tướng Chính phủ là văn bản thành lập Trường Đại học Dân lập Bình Dương, làm căn cứ pháp lý ban đầu cho sự tồn tại và hoạt động của nhà trường.",,
QD_1341,Quyết định số 1420/QĐ-TTg của Thủ tướng Chính phủ có vai trò gì trong quá trình phát triển của Trường Đại học Bình Dương?,"Quyết định số 1420/QĐ-TTg ngày 19/9/2017 của Thủ tướng Chính phủ là văn bản cho phép chuyển đổi Trường Đại học Dân lập Bình Dương thành Trường Đại học tư thục Bình Dương, đánh dấu sự chuyển đổi về loại hình tổ chức hoạt động của nhà trường.",,
QD_1341,Có bao nhiêu quyết định về Quy chế đào tạo trình độ đại học theo tín chỉ được viện dẫn trong Quyết định số 1341/QĐ-ĐHBD?,"Có ba quyết định về Quy chế đào tạo trình độ đại học theo tín chỉ được viện dẫn gồm: Quyết định số 200/QĐ-ĐHBD (2014), Quyết định số 484/QĐ-ĐHBD (2021), và Quyết định số 612/QĐ-ĐHBD (2022).",,
QD_1341,Quyết định số 1123/QĐ-ĐHBD liên quan đến nội dung gì?,"Quyết định số 1123/QĐ-ĐHBD ngày 04/10/2022 liên quan đến việc thành lập Hội đồng thi đua, khen thưởng và kỷ luật sinh viên năm học 2022-2023 tại Trường Đại học Bình Dương.",,
QD_1341,Tổng số sinh viên bị xử lý học vụ theo Quyết định số 1341/QĐ-ĐHBD là bao nhiêu?,"Tổng cộng có 935 sinh viên bị xử lý học vụ trong học kỳ 2, năm học 2022-2023 theo Quyết định số 1341/QĐ-ĐHBD.",,
QD_1341,Số sinh viên bị buộc thôi học theo Quyết định số 1341/QĐ-ĐHBD là bao nhiêu?,"Có 679 sinh viên bị buộc thôi học trong học kỳ 2, năm học 2022-2023 theo Quyết định số 1341/QĐ-ĐHBD.",,
QD_1341,Số sinh viên bị cảnh cáo học vụ theo Quyết định số 1341/QĐ-ĐHBD là bao nhiêu?,"Có 256 sinh viên bị cảnh cáo học vụ trong học kỳ 2, năm học 2022-2023 theo Quyết định số 1341/QĐ-ĐHBD.",,
QD_1341,Sinh viên bị xử lý học vụ thuộc những ngành đào tạo nào?,"Sinh viên bị xử lý học vụ thuộc nhiều ngành như Quản trị kinh doanh, Tài chính - Ngân hàng, Luật kinh tế, Ngôn ngữ Anh, Công nghệ kỹ thuật ô tô, Công nghệ thông tin, Kế toán cùng nhiều ngành khác được liệt kê chi tiết trong quyết định.",,
QD_1341,Có những ngành đào tạo nào không có sinh viên bị xử lý học vụ?,"Một số ngành không có sinh viên bị xử lý học vụ trong học kỳ 2 năm học 2022-2023 như: Công nghệ sinh học, Dược học hệ Hàn Quốc học, Nhật Bản học văn bằng 2, Công nghệ thực phẩm văn bằng 2, Logistics và Quản lý chuỗi cung ứng văn bằng 2, Văn học văn bằng 2.",,
QD_1341,Danh sách sinh viên bị buộc thôi học được công bố ở đâu trong Quyết định số 1341/QĐ-ĐHBD?,Danh sách sinh viên bị buộc thôi học được công bố trong phụ lục đính kèm Quyết định số 1341/QĐ-ĐHBD từ trang 4 đến trang 38.,,
QD_1341,Danh sách sinh viên bị cảnh cáo học vụ nằm ở đâu trong Quyết định số 1341/QĐ-ĐHBD?,Danh sách sinh viên bị cảnh cáo học vụ được công bố trong phụ lục đính kèm Quyết định số 1341/QĐ-ĐHBD từ trang 39 đến trang 61.,,
QD_1341,Những đơn vị nào chịu trách nhiệm hỗ trợ sinh viên bị xử lý học vụ?,"Các Khoa, Viện, Trung tâm, Phòng Quản lý đào tạo và Công tác sinh viên, Phòng Tài chính - Kế toán, Phòng Tổng hợp, Phòng Bảo đảm chất lượng và khảo thí, cùng cố vấn học tập, giảng viên chủ nhiệm đều có trách nhiệm phối hợp hỗ trợ sinh viên bị xử lý học vụ.",,
QD_1341,Sinh viên bị cảnh cáo học vụ nhận được những hỗ trợ gì?,"Sinh viên bị cảnh cáo học vụ được nhà trường yêu cầu các đơn vị liên quan tư vấn, hỗ trợ điều chỉnh kế hoạch học tập, đăng ký học phần nhằm khắc phục kết quả học vụ yếu kém.",,
QD_1341,Lý do Trường Đại học Bình Dương ban hành Quyết định số 1341/QĐ-ĐHBD?,Quyết định số 1341/QĐ-ĐHBD được ban hành nhằm đảm bảo thực hiện đúng các quy định về xử lý học vụ đã được quy định trong hệ thống các quy chế đào tạo của Trường Đại học Bình Dương.,,
QD_1341,Những hình thức đào tạo nào có sinh viên bị xử lý học vụ theo Quyết định số 1341/QĐ-ĐHBD?,"Sinh viên thuộc các hình thức đào tạo như đại học chính quy, vừa làm vừa học, liên thông, văn bằng 2 và từ xa đều có trường hợp bị xử lý học vụ.",,
QD_1341,Căn cứ pháp lý xử lý học vụ được quy định trong những văn bản nào?,"Quyết định số 1341/QĐ-ĐHBD căn cứ trên hệ thống quy chế đào tạo tín chỉ, các quyết định nội bộ của Trường Đại học Bình Dương và các văn bản pháp luật hiện hành về giáo dục đại học tại Việt Nam.",,
QD_1341,Sinh viên bị buộc thôi học có được tiếp tục học tại trường không?,"Sinh viên bị buộc thôi học sẽ không được tiếp tục theo học tại trường theo chương trình hiện tại, trừ trường hợp có quyết định khác do Trường Đại học Bình Dương ban hành.",,
QD_1341,Ai ký quyết định xử lý học vụ học kỳ 2 năm học 2022–2023?,"Quyết định được ban hành bởi ông Cao Việt Hiếu - Hiệu trưởng Trường Đại học Bình Dương, theo đề nghị của Trưởng phòng Quản lý đào tạo và Công tác sinh viên.",,
QD_2080,Quyết định số 2080/QĐ-ĐHBD do ai ký ban hành?,Quyết định số 2080/QĐ-ĐHBD được ký ban hành bởi ông Cao Việt Hiếu - Hiệu trưởng Trường Đại học Bình Dương.,,
QD_2080,Quyết định số 2080/QĐ-ĐHBD được ban hành vào ngày nào?,Quyết định số 2080/QĐ-ĐHBD được ký ban hành ngày 01 tháng 10 năm 2024.,,
QD_2080,Mục đích ban hành Quyết định số 2080/QĐ-ĐHBD của Trường Đại học Bình Dương là gì?,Mục đích của Quyết định số 2080/QĐ-ĐHBD là thành lập Hội đồng đánh giá kết quả rèn luyện sinh viên Trường Đại học Bình Dương năm học 2024–2025 (tái cơ cấu).,,
QD_2080,Lý do Hội đồng đánh giá kết quả rèn luyện sinh viên năm học 2024–2025 được ghi chú là '(tái cơ cấu)' là gì?,"Việc ghi chú '(tái cơ cấu)' cho thấy đây là sự điều chỉnh, sắp xếp lại thành phần nhân sự và cơ cấu tổ chức của Hội đồng đã có trước đó nhằm nâng cao hiệu quả hoạt động trong năm học 2024–2025.",,
QD_2080,Số lượng thành viên tham gia Hội đồng đánh giá kết quả rèn luyện sinh viên năm học 2024–2025 là bao nhiêu người?,"Hội đồng đánh giá kết quả rèn luyện sinh viên năm học 2024–2025 có tổng cộng 25 thành viên, bao gồm Chủ tịch, các Ủy viên và Thư ký Hội đồng.",,
QD_2080,Ai giữ chức vụ Chủ tịch Hội đồng đánh giá kết quả rèn luyện sinh viên theo Quyết định số 2080/QĐ-ĐHBD?,Chủ tịch Hội đồng đánh giá kết quả rèn luyện sinh viên theo Quyết định số 2080/QĐ-ĐHBD là bà Đỗ Đoan Trang – Phó Hiệu trưởng thường trực Trường Đại học Bình Dương.,,
QD_2080,Ai là Thư ký Hội đồng đánh giá kết quả rèn luyện sinh viên theo Quyết định số 2080/QĐ-ĐHBD?,Ông Nguyễn Phi Long – Nhân viên Phòng Quản lý đào tạo và Công tác sinh viên được phân công làm Thư ký Hội đồng.,,
QD_2080,Nhiệm vụ chính của Hội đồng đánh giá kết quả rèn luyện sinh viên năm học 2024–2025 là gì?,Hội đồng có nhiệm vụ thực hiện đánh giá kết quả rèn luyện của sinh viên theo đúng quy định của Trường Đại học Bình Dương và quy chế tổ chức đánh giá kết quả rèn luyện sinh viên năm học 2024–2025.,,
QD_2080,Hội đồng đánh giá kết quả rèn luyện sinh viên có quyền tham mưu điều chỉnh quy chế rèn luyện không?,"Hội đồng có quyền tham mưu, đề xuất điều chỉnh Quy chế đánh giá kết quả rèn luyện sinh viên theo tình hình thực tế nếu phát sinh nhu cầu thay đổi nhằm phù hợp với điều kiện đào tạo.",,
QD_2080,Các thành viên Hội đồng đánh giá kết quả rèn luyện sinh viên có được hưởng chế độ gì không?,Các thành viên Hội đồng đánh giá kết quả rèn luyện sinh viên được hưởng chế độ phụ cấp trách nhiệm theo quy định chung của Trường Đại học Bình Dương (nếu có).,,
QD_2080,Thời gian hoạt động của Hội đồng đánh giá kết quả rèn luyện sinh viên theo Quyết định số 2080/QĐ-ĐHBD được xác định như thế nào?,Hội đồng đánh giá kết quả rèn luyện sinh viên tự giải thể sau khi hoàn thành đầy đủ nhiệm vụ được giao theo nội dung của Quyết định số 2080/QĐ-ĐHBD.,,
QD_2080,Hiệu lực thi hành của Quyết định số 2080/QĐ-ĐHBD bắt đầu từ thời điểm nào?,"Quyết định số 2080/QĐ-ĐHBD có hiệu lực kể từ ngày ký ban hành, tức ngày 01 tháng 10 năm 2024.",,
QD_2080,Việc công khai danh sách thành viên Hội đồng đánh giá kết quả rèn luyện sinh viên mang ý nghĩa gì?,"Việc công khai danh sách thành viên Hội đồng nhằm đảm bảo tính minh bạch, công khai, đồng thời xác định rõ trách nhiệm của từng cá nhân tham gia trong quá trình thực hiện đánh giá kết quả rèn luyện sinh viên.",,
QD_2080,Mục đích trọng tâm của Hội đồng đánh giá kết quả rèn luyện sinh viên được thành lập theo Quyết định số 2080/QĐ-ĐHBD là gì?,Mục đích trọng tâm của Hội đồng là tổ chức đánh giá kết quả rèn luyện của sinh viên Trường Đại học Bình Dương trong năm học 2024–2025 theo quy định hiện hành.,,
QD_2080,"Ngoài nhiệm vụ đánh giá kết quả rèn luyện, Hội đồng đánh giá còn có quyền hạn gì khác?","Ngoài nhiệm vụ chính, Hội đồng còn có quyền tham mưu, đề xuất điều chỉnh Quy chế đánh giá kết quả rèn luyện sinh viên theo yêu cầu thực tiễn và hưởng các chế độ phụ cấp trách nhiệm theo quy định chung của Nhà trường (nếu có).",,
QD_2080,Ai là người được phân công giữ vai trò Thư ký Hội đồng đánh giá kết quả rèn luyện sinh viên năm học 2024–2025?,Ông Nguyễn Phi Long – Nhân viên Phòng Quản lý đào tạo và Công tác sinh viên được phân công giữ vai trò Thư ký Hội đồng theo Quyết định số 2080/QĐ-ĐHBD.,,
QD_468,Quyết định số 468/QĐ-ĐHBD quy định về nội dung gì?,Quyết định số 468/QĐ-ĐHBD quy định về việc ban hành Hướng dẫn phương pháp giảng dạy và đánh giá học phần tại Trường Đại học Bình Dương.,,
QD_468,Ai là người ký ban hành Quyết định số 468/QĐ-ĐHBD và vào ngày nào?,Hiệu trưởng Trường Đại học Bình Dương là người ký ban hành Quyết định số 468/QĐ-ĐHBD vào ngày 21 tháng 3 năm 2023.,,
QD_468,Mục đích chính của Hướng dẫn phương pháp giảng dạy và đánh giá học phần theo Quyết định số 468/QĐ-ĐHBD là gì?,"Mục đích nhằm hệ thống hóa các phương pháp giảng dạy và đánh giá học phần để đảm bảo chất lượng đào tạo, nâng cao hiệu quả dạy - học và đánh giá chính xác năng lực của sinh viên.",,
QD_468,Căn cứ pháp lý ban hành Hướng dẫn phương pháp giảng dạy và đánh giá học phần theo Quyết định số 468/QĐ-ĐHBD là gì?,"Căn cứ các quyết định, nghị quyết của Thủ tướng Chính phủ, Bộ Giáo dục và Đào tạo, Hội đồng Trường Đại học Bình Dương liên quan đến tổ chức, hoạt động và chất lượng đào tạo của nhà trường.",,
QD_468,Đối tượng áp dụng của Hướng dẫn phương pháp giảng dạy và đánh giá học phần theo Quyết định số 468/QĐ-ĐHBD là những ai?,"Hướng dẫn áp dụng cho toàn bộ cán bộ giảng dạy, các phòng/ban, khoa, trung tâm, các đơn vị chức năng và các cá nhân liên quan trong toàn trường chịu trách nhiệm thực hiện.",,
QD_468,Quyết định số 468/QĐ-ĐHBD quy định các chuẩn đầu ra chương trình đào tạo bao gồm những nội dung gì?,"Chuẩn đầu ra bao gồm ba nhóm nội dung chính: Kiến thức, Kỹ năng và Mức độ tự chủ, tự chịu trách nhiệm. Cụ thể được trình bày trong Bảng 1 của tài liệu.",,
QD_468,Chuẩn đầu ra về Kiến thức (Knowledge) trong Quyết định số 468/QĐ-ĐHBD gồm những nội dung gì?,"Bao gồm kiến thức lý luận chính trị, pháp luật, quốc phòng an ninh, khoa học xã hội và nhân văn, khoa học tự nhiên và khả năng vận dụng kiến thức vào lĩnh vực đào tạo, khoa học và đời sống.",,
QD_468,Chuẩn đầu ra về Kỹ năng (Skills) trong Quyết định số 468/QĐ-ĐHBD gồm những kỹ năng gì?,"Gồm các kỹ năng: thu thập, phân tích thông tin, giải quyết vấn đề, xây dựng ý tưởng, giao tiếp, làm việc nhóm, tư duy phản biện, kỹ năng nghề nghiệp chuyên sâu và kỹ năng kiến tạo thương hiệu cá nhân.",,
QD_468,"Chuẩn đầu ra về Mức độ tự chủ, tự chịu trách nhiệm (Autonomy, Responsibility) trong Quyết định số 468/QĐ-ĐHBD thể hiện nội dung gì?","Thể hiện khả năng làm việc độc lập, làm việc nhóm hiệu quả, thích ứng với môi trường làm việc, tinh thần trách nhiệm, đạo đức nghề nghiệp, lối sống tích cực và trách nhiệm công dân.",,
QD_468,Quyết định số 468/QĐ-ĐHBD quy định những nhóm phương pháp giảng dạy chính nào?,Bao gồm: Dạy học trực tiếp; Dạy học dựa vào hoạt động - trải nghiệm; Dạy học dựa vào nghệ thuật; Dạy kỹ năng tư duy; Dạy học tương tác; Dạy học theo hướng nghiên cứu; Dạy học dựa vào công nghệ; và Tự học.,,
QD_468,Ví dụ về phương pháp Dạy học dựa vào hoạt động - trải nghiệm trong Quyết định số 468/QĐ-ĐHBD là gì?,"Gồm các phương pháp như: trò chơi, thực hành, thí nghiệm, thực tập thực tế, thảo luận, tranh biện, mô hình, mô phỏng, đóng vai, giải quyết vấn đề, tập kích não, học theo tình huống.",,
QD_468,Quyết định số 468/QĐ-ĐHBD đưa ra những phương pháp đánh giá học phần nào?,"Bao gồm 3 nhóm: Đánh giá quá trình (On-going/Formative Assessment), Tự học tại thư viện và Đánh giá tổng kết (Summative Assessment).",,
QD_468,Đánh giá quá trình (On-going/Formative Assessment) theo Quyết định số 468/QĐ-ĐHBD bao gồm những hình thức nào?,"Bao gồm: đánh giá chuyên cần, đánh giá bài tập cá nhân, đánh giá bài thuyết trình và đánh giá làm việc nhóm.",,
QD_468,Đánh giá tổng kết (Summative Assessment) theo Quyết định số 468/QĐ-ĐHBD bao gồm những hình thức nào?,"Bao gồm: kiểm tra viết, kiểm tra trắc nghiệm, đánh giá báo cáo/tiểu luận, đánh giá thực tập, đánh giá thực hành tại phòng thí nghiệm, bài tập lớn, bảo vệ đề tài, thi vấn đáp và khóa luận tốt nghiệp.",,
QD_468,Việc đánh giá kết quả học tập trong Quyết định số 468/QĐ-ĐHBD được thực hiện theo thang nhận thức nào?,"Theo thang nhận thức Bloom, gồm các cấp độ: Ghi nhớ, Hiểu biết, Vận dụng, Phân tích, Đánh giá và Sáng tạo.",,
QD_468,"Theo thang Bloom, cấp độ Hiểu biết (Understand) được định nghĩa như thế nào trong Quyết định số 468/QĐ-ĐHBD?","Sinh viên nắm được ý nghĩa thông tin, có khả năng diễn giải, suy luận, liên hệ và ứng dụng những kiến thức đã học vào các tình huống tương tự.",,
QD_468,Quy trình thiết kế ma trận đề thi trong Quyết định số 468/QĐ-ĐHBD gồm những bước gì?,"Bao gồm: xác định chủ đề, viết chuẩn đánh giá cho từng cấp độ tư duy, phân phối điểm số, xác định số lượng câu hỏi phù hợp với mỗi cấp độ nhận thức Bloom.",,
QD_468,Rubric trong Quyết định số 468/QĐ-ĐHBD được sử dụng với mục đích gì?,"Rubric được sử dụng để mô tả chi tiết các tiêu chí đánh giá kết quả học tập một cách hệ thống, đảm bảo công bằng, minh bạch và khách quan.",,
QD_468,Có những loại Rubric nào được quy định trong Quyết định số 468/QĐ-ĐHBD?,Gồm hai loại: Rubric tổng hợp (Holistic Rubric) đánh giá tổng thể và Rubric phân tích (Analytic Rubric) đánh giá chi tiết từng tiêu chí nhỏ.,,
QD_468,Nguyên tắc thiết kế Rubric trong Quyết định số 468/QĐ-ĐHBD gồm những gì?,"Gồm các nguyên tắc: lý tưởng hóa, phân hóa, khách quan hóa, kích thích động lực học tập và phát triển năng lực người học.",,
QD_468,Quy trình xây dựng Rubric trong Quyết định số 468/QĐ-ĐHBD gồm mấy bước?,"Gồm 5 bước: xây dựng tiêu chí đánh giá, xác định sự tương thích với chuẩn đầu ra, xác định mức đánh giá, mô tả cụ thể các mức điểm và sử dụng, điều chỉnh Rubric sau thực tế áp dụng.",,
QD_468,"Quyết định số 468/QĐ-ĐHBD có quy định về ma trận liên kết phương pháp giảng dạy, đánh giá và chuẩn đầu ra không?","Có, tài liệu đưa ra các bảng (Bảng 3, Bảng 4, Bảng 5) thể hiện mối quan hệ giữa phương pháp giảng dạy, phương pháp đánh giá và các chuẩn đầu ra (PLOs).",,
QD_468,Việc điều chỉnh Rubric đánh giá trong Quyết định số 468/QĐ-ĐHBD được xem như một quá trình như thế nào?,"Là một quá trình điều chỉnh liên tục, có sự tham gia của giảng viên, sinh viên và chuyên gia nhằm đảm bảo Rubric phù hợp thực tiễn và mục tiêu đào tạo.",,
QD_868,Tài liệu QD_868 quy định về vấn đề gì?,Tài liệu QD_868 quy định về Khung kế hoạch thời gian năm học 2024-2025 tại Trường Đại học Bình Dương.,,
QD_868,Thời gian bắt đầu và kết thúc năm học 2024-2025 là khi nào?,Năm học 2024-2025 tại Trường Đại học Bình Dương bắt đầu từ ngày 09/9/2024 và kết thúc vào ngày 07/9/2025.,,
QD_868,Học kỳ 1 của năm học 2024-2025 diễn ra trong thời gian nào?,Học kỳ 1 của năm học 2024-2025 diễn ra từ ngày 09/9/2024 đến ngày 29/12/2024.,,
QD_868,Học kỳ 2 của năm học 2024-2025 diễn ra trong thời gian nào?,Học kỳ 2 của năm học 2024-2025 diễn ra từ ngày 30/12/2024 đến ngày 27/4/2025.,,
QD_868,Học kỳ 3 của năm học 2024-2025 diễn ra trong thời gian nào?,Học kỳ 3 của năm học 2024-2025 diễn ra từ ngày 28/4/2025 đến ngày 10/8/2025.,,
QD_868,Kỳ nghỉ hè của năm học 2024-2025 diễn ra khi nào?,Kỳ nghỉ hè của năm học 2024-2025 diễn ra từ ngày 11/8/2025 đến ngày 07/9/2025.,,
QD_868,Lễ khai giảng năm học 2024-2025 được tổ chức vào ngày nào?,Lễ khai giảng năm học 2024-2025 được tổ chức vào ngày 09/9/2024.,,
QD_868,Ngày Nhà giáo Việt Nam trong năm học 2024-2025 rơi vào ngày nào?,Ngày Nhà giáo Việt Nam trong năm học 2024-2025 rơi vào ngày 20/11/2024.,,
QD_868,Thời gian nghỉ Tết Nguyên đán trong năm học 2024-2025 diễn ra từ ngày nào đến ngày nào?,Thời gian nghỉ Tết Nguyên đán trong năm học 2024-2025 diễn ra từ ngày 20/01/2025 đến hết ngày 02/02/2025.,,
QD_868,"Theo Quyết định QD_868, các đơn vị trong Trường Đại học Bình Dương có trách nhiệm gì?","Theo Quyết định QD_868, các đơn vị trong Trường Đại học Bình Dương có trách nhiệm xây dựng kế hoạch chi tiết và triển khai thực hiện theo chức năng, nhiệm vụ được giao.",,
QD_868,"Theo Quyết định QD_868, Phòng Quản lý đào tạo và Công tác sinh viên có trách nhiệm gì?","Theo Quyết định QD_868, Phòng Quản lý đào tạo và Công tác sinh viên có trách nhiệm tổng hợp, báo cáo và tham mưu Hiệu trưởng về các vấn đề phát sinh trong quá trình thực hiện kế hoạch năm học.",,
QD_868,Ngày Quốc khánh 02/9/2025 thuộc thời gian nào của năm học 2024-2025?,Ngày Quốc khánh 02/9/2025 rơi vào thứ Ba và thuộc kỳ nghỉ hè của năm học 2024-2025.,,
QD_868,Ngày kỷ niệm 27 năm thành lập Trường Đại học Bình Dương là ngày nào?,Ngày kỷ niệm 27 năm thành lập Trường Đại học Bình Dương là ngày 24/9/2024.,,
QD_868,Hội nghị tổng kết năm học 2023-2024 và triển khai nhiệm vụ năm học 2024-2025 diễn ra vào ngày nào?,Hội nghị tổng kết năm học 2023-2024 và triển khai nhiệm vụ năm học 2024-2025 diễn ra vào ngày 05/8/2024.,,
QD_868,Tài liệu có tên đầy đủ là gì?,Tài liệu có tên đầy đủ là 'QD_868_ban_hanh_khung_ke_hoach_thoi_gian_nam_hoc.pdf' quy định Khung kế hoạch thời gian năm học 2024-2025 cho các trình độ đào tạo tại Trường Đại học Bình Dương.,,
QD_868,Khung kế hoạch thời gian năm học 2024-2025 bắt đầu và kết thúc vào thời gian nào?,Khung kế hoạch thời gian năm học 2024-2025 bắt đầu từ ngày 09/9/2024 và kết thúc vào ngày 07/9/2025.,,
QD_868,Học kỳ 1 năm học 2024-2025 kéo dài bao lâu và từ ngày nào đến ngày nào?,"Học kỳ 1 kéo dài 16 tuần, từ ngày 09/9/2024 đến ngày 29/12/2024.",,
QD_868,Học kỳ 2 năm học 2024-2025 kéo dài bao lâu và từ ngày nào đến ngày nào?,"Học kỳ 2 kéo dài 17 tuần, từ ngày 30/12/2024 đến ngày 27/4/2025.",,
QD_868,Học kỳ 3 năm học 2024-2025 kéo dài bao lâu và từ ngày nào đến ngày nào?,"Học kỳ 3 kéo dài 15 tuần, từ ngày 28/4/2025 đến ngày 10/8/2025.",,
QD_868,Kỳ nghỉ hè năm học 2024-2025 kéo dài bao lâu và từ ngày nào đến ngày nào?,"Kỳ nghỉ hè kéo dài 04 tuần, từ ngày 11/8/2025 đến ngày 07/9/2025.",,
QD_868,Ngày khai giảng năm học 2024-2025 là ngày nào?,Ngày khai giảng năm học 2024-2025 là ngày 09/9/2024 (thứ Hai).,,
QD_868,Hội nghị tổng kết năm học 2023-2024 và triển khai phương hướng nhiệm vụ năm học 2024-2025 tổ chức vào ngày nào?,Hội nghị tổng kết năm học 2023-2024 và triển khai phương hướng nhiệm vụ năm học 2024-2025 tổ chức vào ngày 05/8/2024 (thứ Hai).,,
QD_868,Ngày kỷ niệm 27 năm thành lập Trường Đại học Bình Dương diễn ra vào ngày nào?,Ngày kỷ niệm 27 năm thành lập Trường Đại học Bình Dương diễn ra vào ngày 24/9/2024 (thứ Ba).,,
QD_868,Ngày Nhà giáo Việt Nam 20/11/2024 rơi vào thứ mấy?,Ngày Nhà giáo Việt Nam 20/11/2024 rơi vào thứ Tư.,,
QD_868,Thời gian nghỉ Tết Nguyên đán năm 2025 kéo dài bao lâu và diễn ra từ ngày nào đến ngày nào?,"Thời gian nghỉ Tết Nguyên đán năm 2025 kéo dài 02 tuần, từ ngày 20/01/2025 (21/12 âm lịch) đến hết ngày 02/02/2025 (05/01 âm lịch).",,
QD_868,Ngày Giỗ Tổ Hùng Vương (10/3 âm lịch) năm 2025 rơi vào ngày nào dương lịch?,Ngày Giỗ Tổ Hùng Vương (10/3 âm lịch) năm 2025 rơi vào ngày 07/4/2025 (thứ Hai).,,
QD_868,Ngày giải phóng miền Nam thống nhất đất nước (30/4/1975) năm 2025 rơi vào thứ mấy?,Ngày giải phóng miền Nam thống nhất đất nước (30/4/1975) năm 2025 rơi vào thứ Tư.,,
QD_868,Ngày Quốc tế Lao động (01/5) năm 2025 rơi vào thứ mấy?,Ngày Quốc tế Lao động (01/5) năm 2025 rơi vào thứ Năm.,,
QD_868,Ngày Quốc khánh nước Cộng hòa Xã hội Chủ nghĩa Việt Nam (02/9/1945) năm 2025 rơi vào thứ mấy?,Ngày Quốc khánh nước Cộng hòa Xã hội Chủ nghĩa Việt Nam (02/9/1945) năm 2025 rơi vào thứ Ba.,,
QD_868,"Theo Quyết định QD_868, các đơn vị thuộc Trường Đại học Bình Dương có trách nhiệm gì?","Theo Quyết định QD_868, các đơn vị thuộc Trường Đại học Bình Dương có trách nhiệm triển khai xây dựng kế hoạch chi tiết để thực hiện theo chức năng, nhiệm vụ được giao.",,
QD_868,"Theo Quyết định QD_868, Phòng Quản lý đào tạo và Công tác sinh viên có vai trò gì?","Theo Quyết định QD_868, Phòng Quản lý đào tạo và Công tác sinh viên có trách nhiệm tổng hợp, báo cáo tham mưu Hiệu trưởng về các vấn đề phát sinh trong quá trình thực hiện và điều chỉnh kế hoạch phù hợp với tình hình thực tế.",,
QD_868,Tính chất của Quyết định QD_868 là gì?,"Quyết định QD_868 là văn bản hành chính có giá trị pháp lý, quy định cụ thể Khung kế hoạch thời gian năm học 2024-2025 tại Trường Đại học Bình Dương.",,
QD_1414,Quyết định số 1414/QĐ-ĐHBD ban hành vào thời gian nào và nhằm mục đích gì?,Quyết định số 1414/QĐ-ĐHBD được ban hành ngày 18 tháng 07 năm 2024.,,
QD_1414,Mục đích của quyết định số 1414/QĐ-ĐHBD là gì?,Nhằm thành lập Ban Huấn luyện và Đội tuyển sinh viên Trường Đại học Bình Dương tham gia cuộc thi 'AIOT Developer Innoworks 2024' do Tập đoàn Advantech (Đài Loan) tổ chức.,,
QD_1414,Cơ sở pháp lý nào được sử dụng để ban hành Quyết định số 1414/QĐ-ĐHBD?,"Quyết định số 1414/QĐ-ĐHBD được ban hành dựa trên các quyết định và nghị quyết từ Chính phủ, Bộ Giáo dục và Đào tạo, Hội đồng trường và Hiệu trưởng Trường Đại học Bình Dương, bao gồm Quyết định 791/TTg, 1420/QĐ-TTg, Nghị quyết 02/NQ-ĐHBD-HNNĐ T, và các kế hoạch nội bộ của Khoa Công nghệ thông tin, Robot và Trí tuệ nhân tạo.",,
QD_1414,Ban Huấn luyện tham gia cuộc thi AIOT Developer Innoworks 2024 gồm những ai và nhiệm vụ gì?,"Ban Huấn luyện gồm ông Dương Anh Tuấn (Giảng viên, hướng dẫn đội BDU-01) và ông Nguyễn Quân (Nhân viên, hướng dẫn đội BDU-02) thuộc Khoa Công nghệ thông tin, Robot và Trí tuệ nhân tạo, Trường Đại học Bình Dương.",,
QD_1414,Các thành viên trong Đội tuyển sinh viên BDU-01 và BDU-02 là ai?,"Đội tuyển BDU-01 gồm: Nguyễn Thị Ngọc Mai (Đội trưởng), Lê Quang Nhân, Luyện Xuân Minh Đức, Tăng Đức Tiến, Phạm Hoàng Bửu. Đội BDU-02 gồm: Nguyễn Hoàng Nam (Đội trưởng), Nguyễn Kỳ Quang, Trần Minh Huân, Trần Gia Nguyên, Đào Văn Hiếu.",,
QD_1414,Chi phí cho việc di chuyển thi đấu của Đội tuyển sinh viên được quy định như thế nào trong Quyết định số 1414/QĐ-ĐHBD?,"Chi phí di chuyển do Bộ phận Quản trị thiết bị thuộc Phòng Tổng hợp bố trí và được duyệt theo kế hoạch, bao gồm dự trù chi phí xăng và phí đường bộ.",,
QD_1414,Ban Huấn luyện và Đội tuyển sinh viên có trách nhiệm gì sau khi hoàn thành cuộc thi AIOT Developer Innoworks 2024?,"Theo Quyết định số 1414/QĐ-ĐHBD, Ban Huấn luyện và Đội tuyển sinh viên sẽ tự giải thể sau khi hoàn thành nhiệm vụ tham gia cuộc thi.",,
QD_1414,Ông Nguyễn Thanh Sơn có nhiệm vụ gì theo Quyết định số 1414/QĐ-ĐHBD?,"Ông Nguyễn Thanh Sơn, Phó Trưởng khoa Công nghệ thông tin, Robot và Trí tuệ nhân tạo có trách nhiệm báo cáo Hiệu trưởng Trường Đại học Bình Dương về kết quả của Đội tuyển và Ban Huấn luyện sau khi cuộc thi kết thúc.",,
QD_1414,Địa điểm tổ chức cuộc thi AIOT Developer Innoworks 2024 được nêu trong Quyết định số 1414/QĐ-ĐHBD là ở đâu?,"Địa điểm tổ chức cuộc thi được nêu trong Quyết định số 1414/QĐ-ĐHBD là Trường Đại học Việt Đức, đường Vành đai 4, phường Thới Hòa, thành phố Bến Cát, tỉnh Bình Dương.",,
QD_1414,Thời gian tham dự cuộc thi AIOT Developer Innoworks 2024 được xác định như thế nào trong Quyết định số 1414/QĐ-ĐHBD?,"Thời gian tham gia cuộc thi được thực hiện theo Kế hoạch số 99/KH-FIRA ngày 02 tháng 7 năm 2024 của Khoa Công nghệ thông tin, Robot và Trí tuệ nhân tạo.",,
QD_1414,Trường Đại học Bình Dương thể hiện sự đầu tư như thế nào đối với hoạt động tham gia cuộc thi AIOT Developer Innoworks 2024?,"Trường Đại học Bình Dương thể hiện sự đầu tư nghiêm túc qua việc thành lập đội ngũ huấn luyện và tuyển sinh viên, hỗ trợ tài chính, hành chính và khuyến khích sinh viên tham gia các hoạt động công nghệ mang tầm quốc tế như AIOT Developer Innoworks 2024.",,
QD_1414,Ngành học của các sinh viên trong Đội tuyển tham gia cuộc thi AIOT Developer Innoworks 2024 là gì?,"Tất cả sinh viên trong Đội tuyển BDU-01 và BDU-02 đều là sinh viên ngành Công nghệ thông tin, Trường Đại học Bình Dương.",,
QD_1414,Kế hoạch số 99/KH-FIRA ngày 02/07/2024 có vai trò gì trong Quyết định số 1414/QĐ-ĐHBD?,"Kế hoạch số 99/KH-FIRA ngày 02/07/2024 của Khoa Công nghệ thông tin, Robot và Trí tuệ nhân tạo là căn cứ để tổ chức việc tham gia cuộc thi AIOT Developer Innoworks 2024.",,
QD_1414,Tờ trình số 106/TTr-FIRA ngày 15/07/2024 có nội dung gì liên quan đến Quyết định số 1414/QĐ-ĐHBD?,Tờ trình số 106/TTr-FIRA ngày 15/07/2024 đề xuất phê duyệt bổ sung Kế hoạch tham dự cuộc thi AIOT Developer Innoworks 2024.,,
QD_1414,Những phòng ban nào có trách nhiệm thực hiện thủ tục tài chính liên quan đến cuộc thi AIOT Developer Innoworks 2024 theo Quyết định số 1414/QĐ-ĐHBD?,"Phòng Tài chính - Kế toán, Phòng Tổng hợp, Phòng Thanh tra - Pháp chế và Kiểm toán nội bộ có trách nhiệm thực hiện thủ tục tài chính và thanh toán kinh phí theo Quyết định số 1414/QĐ-ĐHBD.",,
QD_1414,"Sau khi giải thể, ai là người phải báo cáo kết quả tham dự cuộc thi AIOT Developer Innoworks 2024?","Ông Nguyễn Thanh Sơn - Phó Trưởng khoa, Khoa Công nghệ thông tin, Robot và Trí tuệ nhân tạo có trách nhiệm báo cáo Hiệu trưởng Trường Đại học Bình Dương về kết quả của Đội tuyển và Ban Huấn luyện.",,
QD_2527,Quyết định số 2527/QĐ-ĐHBD ban hành ngày nào?,Quyết định số 2527/QĐ-ĐHBD được ban hành vào ngày 06 tháng 12 năm 2024.,,
QD_2527,Quyết định số 2527/QĐ-ĐHBD có mục đích gì?,Quyết định số 2527/QĐ-ĐHBD nhằm ban hành Kế hoạch đào tạo trình độ đại học ngành Công nghệ thông tin cho người đã có bằng tốt nghiệp đại học theo hình thức chính quy và vừa làm vừa học tại Trường Đại học Bình Dương.,,
QD_2527,Đối tượng áp dụng trong Quyết định số 2527/QĐ-ĐHBD là ai?,Đối tượng áp dụng là người đã có bằng tốt nghiệp đại học muốn tiếp tục học ngành Công nghệ thông tin.,,
QD_2527,Thời gian đào tạo trong Quyết định số 2527/QĐ-ĐHBD là bao lâu?,Thời gian đào tạo dự kiến là 2.5 năm hoặc có thể được rút ngắn tùy theo tiến độ của người học.,,
QD_2527,Có thể miễn trừ học phần nào theo Quyết định số 2527/QĐ-ĐHBD?,Các học phần đã được công nhận kết quả học tập và không nằm trong kế hoạch đào tạo hiện tại sẽ được miễn trừ.,,
QD_2527,Quyết định số 2527/QĐ-ĐHBD có hiệu lực từ khi nào?,"Quyết định số 2527/QĐ-ĐHBD có hiệu lực kể từ ngày ký, tức ngày 06 tháng 12 năm 2024.",,
QD_2527,Những đơn vị nào có trách nhiệm thi hành Quyết định số 2527/QĐ-ĐHBD?,"Các đơn vị gồm: Phòng Tổng hợp, Phòng Tài chính – Kế toán, Phòng Quản lý đào tạo và Công tác sinh viên, Phòng Bảo đảm chất lượng và Khảo thí, Phân hiệu Trường Đại học Bình Dương tại Cà Mau, Khoa Công nghệ thông tin, Robot và Trí tuệ nhân tạo, Viện Đào tạo mở và Nghiên cứu phát triển.",,
QD_2527,Tổng số tín chỉ của chương trình đào tạo ngành Công nghệ thông tin theo Quyết định số 2527/QĐ-ĐHBD là bao nhiêu?,"Tổng số tín chỉ là 137, trong đó có 129 tín chỉ chuyên ngành và 8 tín chỉ ngoại ngữ.",,
QD_2527,Môn học nào thuộc nhóm môn học cơ sở ngành được học ở năm 1 học kỳ 1 theo Quyết định số 2527/QĐ-ĐHBD?,"Các môn học gồm: Tin học cơ sở (INF1383), Nhập môn lập trình (INF0433), Mạng máy tính (INF0263), Kiến trúc máy tính (INF1393).",,
QD_2527,Chương trình đào tạo ngành Công nghệ thông tin theo Quyết định số 2527/QĐ-ĐHBD chú trọng điều gì?,"Chương trình chú trọng thực hành với tổng cộng 1350 giờ, đảm bảo sinh viên có kỹ năng làm việc thực tế sau khi tốt nghiệp.",,
QD_2527,Môn học nào được học ở học kỳ cuối cùng của chương trình đào tạo theo Quyết định số 2527/QĐ-ĐHBD?,"Môn học là Đồ án tốt nghiệp (INF0137) gồm 7 tín chỉ lý thuyết và 105 giờ thực hành, học ở năm 3 học kỳ 2.",,
QD_2527,"Ngoài chuyên ngành, sinh viên học ngành Công nghệ thông tin theo Quyết định số 2527/QĐ-ĐHBD còn học ngoại ngữ nào?","Sinh viên học 3 môn ngoại ngữ: Tiếng Hoa 1 (CHN0052), Tiếng Hoa 2 (CHN0062), và Tiếng Anh nâng cao (ENG1664).",,
QD_2527,Chương trình đào tạo ngành Công nghệ thông tin theo Quyết định số 2527/QĐ-ĐHBD có đặc điểm gì nổi bật?,"Chương trình linh hoạt cho người học đã có bằng đại học, cho phép quy đổi và miễn trừ học phần, cập nhật các xu hướng công nghệ mới, và có số giờ thực hành cao.",,
QD_2527,Chương trình đào tạo ngành Công nghệ thông tin tại Trường Đại học Bình Dương áp dụng cho đối tượng nào?,Chương trình đào tạo này áp dụng cho người đã có bằng tốt nghiệp đại học muốn tiếp tục học ngành Công nghệ thông tin.,,
QD_2527,Thời gian đào tạo theo Quyết định 2527/QĐ-ĐHBD là bao lâu?,Thời gian đào tạo dự kiến là 2.5 năm hoặc có thể ngắn hơn nếu tiến độ học tập được đẩy nhanh.,,
QD_2527,Chương trình đào tạo theo Quyết định 2527/QĐ-ĐHBD được chia thành mấy phần chính?,"Chương trình được chia thành 2 phần chính: nhóm môn học cơ sở ngành, chuyên ngành và nhóm môn học ngoại ngữ.",,
QD_2527,"Theo Quyết định 2527/QĐ-ĐHBD, tổng số tín chỉ trong chương trình đào tạo là bao nhiêu?","Tổng số tín chỉ của chương trình là 137 tín chỉ, gồm 129 tín chỉ chuyên ngành và 8 tín chỉ ngoại ngữ.",,
QD_2527,Các học phần đã học trước có được miễn trừ khi học chương trình đào tạo ngành Công nghệ thông tin không?,Các học phần đã được công nhận kết quả học tập sẽ được miễn trừ nếu không nằm trong kế hoạch đào tạo hiện tại.,,
QD_2527,Chương trình đào tạo ngành Công nghệ thông tin có bao nhiêu giờ thực hành?,Chương trình có tổng cộng 1350 giờ thực hành trải đều qua các học kỳ.,,
QD_2527,Môn học 'Đồ án tốt nghiệp' trong chương trình đào tạo ngành CNTT có bao nhiêu tín chỉ và thời gian thực hành?,"Môn học 'Đồ án tốt nghiệp' có 7 tín chỉ lý thuyết và 105 giờ thực hành, được học vào năm 3, học kỳ 2.",,
QD_2527,Ai chịu trách nhiệm thi hành Quyết định số 2527/QĐ-ĐHBD tại Trường Đại học Bình Dương?,"Các đơn vị như Phòng Tổng hợp, Phòng Tài chính – Kế toán, Phòng Quản lý đào tạo và Công tác sinh viên, Phòng Bảo đảm chất lượng và Khảo thí, Phân hiệu Cà Mau, Khoa CNTT, Viện Đào tạo mở và Nghiên cứu phát triển chịu trách nhiệm thi hành Quyết định này.",,
QD_875,Mục đích của Quyết định số 875/QĐ-ĐHBD ngày 21/5/2024 là gì?,Quyết định số 875/QĐ-ĐHBD ngày 21/5/2024 nhằm thành lập Hội đồng Đánh giá Chương trình Đào tạo trình độ đại học ngành Công nghệ Thông tin tại Trường Đại học Bình Dương.,,
QD_875,Căn cứ pháp lý nào được sử dụng để ban hành Quyết định số 875/QĐ-ĐHBD?,"Quyết định số 875/QĐ-ĐHBD được ban hành dựa trên các văn bản pháp lý như Quyết định số 791/TTg năm 1997, Quyết định số 1420/QĐ-TTg năm 2017, Thông tư 38/2013/TT-BGDĐT, Thông tư 04/2016/TT-BGDĐT và Công văn số 2085/QLCL-KĐCLGD năm 2020.",,
QD_875,Quyết định số 875/QĐ-ĐHBD thay thế cho quyết định nào trước đó?,Quyết định số 875/QĐ-ĐHBD thay thế cho Quyết định số 2190/QĐ-ĐHBD ngày 26 tháng 12 năm 2023 về việc thành lập Hội đồng tự đánh giá chương trình đào tạo đại học ngành Công nghệ thông tin.,,
QD_875,Hội đồng tự đánh giá theo Quyết định số 875/QĐ-ĐHBD có nhiệm vụ gì?,Hội đồng tự đánh giá theo Quyết định số 875/QĐ-ĐHBD có nhiệm vụ triển khai tự đánh giá chương trình đào tạo ngành Công nghệ thông tin theo tiêu chuẩn đánh giá chất lượng ban hành kèm theo Thông tư 04/2016/TT-BGDĐT và Công văn số 2085/QLCL-KĐCLGD.,,
QD_875,Ai là Chủ tịch Hội đồng tự đánh giá theo Quyết định số 875/QĐ-ĐHBD?,Hiệu trưởng Trường Đại học Bình Dương – ông Cao Việt Hiếu là Chủ tịch Hội đồng tự đánh giá theo Quyết định số 875/QĐ-ĐHBD.,,
QD_875,Ban thư ký hỗ trợ Hội đồng tự đánh giá theo Quyết định số 875/QĐ-ĐHBD có ai làm trưởng ban?,"Ông Trần Minh Đàn, Trưởng phòng Bảo đảm chất lượng và Khảo thí, là Trưởng ban Thư ký hỗ trợ Hội đồng tự đánh giá theo Quyết định số 875/QĐ-ĐHBD.",,
QD_875,Nhóm công tác chuyên trách trong Hội đồng tự đánh giá theo Quyết định số 875/QĐ-ĐHBD gồm bao nhiêu người?,Các nhóm công tác chuyên trách trong Hội đồng tự đánh giá theo Quyết định số 875/QĐ-ĐHBD có tổng cộng 34 thành viên.,,
QD_875,Vai trò của sinh viên trong Hội đồng tự đánh giá theo Quyết định số 875/QĐ-ĐHBD là gì?,"Sinh viên Nguyễn Thị Ngọc Mai, MSSV: 20050013, tham gia làm thành viên Hội đồng tự đánh giá, thể hiện sự tiếp cận toàn diện trong công tác đánh giá chương trình đào tạo theo Quyết định số 875/QĐ-ĐHBD.",,
QD_875,Hội đồng tự đánh giá theo Quyết định số 875/QĐ-ĐHBD hoạt động theo tiêu chuẩn nào?,Hội đồng tự đánh giá hoạt động theo tiêu chuẩn đánh giá chất lượng chương trình đào tạo ban hành tại Thông tư số 04/2016/TT-BGDĐT và Công văn số 2085/QLCL-KĐCLGD của Bộ Giáo dục và Đào tạo.,,
QD_875,Quyết định số 875/QĐ-ĐHBD có hiệu lực từ khi nào?,"Quyết định số 875/QĐ-ĐHBD có hiệu lực kể từ ngày ký, tức ngày 21 tháng 5 năm 2024.",,
QD_875,Hội đồng tự đánh giá theo Quyết định 875/QĐ-ĐHBD gồm bao nhiêu thành viên?,"Theo Quyết định 875/QĐ-ĐHBD, Hội đồng tự đánh giá gồm 17 thành viên.",,
QD_875,Ai là Phó Chủ tịch thường trực của Hội đồng tự đánh giá theo Quyết định 875/QĐ-ĐHBD?,TS. Đỗ Đoan Trang – Phó Hiệu trưởng thường trực Trường Đại học Bình Dương là Phó Chủ tịch thường trực của Hội đồng tự đánh giá theo Quyết định 875/QĐ-ĐHBD.,,
QD_875,Hội đồng tự đánh giá được hỗ trợ bởi các nhóm công tác nào theo Quyết định 875/QĐ-ĐHBD?,"Theo Quyết định 875/QĐ-ĐHBD, Hội đồng tự đánh giá được hỗ trợ bởi Ban thư ký và các nhóm công tác chuyên trách.",,
QD_875,Nhiệm vụ của Nhóm Tổng hợp trong Hội đồng tự đánh giá là gì?,"Nhiệm vụ của Nhóm Tổng hợp là tổng hợp thông tin, viết báo cáo tự đánh giá, thu thập minh chứng và giải trình với Đoàn Đánh giá Ngoài theo Quyết định 875/QĐ-ĐHBD.",,
QD_875,Ai là Trưởng nhóm của Nhóm 1 trong các nhóm chuyên trách theo Quyết định 875/QĐ-ĐHBD?,"Trưởng nhóm của Nhóm 1 là ông Nguyễn Thanh Sơn, Phó trưởng khoa IRA, theo Quyết định 875/QĐ-ĐHBD.",,
QD_875,Nhiệm vụ của các nhóm chuyên trách trong Hội đồng tự đánh giá là gì?,"Nhiệm vụ của các nhóm chuyên trách là viết báo cáo tự đánh giá, thu thập minh chứng và giải trình với Đoàn Đánh giá Ngoài theo Quyết định 875/QĐ-ĐHBD.",,
QD_875,Quyết định 875/QĐ-ĐHBD phân công trách nhiệm cho những đơn vị nào thi hành?,"Quyết định 875/QĐ-ĐHBD phân công trách nhiệm cho các phòng ban như: Phòng Tổng hợp, Phòng Tài chính - Kế toán, Phòng Quản lý đào tạo và Công tác sinh viên, Phòng Bảo đảm chất lượng và Khảo thí, Khoa IRA và các đơn vị liên quan thi hành.",,
QD_875,Ai là Trưởng nhóm của Nhóm 3 trong các nhóm chuyên trách theo Quyết định 875/QĐ-ĐHBD?,"Trưởng nhóm của Nhóm 3 là ông Trần Hữu Duật, Giảng viên Khoa IRA, theo Quyết định 875/QĐ-ĐHBD.",,
QD_875,Nhóm 6 trong Hội đồng tự đánh giá phụ trách tiêu chuẩn nào theo Quyết định 875/QĐ-ĐHBD?,Nhóm 6 phụ trách tiêu chuẩn 11 theo Quyết định 875/QĐ-ĐHBD.,,
QD_875,Ai là Trưởng nhóm của Nhóm 6 trong Hội đồng tự đánh giá theo Quyết định 875/QĐ-ĐHBD?,"Trưởng nhóm của Nhóm 6 là ông Thái Thanh Hùng, Trưởng phòng Quản lý đào tạo và Công tác sinh viên, theo Quyết định 875/QĐ-ĐHBD.",,
QD_264,Quyết định số 762/QĐ-ĐHBD được ban hành vào thời gian nào và bởi ai?,Quyết định số 762/QĐ-ĐHBD được ký ngày 11/05/2018 bởi Hiệu trưởng Trường Đại học Bình Dương – ông Cao Việt Hiếu.,,
QD_264,Quyết định số 762/QĐ-ĐHBD có hiệu lực từ năm học nào?,Quyết định số 762/QĐ-ĐHBD có hiệu lực từ năm học 2018–2019.,,
QD_264,Mục tiêu của việc lấy ý kiến phản hồi từ người học là gì?,"Việc lấy ý kiến phản hồi từ người học nhằm góp phần thực hiện quy chế đảm bảo chất lượng, nâng cao trách nhiệm giảng viên và người học, hỗ trợ điều chỉnh hoạt động giảng dạy, phục vụ kiểm định chất lượng và phòng ngừa tiêu cực trong giảng dạy.",,
QD_264,Việc phản hồi giúp ích gì cho giảng viên?,"Giảng viên có thể tự điều chỉnh hoạt động giảng dạy, bổ sung nội dung cho các khóa học sau và cải thiện chất lượng giảng dạy của mình dựa trên phản hồi từ người học.",,
QD_264,Lấy ý kiến phản hồi từ người học có vai trò gì trong đánh giá và điều phối giảng viên?,"Phản hồi giúp cán bộ quản lý đánh giá, phân công giảng dạy, lập kế hoạch bồi dưỡng, bố trí công tác, khen thưởng hoặc kỷ luật giảng viên.",,
QD_264,Việc lấy ý kiến phản hồi cần tuân thủ những yêu cầu nào?,"Việc lấy ý kiến phải đảm bảo tôn sư trọng đạo, sự tự nguyện và trung thực của người học, cũng như xử lý khách quan và đúng mục đích.",,
QD_264,Việc xử lý thông tin phản hồi phải tuân thủ nguyên tắc gì?,"Thông tin phản hồi phải được xử lý khách quan, trung thực, được thông báo cho giảng viên và sử dụng đúng mục đích.",,
QD_264,Các tiêu chí chính trong phiếu phản hồi gồm những nội dung gì?,"Các tiêu chí gồm: phương pháp giảng dạy, tài liệu học tập, không khí lớp học, mức độ tiếp thu của sinh viên và ý kiến chung về chất lượng giảng viên.",,
QD_264,Thang điểm nào được sử dụng để đánh giá phản hồi từ người học?,"Thang điểm từ 1 đến 5 được sử dụng, trong đó 1 là 'Hoàn toàn không đồng ý' và 5 là 'Hoàn toàn đồng ý'.",,
QD_264,Phiếu khảo sát giảng viên bao gồm nội dung gì ngoài các tiêu chí đánh giá?,"Phiếu khảo sát bao gồm các chỉ số cụ thể và các câu hỏi mở về điều sinh viên chưa hài lòng, hài lòng nhất và đề xuất cải thiện.",,
QD_264,Đối tượng nào là người tham gia khảo sát trong quy trình lấy ý kiến phản hồi?,Sinh viên hệ chính quy từ năm I đến năm IV là đối tượng tham gia khảo sát ý kiến phản hồi về giảng viên.,,
QD_264,Những hình thức nào được sử dụng để thực hiện khảo sát ý kiến phản hồi từ người học?,Có hai hình thức: phát phiếu khảo sát tại lớp học và khảo sát trực tuyến qua email hoặc điện thoại.,,
QD_264,Khi nào việc khảo sát ý kiến phản hồi thường được tổ chức?,Việc khảo sát được tổ chức vào buổi học cuối cùng khi giảng viên hoàn tất học phần.,,
QD_264,Công cụ nào được sử dụng để xử lý dữ liệu khảo sát ý kiến phản hồi?,Phần mềm SPSS và Excel được sử dụng để xử lý dữ liệu phản hồi.,,
QD_264,Kết quả khảo sát được gửi đến những ai?,"Kết quả khảo sát được gửi đến Ban Giám hiệu, Ban Chủ nhiệm Khoa và các đơn vị, cá nhân liên quan.",,
QD_264,Ban giám sát chất lượng giảng dạy có trách nhiệm gì sau khảo sát?,"Ban giám sát có trách nhiệm rút kinh nghiệm từng học kỳ, điều chỉnh công cụ khảo sát nếu cần và báo cáo kết quả cho Bộ Giáo dục và Đào tạo.",,
QD_264,Phòng Đào tạo hỗ trợ gì trong việc thực hiện khảo sát?,Phòng Đào tạo cung cấp thời khóa biểu và dữ liệu sinh viên liên quan vào tuần đầu mỗi học kỳ.,,
QD_264,Ban Chủ nhiệm Khoa cần thực hiện những việc gì liên quan đến khảo sát?,"Ban Chủ nhiệm Khoa phổ biến kế hoạch khảo sát, tổ chức khách quan, thảo luận với giảng viên, hỗ trợ cải thiện chất lượng và báo cáo kết quả với Ban Giám hiệu.",,
QD_264,Giảng viên có quyền gì khi không đồng ý với kết quả phản hồi?,Giảng viên có quyền đưa ra ý kiến phản hồi và cung cấp chứng minh cần thiết cho Trưởng Khoa.,,
QD_264,Giảng viên cần làm gì với phản hồi ở mức chưa tốt hoặc bình thường?,Giảng viên có trách nhiệm thảo luận với Trưởng Khoa để xây dựng kế hoạch khắc phục hoặc nâng cao chất lượng giảng dạy.,,
QD_264,Thông tin khảo sát được lưu trữ ở đâu và trong bao lâu?,Tài liệu khảo sát được lưu trữ dưới dạng giấy và điện tử tại các đơn vị liên quan trong thời hạn 05 năm.,,
QD_264,Quy định về phản hồi của người học thay thế văn bản nào?,Quy định này thay thế tất cả các văn bản trước đó liên quan đến việc lấy ý kiến phản hồi từ người học.,,
QD_264,Thông tin phản hồi từ người học có vai trò gì trong kiểm định chất lượng?,Thông tin phản hồi góp phần quan trọng trong công tác kiểm định chất lượng tại Trường và các Khoa/Ban.,,
QD_264,Tại sao việc lấy ý kiến phản hồi được xem là góp phần phòng ngừa tiêu cực trong giảng dạy?,"Vì phản hồi từ người học giúp phát hiện sớm các hành vi tiêu cực, từ đó nhà trường có thể can thiệp kịp thời và đảm bảo chất lượng dạy học.",,
QD_264,Giảng viên được đánh giá tốt sẽ được hỗ trợ như thế nào?,Những giảng viên được sinh viên đánh giá tốt sẽ được tổ chức chia sẻ kinh nghiệm với các đồng nghiệp trong các hoạt động chuyên môn.,,
QD_264,Ai chịu trách nhiệm hướng dẫn cán sự lớp trong việc phát phiếu khảo sát tại lớp học?,"Trợ lý, Thư ký Khoa, Giáo viên chủ nhiệm hoặc Cố vấn học tập là người hướng dẫn cán sự lớp phát phiếu khảo sát.",,
QD_264,Ban Giám sát chất lượng giảng dạy cần làm gì trước khi lấy ý kiến phản hồi tại lớp học?,Ban Giám sát phải chuẩn bị phiếu khảo sát và lập kế hoạch trước khi tiến hành thu thập thông tin phản hồi.,,
QD_264,Sinh viên cần lưu ý điều gì khi điền phiếu phản hồi?,"Sinh viên cần hiểu rõ mục đích, cung cấp thông tin một cách trung thực, tự nguyện theo đúng phiếu khảo sát do Ban Giám sát chất lượng giảng dạy phát hành.",,
QD_264,Vì sao chỉ phiếu khảo sát do Ban Giám sát chất lượng giảng dạy cung cấp mới có giá trị thống kê?,"Vì các phiếu này được chuẩn hóa về nội dung và cấu trúc, đảm bảo tính chính xác, đồng nhất cho việc xử lý và phân tích dữ liệu.",,
QD_264,Kết quả xử lý dữ liệu phản hồi cần được gửi cho ai ngoài Ban Giám hiệu và Ban Chủ nhiệm Khoa?,"Kết quả còn được gửi đến các đơn vị và cá nhân có liên quan để phục vụ việc điều chỉnh, đánh giá giảng dạy.",,
QD_264,Trường Đại học Bình Dương lưu trữ thông tin khảo sát trong bao lâu và ở đâu?,"Thông tin được lưu trữ trong thời hạn 05 năm tại Ban Giám sát chất lượng giảng dạy, Phòng Công tác Sinh viên, các Khoa và phòng chức năng liên quan dưới dạng bản giấy và điện tử.",,
QD_1351,Quyết định số 1351/QĐ-ĐHBD ngày 18/8/2023 có mục đích gì?,Quyết định số 1351/QĐ-ĐHBD ngày 18/8/2023 nhằm công nhận hoàn thành nhiệm vụ biên soạn và đưa vào giảng dạy sách giáo trình cấp trường cho năm học 2022–2023 tại Trường Đại học Bình Dương.,,
QD_1351,Tên sách giáo trình được công nhận hoàn thành nhiệm vụ biên soạn là gì?,Tên sách giáo trình được công nhận hoàn thành nhiệm vụ biên soạn là 'Chính sách tài chính và chính sách tiền tệ'.,,
QD_1351,Ai là chủ biên của sách giáo trình 'Chính sách tài chính và chính sách tiền tệ'?,"Chủ biên của sách giáo trình 'Chính sách tài chính và chính sách tiền tệ' là PGS.TS Lê Thị Mận, thuộc Khoa Kinh tế – Trường Đại học Bình Dương.",,
QD_1351,Những thành viên nào tham gia nhóm biên soạn sách giáo trình 'Chính sách tài chính và chính sách tiền tệ'?,"Nhóm biên soạn gồm PGS.TS Lê Thị Tuấn Nghĩa, TS. Đào Thị Lan Hương, TS. Trần Thị Kỷ, TS. Hà Thị Sáu và TS. Đỗ Đoan Trang.",,
QD_1351,Đơn vị nào chịu trách nhiệm lưu trữ và quản lý sách giáo trình sau khi được công nhận?,"Phòng Quản lý khoa học và Quan hệ đối ngoại chịu trách nhiệm quản lý, lưu trữ sách giáo trình 'Chính sách tài chính và chính sách tiền tệ' và nộp lưu chiểu về Trung tâm Lưu trữ và Thư viện.",,
QD_1351,Hiệu lực của Quyết định số 1351/QĐ-ĐHBD bắt đầu từ khi nào?,"Quyết định số 1351/QĐ-ĐHBD có hiệu lực kể từ ngày ký, tức ngày 17 tháng 8 năm 2023.",,
QD_1351,Những đơn vị nào có trách nhiệm thi hành Quyết định số 1351/QĐ-ĐHBD?,"Các đơn vị chịu trách nhiệm thi hành gồm Phòng Tổng hợp, Phòng Tài chính - Kế toán, Phòng Quản lý Đào tạo và Công tác sinh viên, Phòng Quản lý khoa học và Quan hệ đối ngoại, Khoa Kinh tế, Trung tâm Lưu trữ và Thư viện và các cá nhân liên quan.",,
QD_1351,Quy trình ban hành Quyết định số 1351/QĐ-ĐHBD dựa trên những căn cứ pháp lý nào?,"Quyết định số 1351/QĐ-ĐHBD dựa trên các căn cứ pháp lý gồm các Quyết định số 791/TTg, 1420/QĐ-TTg, 03/QĐ-ĐHBD-HĐT, 05/NQ-ĐHBD-HĐT, 1591/QĐ-ĐHBD, 53/QĐ-ĐHBD, 1009/QĐ-ĐHBD và Tờ trình số 94/TTr-P.QLKH&QHDN.",,
QD_1351,Ngày ban hành Quyết định công nhận hoàn thành nhiệm vụ biên soạn sách giáo trình 'Chính sách tài chính và chính sách tiền tệ' là khi nào?,Ngày ban hành Quyết định công nhận hoàn thành nhiệm vụ biên soạn sách giáo trình là ngày 18 tháng 8 năm 2023.,,
QD_1351,Giáo trình 'Chính sách tài chính và chính sách tiền tệ' được biên soạn cho năm học nào?,Giáo trình 'Chính sách tài chính và chính sách tiền tệ' được biên soạn và đưa vào giảng dạy cho năm học 2022–2023.,,
QD_1351,Quyết định số 1009/QĐ-ĐHBD có vai trò gì trong quá trình công nhận sách giáo trình?,Quyết định số 1009/QĐ-ĐHBD là quyết định của Trường Đại học Bình Dương về việc thành lập Hội đồng nghiệm thu sách giáo trình 'Chính sách tài chính và chính sách tiền tệ'.,,
QD_1351,Tờ trình nào đề xuất ban hành Quyết định công nhận hoàn thành nhiệm vụ biên soạn sách giáo trình?,Tờ trình số 94/TTr-P.QLKH&QHDN ngày 08 tháng 8 năm 2023 của Phòng Quản lý khoa học và Quan hệ đối ngoại đề xuất ban hành Quyết định công nhận.,,
QD_1351,Cơ quan nào ban hành Quyết định số 1351/QĐ-ĐHBD?,Quyết định số 1351/QĐ-ĐHBD được ban hành bởi Trường Đại học Bình Dương.,,
QD_1351,Quyết định số 1591/QĐ-ĐHBD ngày 21/12/2022 có liên quan gì đến quá trình biên soạn giáo trình?,"Quyết định số 1591/QĐ-ĐHBD quy định về quy chế thẩm định, phê duyệt và đưa vào sử dụng tài liệu giảng dạy tại Trường Đại học Bình Dương.",,
QD_1351,Quyết định số 53/QĐ-ĐHBD ngày 09/01/2023 có nội dung gì liên quan đến giáo trình?,Quyết định số 53/QĐ-ĐHBD ngày 09/01/2023 giao nhiệm vụ biên soạn sách giáo trình 'Chính sách tài chính và chính sách tiền tệ'.,,
QD_1351,Các chuyên gia ngoài Trường Đại học Bình Dương tham gia biên soạn giáo trình là ai?,"Chuyên gia ngoài Trường Đại học Bình Dương tham gia biên soạn là TS. Đào Thị Lan Hương, thuộc Học viện Ngân hàng tại Hà Nội.",,
QD_433,Quyết định số 433/QĐ-ĐHBD được ban hành vào ngày nào?,Quyết định số 433/QĐ-ĐHBD được Hiệu trưởng Trường Đại học Bình Dương ký ban hành vào ngày 15 tháng 3 năm 2024.,,
QD_433,Trường Đại học Bình Dương cử bao nhiêu sinh viên và giảng viên tham gia cuộc thi MOSWC - Viettel 2024?,"Trường Đại học Bình Dương cử 05 sinh viên và 01 giảng viên Khoa Công nghệ thông tin, Robot và Trí tuệ nhân tạo tham gia cuộc thi MOSWC - Viettel 2024.",,
QD_433,Tên cuộc thi mà sinh viên Trường Đại học Bình Dương được cử tham gia là gì?,Tên cuộc thi là 'Vô địch Tin học văn phòng thế giới – MOSWC - Viettel 2024'.,,
QD_433,Sinh viên Nguyễn Hoàng Nhật Tân thuộc lớp nào?,Sinh viên Nguyễn Hoàng Nhật Tân thuộc lớp 25TH01 FIRA.,,
QD_433,Thời gian tổ chức vòng loại Quốc gia cuộc thi MOSWC - Viettel 2024 là khi nào?,Vòng loại Quốc gia cuộc thi MOSWC - Viettel 2024 được tổ chức vào ngày 17 tháng 3 năm 2024.,,
QD_433,Địa điểm tổ chức cuộc thi MOSWC - Viettel 2024 dành cho sinh viên Trường Đại học Bình Dương ở đâu?,"Cuộc thi được tổ chức tại Tổ chức giáo dục IIG Việt Nam - Chi nhánh TP.HCM, địa chỉ: Tầng 1, tháp 1, tòa nhà The Sun Avenue, số 28 Mai Chí Thọ, Phường An Phú, thành phố Thủ Đức, TP. Hồ Chí Minh.",,
QD_433,Lệ phí dự thi của mỗi sinh viên tham gia cuộc thi MOSWC - Viettel 2024 là bao nhiêu?,Lệ phí dự thi là 450.000 đồng mỗi sinh viên.,,
QD_433,Tổng chi phí lệ phí dự thi cho 05 sinh viên Trường Đại học Bình Dương là bao nhiêu?,Tổng lệ phí là 2.250.000 đồng cho 05 sinh viên (450.000 đồng x 5 thí sinh).,,
QD_433,Ai là người chịu trách nhiệm hướng dẫn và quản lý nhóm sinh viên tham gia cuộc thi MOSWC - Viettel 2024?,Giảng viên Nguyễn Quân là người hướng dẫn và chịu trách nhiệm quản lý nhóm sinh viên tham gia cuộc thi.,,
QD_433,Trách nhiệm tài chính của giảng viên Nguyễn Quân trong cuộc thi MOSWC - Viettel 2024 là gì?,Giảng viên Nguyễn Quân có trách nhiệm liên hệ Phòng Tài chính – Kế toán để thực hiện các thủ tục tài chính và cung cấp các chứng từ hợp lệ để được quyết toán theo đúng quy định tài chính.,,
QD_433,Giảng viên Nguyễn Quân phải báo cáo kết quả cuộc thi cho ai sau khi kết thúc công tác?,Giảng viên Nguyễn Quân có trách nhiệm báo cáo Hiệu trưởng và Lãnh đạo Khoa về kết quả cuộc thi.,,
QD_433,Tài liệu cuộc thi MOSWC - Viettel 2024 sau khi hoàn thành được lưu trữ tại đâu?,Tài liệu cuộc thi được nộp về Trung tâm Lưu trữ và Thư viện để lưu trữ theo quy định.,,
QD_433,Chi phí ăn uống cho giảng viên và lái xe trong cuộc thi MOSWC - Viettel 2024 là bao nhiêu?,Chi phí ăn uống là 150.000 đồng/người/ngày x 2 người x 1 ngày = 300.000 đồng.,,
QD_433,Đơn vị nào chịu trách nhiệm bố trí xe đưa đón nhân sự tham gia cuộc thi MOSWC - Viettel 2024?,Bộ phận Quản trị thiết bị thuộc Phòng Tổng hợp chịu trách nhiệm bố trí xe đưa đón nhân sự.,,
QD_433,Những đơn vị nào thuộc Trường Đại học Bình Dương có trách nhiệm thi hành Quyết định số 433/QĐ-ĐHBD?,"Phòng Tổng hợp, Phòng Tài chính - Kế toán, Khoa Công nghệ thông tin, Robot và Trí tuệ nhân tạo, các cá nhân có tên tại Điều 1 và các đơn vị, cá nhân có liên quan chịu trách nhiệm thi hành Quyết định số 433/QĐ-ĐHBD.",,
QD_433,Sinh viên Lê Phi Long thuộc mã số sinh viên và lớp nào?,Sinh viên Lê Phi Long có mã số sinh viên 21050066 và thuộc lớp 24TH01 FIRA.,,
QD_433,Ai là sinh viên nhỏ tuổi nhất trong danh sách được cử tham gia cuộc thi MOSWC - Viettel 2024?,Sinh viên Nguyễn Hoàng Nhật Tân (sinh ngày 22/02/2004) là người nhỏ tuổi nhất trong danh sách.,,
QD_433,"Quyết định số 433/QĐ-ĐHBD dựa trên kế hoạch nào của Khoa Công nghệ thông tin, Robot và Trí tuệ nhân tạo?","Quyết định số 433/QĐ-ĐHBD dựa trên Kế hoạch số 30/KH-FIRA ngày 06 tháng 3 năm 2024 của Khoa Công nghệ thông tin, Robot và Trí tuệ nhân tạo.",,
QD_433,Sinh viên Nguyễn Hợp Phố thuộc mã số sinh viên nào?,Sinh viên Nguyễn Hợp Phố có mã số sinh viên là 21050044.,,
QD_433,Ngày sinh của giảng viên Nguyễn Quân là khi nào?,Giảng viên Nguyễn Quân sinh ngày 04 tháng 12 năm 2000.,,
QD_433,Quyết định số 433/QĐ-ĐHBD dẫn chiếu đến nghị quyết nào của Hội đồng trường về Quy chế tổ chức và hoạt động?,Quyết định số 433/QĐ-ĐHBD dẫn chiếu đến Nghị quyết số 04/NQ-ĐHBD-HĐQT ngày 05 tháng 10 năm 2022 của Hội đồng trường về việc ban hành Quy chế tổ chức và hoạt động của Trường Đại học Bình Dương.,,
QD_433,Phòng nào của Trường Đại học Bình Dương chịu trách nhiệm phối hợp tổ chức tài chính cho cuộc thi MOSWC - Viettel 2024?,Phòng Tài chính – Kế toán chịu trách nhiệm phối hợp tổ chức tài chính cho cuộc thi.,,
QD_433,Cuộc thi MOSWC - Viettel 2024 do đơn vị nào tổ chức?,Cuộc thi do Trung ương Đoàn Thanh niên Cộng sản Hồ Chí Minh tổ chức.,,
QD_812,Quyết định số 812/QĐ-ĐHBD ban hành ngày nào?,Quyết định số 895/QĐ-ĐHBD ban hành ngày 07 tháng 05 năm 2024.,,
QD_812,Mục tiêu của Quyết định điều chỉnh biểu mẫu lấy ý kiến phản hồi của Trường Đại học Bình Dương là gì?,Mục tiêu của Quyết định là nâng cao chất lượng giáo dục và đảm bảo sự phù hợp của chương trình đào tạo với nhu cầu xã hội và thị trường lao động.,,
QD_812,Những biểu mẫu nào được điều chỉnh theo Quyết định điều chỉnh biểu mẫu lấy ý kiến phản hồi của Trường Đại học Bình Dương?,"Biểu mẫu số 03 và biểu mẫu số 07 được điều chỉnh theo khoản 3 và khoản 7, Điều 1 của Quyết định số 1647/QĐ-ĐHBD ngày 27 tháng 12 năm 2022.",,
QD_812,Ai là đối tượng khảo sát trong Biểu mẫu số 03 của Trường Đại học Bình Dương?,Đối tượng khảo sát trong Biểu mẫu số 03 là sinh viên đang theo học tại Trường Đại học Bình Dương.,,
QD_812,Mục đích của Biểu mẫu số 03 trong việc lấy ý kiến phản hồi tại Trường Đại học Bình Dương là gì?,Mục đích của Biểu mẫu số 03 là góp phần nâng cao chất lượng dạy và học thông qua việc thu thập ý kiến phản hồi của sinh viên về hoạt động giảng dạy của giảng viên và điều kiện học tập.,,
QD_812,Nội dung nào được đánh giá trong phần Phương pháp giảng dạy của giảng viên theo Biểu mẫu số 03?,"Sinh viên đánh giá sự rõ ràng, hiệu quả và tính đa dạng trong phương pháp giảng dạy, bao gồm cả việc khuyến khích tư duy độc lập, sáng tạo và làm việc nhóm.",,
QD_812,"Theo biểu mẫu số 03, tác phong sư phạm của giảng viên được đánh giá qua những tiêu chí nào?","Tác phong sư phạm của giảng viên được đánh giá qua việc lên lớp đúng giờ, chuẩn bị bài giảng đầy đủ, thể hiện tính chuẩn mực nhà giáo, nhiệt tình, trách nhiệm và hỗ trợ sinh viên ngoài giờ.",,
QD_812,Nội dung giảng dạy được đánh giá theo các tiêu chí nào trong biểu mẫu số 03 của Trường Đại học Bình Dương?,"Nội dung giảng dạy được đánh giá qua mức độ bám sát đề cương môn học, liên hệ thực tiễn, cập nhật kiến thức mới, tính thiết thực và phù hợp với chương trình đào tạo.",,
QD_812,Số lần khảo sát sinh viên trong năm học theo Biểu mẫu số 03 của Trường Đại học Bình Dương là bao nhiêu?,Số lần khảo sát sinh viên trong năm học theo Biểu mẫu số 03 là 02 lần.,,
QD_812,Ai là đối tượng khảo sát trong Biểu mẫu số 07 của Trường Đại học Bình Dương?,Đối tượng khảo sát trong Biểu mẫu số 07 là sinh viên hoặc học viên đã tốt nghiệp Trường Đại học Bình Dương.,,
QD_812,Biểu mẫu số 07 được sử dụng để thu thập thông tin gì?,"Biểu mẫu số 07 được sử dụng để thu thập thông tin về tình hình việc làm, mức độ phù hợp công việc, thu nhập, và đánh giá chất lượng đào tạo từ cựu sinh viên.",,
QD_812,Đơn vị nào chịu trách nhiệm triển khai Biểu mẫu số 07 tại Trường Đại học Bình Dương?,Trung tâm Khởi nghiệp đổi mới sáng tạo - Liên kết doanh nghiệp và Việc làm sinh viên là đơn vị triển khai Biểu mẫu số 07.,,
QD_812,Những nội dung nào được cựu sinh viên đánh giá trong Biểu mẫu số 07 của Trường Đại học Bình Dương?,"Cựu sinh viên đánh giá tình trạng việc làm, mức độ phù hợp công việc với chuyên môn, thu nhập, chất lượng đào tạo và mức độ hài lòng tổng thể với chương trình học.",,
QD_812,Số lần khảo sát tình hình việc làm cựu sinh viên mỗi năm học theo Biểu mẫu số 07 là bao nhiêu?,"Theo Biểu mẫu số 07, khảo sát tình hình việc làm của cựu sinh viên được thực hiện 01 lần mỗi năm học.",,
QD_812,Những đơn vị nào chịu trách nhiệm thực hiện Quyết định điều chỉnh biểu mẫu lấy ý kiến phản hồi tại Trường Đại học Bình Dương?,"Các đơn vị gồm: Phòng Tổng hợp, Phòng Tài chính - Kế toán, Phòng Đảm bảo chất lượng và Khảo thí, Phòng Quản lý đào tạo và Công tác sinh viên, Trung tâm Khởi nghiệp đổi mới sáng tạo - Liên kết doanh nghiệp và Việc làm sinh viên.",,
QD_812,Khi nào Quyết định điều chỉnh biểu mẫu lấy ý kiến phản hồi của Trường Đại học Bình Dương có hiệu lực thi hành?,Quyết định điều chỉnh biểu mẫu lấy ý kiến phản hồi có hiệu lực kể từ ngày ký.,,
QD_812,Biểu mẫu số 03 khảo sát những lĩnh vực nào trong hoạt động giảng dạy của giảng viên?,"Biểu mẫu số 03 khảo sát các lĩnh vực gồm: phương pháp giảng dạy, nội dung giảng dạy, kiểm tra đánh giá, tác phong sư phạm và đánh giá về chương trình đào tạo.",,
QD_812,Biểu mẫu số 03 của Trường Đại học Bình Dương có cho phép sinh viên góp ý ngoài nội dung khảo sát không?,"Có, biểu mẫu số 03 có phần 'Ý kiến khác' để sinh viên đưa ra nhận xét, góp ý nhằm nâng cao chất lượng giảng dạy của giảng viên và Nhà trường.",,
QD_812,"Theo biểu mẫu số 03, sinh viên có được đánh giá về mức độ hài lòng đối với giảng viên không?","Có, sinh viên được đánh giá mức độ hài lòng về kiến thức, hiệu quả giảng dạy và khả năng hướng dẫn của giảng viên.",,
QD_812,Cựu sinh viên có thể cung cấp lý do chưa có việc làm trong Biểu mẫu số 07 không?,"Có, biểu mẫu số 07 cho phép cựu sinh viên chọn các lý do chưa có việc làm như thiếu kỹ năng, trình độ chưa phù hợp, thiếu thông tin, hoặc sức khỏe không đảm bảo.",,
QD_812,Biểu mẫu số 07 của Trường Đại học Bình Dương yêu cầu cựu sinh viên cung cấp những thông tin công việc nào?,"Biểu mẫu số 07 yêu cầu cung cấp tên công ty, loại hình tổ chức, khu vực làm việc, và mức thu nhập trung bình hàng tháng.",,
QD_812,"Theo Biểu mẫu số 07, mức độ phù hợp của công việc được đánh giá dựa trên yếu tố nào?",Mức độ phù hợp của công việc được đánh giá dựa trên sự liên quan giữa công việc hiện tại với trình độ đào tạo và chuyên môn đã học.,,
QD_812,"Trong Biểu mẫu số 07, cựu sinh viên có thể đóng góp ý kiến gì cho Nhà trường?",Cựu sinh viên có thể đưa ra các ý kiến đóng góp cụ thể để nâng cao chất lượng đào tạo của Trường Đại học Bình Dương.,,
QD_895,Quyết định số 895/QĐ-ĐHBD ban hành ngày nào?,Quyết định số 895/QĐ-ĐHBD được ban hành ngày 27 tháng 5 năm 2024.,,
QD_895,Quyết định số 895/QĐ-ĐHBD điều chỉnh nội dung gì trong công tác giảng dạy?,Quyết định số 895/QĐ-ĐHBD điều chỉnh hệ số giảng dạy các môn học có tiết thực hành trong tính thù lao giảng dạy trình độ đại học.,,
QD_895,Hệ số thực hành mới được áp dụng theo Quyết định số 895/QĐ-ĐHBD là bao nhiêu?,Hệ số thực hành mới được áp dụng là 1.0.,,
QD_895,Hệ số thực hành theo Quyết định số 895/QĐ-ĐHBD được áp dụng cho các môn học nào?,"Hệ số thực hành được áp dụng cho tất cả các môn học trình độ đại học có tiết thực hành, bao gồm cả các môn có cả lý thuyết và thực hành.",,
QD_895,Thời gian áp dụng hệ số thực hành mới theo Quyết định số 895/QĐ-ĐHBD bắt đầu từ khi nào?,"Hệ số thực hành mới theo Quyết định số 895/QĐ-ĐHBD được áp dụng từ học kỳ 1, năm học 2024–2025.",,
QD_895,Quyết định số 895/QĐ-ĐHBD có áp dụng cho giảng viên cơ hữu không?,"Có, hệ số thực hành mới áp dụng cho cả giảng viên cơ hữu thuộc Trường Đại học Bình Dương.",,
QD_895,Đơn vị nào chịu trách nhiệm triển khai Quyết định số 895/QĐ-ĐHBD?,"Các đơn vị chịu trách nhiệm gồm: Phòng Tổng hợp, Phòng Tài chính – Kế toán, Phòng Quản lý đào tạo và Công tác sinh viên, Phân hiệu Cà Mau và các đơn vị, cá nhân liên quan.",,
QD_895,Quyết định số 895/QĐ-ĐHBD được ký bởi ai?,"Quyết định số 895/QĐ-ĐHBD được ký bởi Hiệu trưởng Trường Đại học Bình Dương, ông Cao Việt Hiếu.",,
QD_895,Mục đích chính của Quyết định số 895/QĐ-ĐHBD là gì?,Mục đích chính của Quyết định số 895/QĐ-ĐHBD là chuẩn hóa và điều chỉnh hệ số tính thù lao giảng dạy các môn học có tiết thực hành nhằm đảm bảo công bằng và ghi nhận đúng mức đóng góp của giảng viên.,,
QD_895,Cơ sở pháp lý nào được nêu trong Quyết định số 895/QĐ-ĐHBD về việc điều chỉnh hệ số giảng dạy?,Một trong các cơ sở pháp lý là Quyết định số 442/QĐ-ĐHBD ngày 01/12/2017 của Hiệu trưởng Trường Đại học Bình Dương về các hệ số và công thức tính thù lao giảng dạy.,,
QD_895,Văn bản tham mưu nào được sử dụng để ban hành Quyết định số 895/QĐ-ĐHBD?,Văn bản tham mưu số 106/VBTM-P.QLĐT&CTSV ngày 13/3/2024 của Phòng Quản lý đào tạo và Công tác sinh viên được sử dụng để làm căn cứ ban hành quyết định.,,
QD_895,Phòng Quản lý đào tạo và Công tác sinh viên có vai trò gì trong Quyết định số 895/QĐ-ĐHBD?,Phòng Quản lý đào tạo và Công tác sinh viên là một trong các đơn vị có trách nhiệm thi hành Quyết định số 895/QĐ-ĐHBD.,,
QD_895,Quyết định số 895/QĐ-ĐHBD có hiệu lực từ thời điểm nào?,"Quyết định số 895/QĐ-ĐHBD có hiệu lực kể từ ngày ký, tức ngày 27 tháng 5 năm 2024.",,
QD_895,Phân hiệu Trường Đại học Bình Dương tại đâu được nhắc đến trong Quyết định số 895/QĐ-ĐHBD?,Phân hiệu Trường Đại học Bình Dương tại Cà Mau được nêu rõ trong danh sách các đơn vị thực hiện quyết định.,,
QD_895,Quyết định số 895/QĐ-ĐHBD ảnh hưởng đến đối tượng nào trong giảng dạy?,Quyết định ảnh hưởng đến tất cả các giảng viên giảng dạy các môn học có tiết thực hành trong chương trình đào tạo đại học tại Trường Đại học Bình Dương.,,
QD_895,Hệ số giảng dạy của các môn học có tiết thực hành trước khi điều chỉnh được nêu không?,Trong nội dung Quyết định số 895/QĐ-ĐHBD không nêu hệ số giảng dạy trước khi điều chỉnh.,,
QD_931,Quyết định số 931/QĐ-ĐHBD được ban hành với mục đích gì?,Quyết định số 931/QĐ-ĐHBD được ban hành nhằm thành lập Ban Quản lý Dự án chuyển đổi số Trường Đại học Bình Dương.,,
QD_931,Ai được bổ nhiệm làm Trưởng Ban Quản lý Dự án chuyển đổi số theo Quyết định số 931/QĐ-ĐHBD?,"Ông Nguyễn Thanh Sơn, Phó trưởng khoa, Khoa Công nghệ thông tin, Robot và Trí tuệ nhân tạo được bổ nhiệm làm Trưởng Ban Quản lý Dự án chuyển đổi số.",,
QD_931,Trưởng Ban Quản lý Dự án chuyển đổi số có trách nhiệm gì theo Quyết định số 931/QĐ-ĐHBD?,"Trưởng Ban có trách nhiệm xây dựng Dự án chuyển đổi số trình Hiệu trưởng phê duyệt và triển khai thực hiện đúng mục tiêu, tiến độ, chất lượng và nguồn lực sau khi được duyệt.",,
QD_931,Quyết định số 931/QĐ-ĐHBD có hiệu lực từ thời điểm nào?,"Quyết định số 931/QĐ-ĐHBD có hiệu lực kể từ ngày ký, tức ngày 31 tháng 5 năm 2024.",,
QD_931,Các lĩnh vực trọng tâm của Ban Quản lý Dự án chuyển đổi số là gì theo Quyết định số 931/QĐ-ĐHBD?,Hai lĩnh vực trọng tâm là: triển khai ứng dụng ChatGPT trong giảng dạy và học tập; phát triển các nhóm nghiên cứu trí tuệ nhân tạo (AI) trong giảng dạy và học tập.,,
QD_931,Ban Quản lý Dự án chuyển đổi số có quyền lợi gì theo Quyết định số 931/QĐ-ĐHBD?,"Theo Điều 4 của Quyết định số 931/QĐ-ĐHBD, Ban Quản lý Dự án được hưởng các quyền lợi, nhiệm vụ và vị trí công việc được giao.",,
QD_931,Các đơn vị nào có trách nhiệm phối hợp thực hiện Quyết định số 931/QĐ-ĐHBD?,"Các đơn vị có trách nhiệm gồm: Phòng Tổng hợp, Phòng Tài chính, Kế toán, Khoa Công nghệ thông tin, Robot và Trí tuệ nhân tạo, Ban Chỉ đạo ứng dụng công nghệ thông tin và chuyển đổi số.",,
QD_931,Việc ứng dụng ChatGPT trong giảng dạy được nêu trong Quyết định số 931/QĐ-ĐHBD như thế nào?,Quyết định số 931/QĐ-ĐHBD nêu rõ việc triển khai ứng dụng ChatGPT trong giảng dạy và học tập là một trọng tâm trong kế hoạch chuyển đổi số của Trường Đại học Bình Dương.,,
QD_931,Việc phát triển nhóm nghiên cứu AI có ý nghĩa gì trong Quyết định số 931/QĐ-ĐHBD?,"Việc phát triển nhóm nghiên cứu AI nhằm phục vụ cho giảng dạy, học tập và ứng dụng kết quả nghiên cứu vào thực tiễn, góp phần nâng cao năng lực nội bộ về trí tuệ nhân tạo.",,
QD_931,Ban Quản lý Dự án chuyển đổi số được thành lập theo điều nào trong Quyết định số 931/QĐ-ĐHBD?,Ban Quản lý Dự án chuyển đổi số được thành lập theo Điều 1 của Quyết định số 931/QĐ-ĐHBD.,,
QD_931,Cơ sở pháp lý nào trong nội bộ Trường Đại học Bình Dương được viện dẫn trong Quyết định số 931/QĐ-ĐHBD?,"Quyết định số 999/QĐ-ĐHBD ngày 31 tháng 12 năm 2021 của Trường Đại học Bình Dương về việc kiện toàn Ban Chỉ đạo ứng dụng công nghệ thông tin, chuyển đổi số được viện dẫn làm cơ sở pháp lý trong Quyết định số 931/QĐ-ĐHBD.",,
QD_931,Ông Nguyễn Thanh Sơn thuộc đơn vị nào trong Trường Đại học Bình Dương theo Quyết định số 931/QĐ-ĐHBD?,"Ông Nguyễn Thanh Sơn là Phó trưởng khoa, Khoa Công nghệ thông tin, Robot và Trí tuệ nhân tạo theo Quyết định số 931/QĐ-ĐHBD.",,
QD_931,"Theo Quyết định số 931/QĐ-ĐHBD, ai là người ký quyết định thành lập Ban Quản lý Dự án chuyển đổi số?",Hiệu trưởng Trường Đại học Bình Dương – ông Cao Việt Hiếu là người ký Quyết định số 931/QĐ-ĐHBD thành lập Ban Quản lý Dự án chuyển đổi số.,,
QD_931,"Theo Quyết định số 931/QĐ-ĐHBD, các công nghệ nào được nhấn mạnh trong quá trình chuyển đổi số của Trường Đại học Bình Dương?","Theo Quyết định số 931/QĐ-ĐHBD, công nghệ ChatGPT và trí tuệ nhân tạo (AI) được nhấn mạnh trong quá trình chuyển đổi số của Trường Đại học Bình Dương.",,
QD_931,"Theo Quyết định số 931/QĐ-ĐHBD, các kết quả nghiên cứu AI sẽ được ứng dụng vào lĩnh vực nào?","Theo Quyết định số 931/QĐ-ĐHBD, các kết quả nghiên cứu AI sẽ được ứng dụng vào giảng dạy và học tập tại Trường Đại học Bình Dương.",,
QD_2190,Quyết định số 2190 của Trường Đại học Bình Dương ban hành nhằm mục đích gì?,Quyết định số 2190 được ban hành nhằm thành lập Hội đồng tự đánh giá chương trình đào tạo trình độ đại học ngành Công nghệ thông tin theo quy định về tiêu chuẩn chất lượng giáo dục.,,
QD_2190,"Theo Quyết định số 2190, ai là Chủ tịch Hội đồng tự đánh giá chương trình đào tạo ngành Công nghệ thông tin?","Theo Quyết định số 2190, Ông Cao Việt Hiếu, Hiệu trưởng Trường Đại học Bình Dương, là Chủ tịch Hội đồng tự đánh giá chương trình đào tạo ngành Công nghệ thông tin.",,
QD_2190,"Theo Quyết định số 2190, Hội đồng tự đánh giá sẽ giải thể khi nào?","Theo Quyết định số 2190, Hội đồng tự đánh giá sẽ tự giải thể sau khi hoàn thành nhiệm vụ.",,
QD_2190,Ngày ký Quyết định thành lập Hội đồng tự đánh giá chương trình đào tạo ngành Công nghệ thông tin là ngày nào?,Ngày ký Quyết định số 2190 là ngày 26 tháng 12 năm 2023.,,
QD_2190,"Theo Quyết định số 2190, nhóm nào phụ trách tổng hợp báo cáo tự đánh giá và cơ sở dữ liệu?","Theo Quyết định số 2190, nhóm phụ trách tổng hợp báo cáo tự đánh giá, cơ sở dữ liệu và minh chứng là nhóm phụ trách tổng quan, tiêu chuẩn 1, do ông Trần Minh Đàn làm Trưởng nhóm.",,
QD_2190,"Theo Quyết định số 2190, nhóm phụ trách tiêu chuẩn 1 đến 4 do ai làm Trưởng nhóm?","Theo Quyết định số 2190, nhóm phụ trách tiêu chuẩn 1, 2, 3 và 4 do Ông Nguyễn Thanh Sơn làm Trưởng nhóm.",,
QD_2190,"Theo Quyết định số 2190, nhóm phụ trách tiêu chuẩn 11 do ai làm Trưởng nhóm?","Theo Quyết định số 2190, nhóm phụ trách tiêu chuẩn 11 do Ông Thái Thanh Hùng làm Trưởng nhóm.",,
QD_2190,Ban Thư ký Hội đồng tự đánh giá theo Quyết định số 2190 do ai làm Trưởng ban?,"Theo Quyết định số 2190, Ban Thư ký Hội đồng tự đánh giá do Ông Trần Minh Đàn, Trưởng phòng Bảo đảm chất lượng và Khảo thí, làm Trưởng ban.",,
QD_2190,"Theo Quyết định số 2190, nhiệm vụ của Hội đồng tự đánh giá là gì?","Theo Quyết định số 2190, Hội đồng tự đánh giá có nhiệm vụ triển khai tự đánh giá chương trình đào tạo ngành Công nghệ thông tin theo tiêu chuẩn ban hành kèm theo Thông tư số 04/2016/TT-BGDĐT và hướng dẫn của Cục Quản lý chất lượng.",,
QD_2190,"Theo Quyết định số 2190, đơn vị nào có trách nhiệm phối hợp thực hiện cùng Hội đồng tự đánh giá?","Theo Quyết định số 2190, các đơn vị như Phòng Tổng hợp, Phòng Tài chính - Kế toán, Khoa Công nghệ thông tin, Phòng Quản lý đào tạo và Công tác sinh viên, Phòng Bảo đảm chất lượng và Khảo thí cùng các cá nhân có tên trong quyết định chịu trách nhiệm phối hợp thực hiện.",,
QD_2190,"Theo Quyết định số 2190, tổng số thành viên trong Hội đồng tự đánh giá là bao nhiêu người?","Theo Quyết định số 2190, Hội đồng tự đánh giá chương trình đào tạo ngành Công nghệ thông tin gồm 14 người.",,
QD_2190,"Theo Quyết định số 2190, tổng số thành viên trong Ban Thư ký Hội đồng tự đánh giá là bao nhiêu người?","Theo Quyết định số 2190, Ban Thư ký Hội đồng tự đánh giá có 13 người.",,
QD_2190,"Theo Quyết định số 2190, có bao nhiêu nhóm công tác chuyên trách được thành lập?","Theo Quyết định số 2190, có 6 nhóm công tác chuyên trách được thành lập.",,
QD_2190,"Theo Quyết định số 2190, nhóm công tác nào phụ trách tiêu chuẩn 6 và 7?","Theo Quyết định số 2190, nhóm công tác phụ trách tiêu chuẩn 6 và 7 do Bà Cáp Thị Bích làm Trưởng nhóm.",,
QD_2190,"Theo Quyết định số 2190, nhóm công tác phụ trách tiêu chuẩn 5, 8 do ai làm Trưởng nhóm?","Theo Quyết định số 2190, nhóm phụ trách tiêu chuẩn 5, 8 do Ông Huỳnh Quang Đức làm Trưởng nhóm.",,
QD_2190,"Theo Quyết định số 2190, nhóm công tác phụ trách tiêu chuẩn 9 do ai đảm nhiệm?","Theo Quyết định số 2190, nhóm công tác phụ trách tiêu chuẩn 9 do ông Nguyễn Hữu Quyền làm Trưởng nhóm.",,
QD_2190,"Theo Quyết định số 2190, nhóm nào phụ trách tiêu chuẩn 10 trong quá trình tự đánh giá?","Theo Quyết định số 2190, nhóm phụ trách tiêu chuẩn 10 trong quá trình tự đánh giá là một trong các nhóm công tác chuyên trách, do Ông Trần Minh Đàn làm Trưởng nhóm và bao gồm các thành viên được phân công theo danh sách đính kèm.",,
QD_2190,"Theo Quyết định số 2190, nhiệm vụ chính của các nhóm công tác chuyên trách là gì?","Theo Quyết định số 2190, các nhóm công tác chuyên trách có nhiệm vụ viết báo cáo tự đánh giá, thu thập minh chứng và giải trình với Đoàn đánh giá ngoài.",,
KH_136,Tài liệu 136-KH-P.BĐCL&KT được ban hành vào ngày nào?,Tài liệu 136-KH-P.BĐCL&KT được ban hành vào ngày 19 tháng 7 năm 2024.,,
KH_136,Cơ quan nào ban hành kế hoạch 136-KH-P.BĐCL&KT?,"Kế hoạch 136-KH-P.BĐCL&KT được ban hành bởi Phòng Đảm bảo Chất lượng và Khảo thí, Trường Đại học Bình Dương.",,
KH_136,Mục tiêu chính của kế hoạch 136-KH-P.BĐCL&KT là gì?,Mục tiêu chính của kế hoạch là thực hiện tự đánh giá 05 chương trình đào tạo trình độ đại học nhằm chuẩn bị cho hoạt động đánh giá ngoài vào tháng 01 năm 2025.,,
KH_136,Những chương trình đào tạo nào được thực hiện tự đánh giá theo kế hoạch 136-KH-P.BĐCL&KT?,"Các chương trình đào tạo gồm: Công nghệ Kỹ thuật ô tô, Công nghệ Thông tin, Kế toán, Luật Kinh tế, Quản trị kinh doanh.",,
KH_136,Cơ sở pháp lý để triển khai kế hoạch 136-KH-P.BĐCL&KT là văn bản nào?,Kế hoạch được triển khai dựa trên Thông báo số 128/TTR-P.BĐCL&KT ngày 15/7/2024 của Phòng Đảm bảo Chất lượng và Khảo thí.,,
KH_136,Đơn vị nào chịu trách nhiệm chủ trì triển khai kế hoạch 136-KH-P.BĐCL&KT?,"Phòng Đảm bảo Chất lượng và Khảo thí là đơn vị chủ trì, chịu trách nhiệm chung trong việc triển khai kế hoạch và giám sát tiến độ.",,
KH_136,"Ai chịu trách nhiệm đánh giá, góp ý và thẩm định các báo cáo tự đánh giá?","Hội đồng Tự đánh giá (Hội đồng TĐG) chịu trách nhiệm chính trong việc đánh giá, góp ý, thẩm định các báo cáo.",,
KH_136,Nhóm công tác trong kế hoạch 136-KH-P.BĐCL&KT có nhiệm vụ gì?,"Nhóm Công tác thực hiện thu thập minh chứng, viết báo cáo tự đánh giá theo từng tiêu chuẩn, tiêu chí.",,
KH_136,Ban Thư ký có nhiệm vụ gì trong kế hoạch 136-KH-P.BĐCL&KT?,"Ban Thư ký hỗ trợ công tác hành chính, tổng hợp, rà soát hồ sơ và minh chứng.",,
KH_136,Giai đoạn chuẩn bị theo kế hoạch 136-KH-P.BĐCL&KT diễn ra trong thời gian nào?,Giai đoạn chuẩn bị diễn ra từ ngày 22/7/2024 đến ngày 08/9/2024.,,
KH_136,Nội dung chính trong giai đoạn chuẩn bị của kế hoạch 136-KH-P.BĐCL&KT là gì?,"Thành lập Hội đồng TĐG, Nhóm Công tác, nghiên cứu văn bản hướng dẫn, lập danh mục minh chứng và rà soát danh mục minh chứng.",,
KH_136,"Giai đoạn thu thập và xử lý minh chứng, viết báo cáo sơ bộ thực hiện khi nào?",Giai đoạn này diễn ra từ ngày 12/8/2024 đến ngày 09/9/2024.,,
KH_136,Nhóm Công tác thực hiện nhiệm vụ gì trong giai đoạn viết báo cáo sơ bộ?,"Nhóm Công tác viết dự thảo báo cáo tự đánh giá, rà soát và hoàn thiện dữ liệu Ba công khai, cơ sở dữ liệu trường, dữ liệu khảo sát và thu thập minh chứng theo danh mục.",,
KH_136,Giai đoạn hoàn thiện báo cáo và thẩm định theo kế hoạch 136-KH-P.BĐCL&KT diễn ra khi nào?,Giai đoạn này diễn ra từ ngày 04/9/2024 đến ngày 18/10/2024.,,
KH_136,Hoạt động chính trong giai đoạn hoàn thiện báo cáo là gì?,"Nhóm Công tác điều chỉnh, bổ sung báo cáo tự đánh giá, kiểm tra minh chứng, góp ý báo cáo theo tiêu chuẩn, tiêu chí và hoàn thiện báo cáo TĐG CTĐT.",,
KH_136,Giai đoạn công bố và gửi hồ sơ theo kế hoạch 136-KH-P.BĐCL&KT thực hiện khi nào?,Giai đoạn công bố và gửi hồ sơ thực hiện từ ngày 19/10/2024 đến ngày 30/11/2024.,,
KH_136,Những nhiệm vụ chính trong giai đoạn công bố và gửi hồ sơ là gì?,"Rà soát, cập nhật thông tin trên website, gửi báo cáo TĐG hoàn thiện đến Phòng Đảm bảo Chất lượng và Khảo thí, gửi hồ sơ đề nghị thẩm định CEA-SG, in báo cáo và lập kế hoạch phối hợp đánh giá ngoài.",,
KH_136,Kế hoạch 136-KH-P.BĐCL&KT có điểm gì nổi bật về nội dung?,"Kế hoạch có tính chi tiết, hệ thống, phân công rõ ràng nhiệm vụ và mốc thời gian, đảm bảo phản hồi và cải tiến liên tục qua nhiều vòng góp ý, thẩm định.",,
KH_136,Mục tiêu cuối cùng của kế hoạch 136-KH-P.BĐCL&KT là gì?,"Mục tiêu cuối cùng là hoàn thiện hồ sơ tự đánh giá, chuẩn bị cho hoạt động đánh giá ngoài dự kiến vào tháng 01 năm 2025.
TB_466,Kế hoạch đào tạo học kỳ 1 năm học 2023–2024 của Khoa Công nghệ thông tin","Robot và Trí tuệ nhân tạo được ban hành dựa trên thông báo nào?""",Kế hoạch được ban hành dựa trên Thông báo số 466/TB-ĐHBD ngày 12 tháng 6 năm 2023 của Hiệu trưởng Trường Đại học Bình Dương.
TB_466,"Những môn học nào được xác định là trọng tâm trong kế hoạch đào tạo học kỳ 1 năm học 2023–2024 của Khoa Công nghệ thông tin, Robot và Trí tuệ nhân tạo?","Các môn trọng tâm gồm: Đồ án tốt nghiệp (INF0137), Đồ án ngành (INF1023), Khoa học dữ liệu và ứng dụng (INF1023), Bảo mật IoT (INF1273), Nhập môn Trí tuệ nhân tạo (INF0103), Học máy (INF1063), Xử lý ngôn ngữ tự nhiên (INF1073), và các môn lập trình thực hành như lập trình di động, web, game.",,
TB_466,Môn học Đồ án tốt nghiệp (INF0137) trong kế hoạch đào tạo học kỳ 1 năm học 2023–2024 được đánh giá theo hình thức nào?,Môn Đồ án tốt nghiệp (INF0137) được đánh giá 100% bằng hình thức thi tập trung và có thể kèm theo tiểu luận hoặc khóa luận.,,
TB_466,Các hình thức giảng dạy trong kế hoạch đào tạo học kỳ 1 năm học 2023–2024 gồm những gì?,Hình thức giảng dạy gồm có học trực tiếp tại lớp và học trực tuyến.,,
TB_466,"Theo kế hoạch đào tạo học kỳ 1 năm học 2023–2024, tỷ lệ điểm giữa kỳ và cuối kỳ thường được phân bổ như thế nào?",Tỷ lệ điểm thường được phân bổ là 40% cho bài kiểm tra giữa kỳ và 50% cho bài kiểm tra cuối kỳ.,,
TB_466,"Một số môn học trong kế hoạch đào tạo học kỳ 1 năm học 2023–2024 có bao gồm điểm thư viện, vậy tỷ lệ này là bao nhiêu?","Một số môn học có 10% điểm dành cho thư viện, có thể liên quan đến chuyên cần hoặc hoạt động học liệu.",,
TB_466,"Trong kế hoạch đào tạo học kỳ 1 năm học 2023–2024, học phần nào được quản lý bởi doanh nghiệp và do ai phụ trách?","Học phần doanh nghiệp được quản lý bởi giảng viên Đinh Khắc Quyền (Mã CBGV 90894, ThS).",,
TB_466,Thông tin giảng viên trong kế hoạch đào tạo học kỳ 1 năm học 2023–2024 bao gồm những gì?,"Thông tin gồm tên giảng viên, mã cán bộ giảng viên, học vị và vai trò giảng dạy (Giảng viên 1 hoặc Giảng viên 2).",,
TB_466,Môn học 'Khoa học dữ liệu và ứng dụng' trong học kỳ 1 năm học 2023–2024 do giảng viên nào phụ trách?,"Môn học 'Khoa học dữ liệu và ứng dụng' trong học kỳ 1 năm học 2023–2024  do giảng viên Huỳnh Quang Đức (Mã CBGV 90514, TS) và Phạm Thuận (Mã CBGV 90890, TS) phụ trách giảng dạy.",,
TB_466,Kế hoạch đào tạo học kỳ 1 năm học 2023–2024 của Khoa CNTT cung cấp thông tin gì về sỉ số lớp học?,"Kế hoạch nêu rõ sỉ số dự kiến theo TKB và sỉ số theo yêu cầu của khoa, dao động từ 30 đến 80 sinh viên tùy theo lớp.",,
TB_466,Thời khóa biểu trong kế hoạch đào tạo học kỳ 1 năm học 2023–2024 cung cấp những thông tin gì?,"Thời khóa biểu bao gồm ngày kết thúc, số tiết/buổi, thứ trong tuần, tiết bắt đầu và thời gian bắt đầu học.",,
TB_466,Ai là người xác nhận và lập bảng kế hoạch đào tạo học kỳ 1 năm học 2023–2024 của Khoa CNTT?,Thầy Huỳnh Quang Đức và Nguyễn Thanh Sơn là người lập bảng và ký xác nhận kế hoạch.,,
TB_466,Môn học 'Xử lý ngôn ngữ tự nhiên' (INF1073) trong học kỳ 1 năm học 2023–2024 do ai phụ trách?,Môn học 'Xử lý ngôn ngữ tự nhiên' (INF1073) trong học kỳ 1 năm học 2023–2024 do giảng viên Huỳnh Quang Đức (Mã CBGV 90514,TS) và Phạm Thuận (Mã CBGV 90890,"TS) phụ trách giảng dạy."""
TB_466,Môn học 'Nhập môn tương tác người – máy' (INF1232) được giao cho giảng viên nào trong kế hoạch học kỳ 1 năm học 2023–2024?,Giảng viên Đinh Khắc Quyền phụ trách môn học 'Nhập môn tương tác người – máy' (INF1232).,,
TB_466,Các môn học lập trình thực hành trong học kỳ 1 năm học 2023–2024 bao gồm những môn nào và do ai phụ trách?,"Các môn lập trình thực hành gồm: lập trình di động, lập trình web, lập trình game; được giảng dạy bởi: TS.Nguyễn Hồ Hải, TS.Nguyễn Quang Tấn, ThS.Trần Hữu Duật và ThS.Thái Thanh Hùng.",,
TB_466,Môn học 'Tin học cơ sở' (INF0403) trong học kỳ 1 năm học 2023–2024 được giảng dạy bởi ai?,Môn Tin học cơ sở (INF0403) được phân công cho 2 giảng viên là Nguyễn Hữu Quyền và Thái Thanh Hùng.,,
TB_466,Môn 'Làm chủ máy tính' (INF0832) trong kế hoạch đào tạo học kỳ 1 năm học 2023–2024 đóng vai trò gì?,"Môn Làm chủ máy tính (INF0832) là một môn học nền tảng dành cho sinh viên CNTT, giúp hình thành kiến thức cơ bản về sử dụng máy tính.",,
TB_466,Hình thức đánh giá môn 'Nhập môn lập trình' (INF0433) trong kế hoạch đào tạo học kỳ 1 năm học 2023–2024 được chia như thế nào?,"Môn Nhập môn lập trình (INF0433) có hình thức đánh giá gồm điểm giữa kỳ (40%), điểm cuối kỳ (50%) và 10% điểm thư viện.",,
TB_466,Môn học 'Nhập môn Khoa học dữ liệu' (INF0983) trong học kỳ 1 năm học 2023–2024 do giảng viên nào đảm nhiệm?,Môn Nhập môn Khoa học dữ liệu (INF0983) được giảng dạy bởi giảng viên Huỳnh Quang Đức và Đào Văn Tuyết.,,
TB_466,"Trong kế hoạch đào tạo học kỳ 1 năm học 2023–2024, mã cán bộ giảng viên được trình bày như thế nào?","Mã cán bộ giảng viên (CBGV) được ghi kèm tên giảng viên, ví dụ: Huỳnh Quang Đức – Mã CBGV 90514.",,
TB_466,Kế hoạch đào tạo học kỳ 1 năm học 2023–2024 có phân biệt vai trò giảng viên 1 và giảng viên 2 như thế nào?,"Giảng viên 1 và Giảng viên 2 là hai người cùng phụ trách một môn học, được ghi rõ tên, mã CBGV và học vị trong kế hoạch.",,
TB_466,"Theo kế hoạch đào tạo học kỳ 1 năm học 2023–2024, Khoa CNTT chú trọng đào tạo những lĩnh vực nào để đáp ứng nhu cầu thị trường?","Khoa CNTT chú trọng đào tạo các lĩnh vực Khoa học dữ liệu, Trí tuệ nhân tạo, IoT và kỹ năng lập trình thực tế nhằm đáp ứng nhu cầu nhân lực công nghệ cao trên thị trường.",,
KH_194,Kế hoạch thực hiện đánh giá kết quả rèn luyện sinh viên học kỳ I năm học 2022-2023 do đơn vị nào ban hành?,Kế hoạch thực hiện đánh giá kết quả rèn luyện sinh viên học kỳ I năm học 2022-2023 được ban hành bởi Trường Đại học Bình Dương.,,
KH_194,Kế hoạch đánh giá rèn luyện sinh viên học kỳ I năm học 2022-2023 dựa trên quyết định nào?,Kế hoạch được ban hành dựa trên Quyết định số 551/QĐ-ĐHBD ngày 30 tháng 7 năm 2018 của Hiệu trưởng Trường Đại học Bình Dương về việc ban hành Quy chế đánh giá kết quả rèn luyện sinh viên hệ đại học chính quy.,,
KH_194,Đối tượng áp dụng của kế hoạch đánh giá rèn luyện sinh viên học kỳ I năm học 2022-2023 là ai?,"Đối tượng áp dụng là sinh viên đại học chính quy các khóa tuyển sinh năm 2019, 2020, 2021 và 2022 của Trường Đại học Bình Dương.",,
KH_194,Thời gian sinh viên tự đánh giá rèn luyện trên Cổng thông tin sinh viên là khi nào?,"Từ ngày 20/03/2023 đến 26/03/2023, sinh viên truy cập Cổng thông tin sinh viên (sv.bdu.edu.vn) để thực hiện đánh giá rèn luyện.",,
KH_194,Giáo viên chủ nhiệm và Ban cán sự lớp tiến hành họp đánh giá rèn luyện sinh viên vào thời gian nào?,"Từ ngày 27/03/2023 đến 31/03/2023, giáo viên chủ nhiệm, cố vấn học tập, quản nhiệm sinh viên và Ban cán sự lớp tiến hành họp, xem xét và thông qua mức điểm rèn luyện của từng sinh viên.",,
KH_194,Hội đồng Khoa họp xét kết quả rèn luyện sinh viên vào thời gian nào?,"Từ ngày 01/04/2023 đến 07/04/2023, Hội đồng Khoa tổ chức họp để xét kết quả rèn luyện sinh viên.",,
KH_194,Các Khoa gửi hồ sơ đánh giá rèn luyện sinh viên về phòng nào?,"Từ ngày 08/04/2023 đến 12/04/2023, các Khoa gửi hồ sơ đánh giá (file mềm và file văn bản) về Phòng Quản lý đào tạo và Công tác sinh viên Trường Đại học Bình Dương.",,
KH_194,File văn bản đánh giá rèn luyện sinh viên cần có những yêu cầu gì?,"File văn bản đánh giá phải có chữ ký xác nhận của Ban chủ nhiệm Khoa/Viện và gửi file mềm (word, excel) về địa chỉ email daotao@bdu.edu.vn.",,
KH_194,Kết quả điểm rèn luyện sinh viên được sử dụng cho các mục đích gì?,"Kết quả điểm rèn luyện sinh viên được sử dụng để xét điều kiện học tiếp, xét tốt nghiệp, xét khen thưởng năm học và xét học bổng (nếu có).",,
KH_194,Trong quá trình thực hiện nếu có khó khăn vướng mắc cần liên hệ ai?,"Trong quá trình thực hiện, nếu có khó khăn, các Khoa, giáo viên chủ nhiệm, cố vấn học tập, quản nhiệm, Ban cán sự lớp và sinh viên liên hệ qua email daotao@bdu.edu.vn để được hỗ trợ kịp thời.",,
KH_194,Mục tiêu chính của kế hoạch đánh giá rèn luyện sinh viên học kỳ I năm học 2022-2023 là gì?,"Mục tiêu nhằm đảm bảo quy trình đánh giá rèn luyện sinh viên diễn ra hiệu quả, minh bạch, công bằng và phục vụ các mục tiêu học tập cũng như phát triển toàn diện của sinh viên.",,
KH_194,Ai chịu trách nhiệm ban hành kế hoạch đánh giá kết quả rèn luyện sinh viên học kỳ I năm học 2022-2023?,Hiệu trưởng Trường Đại học Bình Dương chịu trách nhiệm ban hành kế hoạch đánh giá kết quả rèn luyện sinh viên học kỳ I năm học 2022-2023.,,
KH_194,Căn cứ pháp lý cho kế hoạch đánh giá rèn luyện sinh viên là gì?,Căn cứ pháp lý cho kế hoạch là Quyết định số 551/QĐ-ĐHBD ngày 30 tháng 7 năm 2018 về việc ban hành Quy chế đánh giá kết quả rèn luyện sinh viên hệ đại học chính quy.,,
KH_194,Những khóa sinh viên nào thuộc đối tượng đánh giá kết quả rèn luyện học kỳ I năm học 2022-2023?,"Sinh viên đại học chính quy các khóa tuyển sinh năm 2019, 2020, 2021 và 2022 thuộc đối tượng đánh giá kết quả rèn luyện.",,
KH_194,Sinh viên thực hiện đánh giá rèn luyện thông qua hệ thống nào?,Sinh viên thực hiện đánh giá rèn luyện thông qua Cổng thông tin sinh viên tại địa chỉ sv.bdu.edu.vn.,,
KH_194,Thời gian dành cho sinh viên tự đánh giá rèn luyện là bao nhiêu ngày?,Thời gian dành cho sinh viên tự đánh giá rèn luyện là từ ngày 20/03/2023 đến ngày 26/03/2023.,,
KH_194,Ai tổ chức họp để xem xét và thông qua điểm rèn luyện sau khi sinh viên tự đánh giá?,"Giáo viên chủ nhiệm, cố vấn học tập, quản nhiệm sinh viên và Ban cán sự lớp tổ chức họp để xem xét và thông qua điểm rèn luyện.",,
KH_194,Họp xét điểm rèn luyện cấp lớp cần có tài liệu gì kèm theo?,Họp xét điểm rèn luyện cấp lớp phải có biên bản họp đánh giá.,,
KH_194,Ai là người xét kết quả rèn luyện sinh viên sau khi cấp lớp hoàn thành?,Hội đồng Khoa là đơn vị tổ chức họp xét kết quả rèn luyện sinh viên sau khi cấp lớp hoàn thành.,,
KH_194,"Sau khi Hội đồng Khoa xét duyệt, hồ sơ đánh giá rèn luyện được gửi về đâu?","Sau khi xét duyệt, các Khoa gửi hồ sơ đánh giá về Phòng Quản lý đào tạo và Công tác sinh viên Trường Đại học Bình Dương.",,
KH_194,Hồ sơ đánh giá rèn luyện gồm những dạng file nào?,"Hồ sơ đánh giá gồm file mềm (word, excel) và file văn bản có chữ ký xác nhận của Ban chủ nhiệm Khoa/Viện.",,
KH_194,Địa chỉ email tiếp nhận file mềm đánh giá rèn luyện là gì?,Địa chỉ email tiếp nhận file mềm đánh giá rèn luyện là daotao@bdu.edu.vn.,,
KH_194,Kết quả rèn luyện có tác động như thế nào tới sinh viên?,"Kết quả rèn luyện ảnh hưởng đến điều kiện học tiếp, xét tốt nghiệp, xét khen thưởng năm học và xét học bổng (nếu có) của sinh viên.",,
KH_194,"Nếu phát sinh khó khăn trong quá trình thực hiện đánh giá rèn luyện, liên hệ với ai?","Nếu phát sinh khó khăn, liên hệ email daotao@bdu.edu.vn để được Phòng Quản lý đào tạo và Công tác sinh viên hỗ trợ.",,
KH_194,Mục đích của kế hoạch đánh giá kết quả rèn luyện sinh viên học kỳ I năm học 2022-2023 là gì?,"Mục đích nhằm đảm bảo đánh giá rèn luyện diễn ra minh bạch, công bằng, đúng quy trình và hỗ trợ quá trình học tập, phát triển của sinh viên.",,
KH_194,"Trong quá trình sinh viên đánh giá rèn luyện, nhà trường đã cung cấp hướng dẫn như thế nào?",Nhà trường đã gửi tài liệu hướng dẫn đánh giá rèn luyện tới email sinh viên để các em tự nghiên cứu và thực hiện.,,
KH_194,Trong quá trình Hội đồng Khoa họp xét kết quả rèn luyện có yêu cầu gì?,"Trong quá trình họp, Hội đồng Khoa phải lập biên bản họp đánh giá kết quả rèn luyện sinh viên.",,
KH_194,"Khi nộp hồ sơ đánh giá, file văn bản cần có xác nhận của ai?",File văn bản cần có chữ ký xác nhận của Ban chủ nhiệm Khoa/Viện.,,
KH_194,Thời gian các Khoa phải nộp hồ sơ đánh giá rèn luyện cho Phòng Quản lý đào tạo và Công tác sinh viên là khi nào?,Thời gian nộp hồ sơ từ ngày 08/04/2023 đến ngày 12/04/2023.,,
KH_194,"Sau khi hoàn thành đánh giá rèn luyện, sinh viên có được quyền khiếu nại kết quả không?",Vấn đề khiếu nại không được đề cập trong nội dung kế hoạch thực hiện đánh giá kết quả rèn luyện sinh viên học kỳ I năm học 2022-2023.,,
KH_866,Kế hoạch giám sát giảng đường năm học 2023-2024 của đơn vị nào ban hành?,Kế hoạch giám sát giảng đường năm học 2023-2024 được ban hành bởi Trường Đại học Bình Dương.,,
KH_866,Mục đích của kế hoạch giám sát giảng đường năm học 2023-2024 là gì?,"Mục đích là hỗ trợ nâng cao chất lượng giảng dạy, học tập của giảng viên và sinh viên; phát hiện, phòng ngừa và xử lý các vi phạm trong hoạt động giảng dạy và học tập.",,
KH_866,Những địa điểm nào thuộc phạm vi áp dụng kế hoạch giám sát giảng đường năm học 2023-2024?,"Kế hoạch áp dụng cho các lớp học trực tiếp tại cơ sở chính, cơ sở Hoàng Hoa Thám, cơ sở 2 (khoa Dược), xưởng thực hành ô tô.",,
KH_866,Nội dung giám sát giảng đường bao gồm những gì?,"Nội dung giám sát bao gồm kiểm tra việc thực hiện nội quy lớp học, tác phong và trang phục của sinh viên; kiểm tra nhiệm vụ giảng dạy, tác phong và văn hóa giảng đường của giảng viên.",,
KH_866,"Nội quy, tác phong và trang phục của sinh viên được giám sát theo thông báo nào?","Việc giám sát nội quy, tác phong và trang phục của sinh viên được thực hiện theo thông báo 271/TB-ĐHBD.",,
KH_866,Thời gian thực hiện giám sát giảng đường trong tuần như thế nào?,"Giám sát diễn ra từ thứ Hai đến Chủ nhật (trừ tuần tổ chức thi), vào các khung giờ sáng, chiều và tối theo lịch cụ thể.",,
KH_866,Nhân sự được bố trí trực giám sát có được nghỉ bù không?,Nhân sự trực vào thời gian nghỉ theo hợp đồng lao động được ghi nhận giờ công và nghỉ bù trong tuần kế tiếp; không áp dụng nghỉ bù với các ca trực khác.,,
KH_866,Báo cáo sau khi trực giám sát được thực hiện như thế nào?,"Sau mỗi buổi trực, nhân sự được phân công thực hiện báo cáo tình hình thực hiện nội quy và các phát sinh liên quan tại địa chỉ https://forms.gle/2N8cXuvYyfGtXBbGGA.",,
KH_866,Vi phạm trong giám sát giảng đường được xử lý theo nguyên tắc nào?,"Vi phạm có minh chứng cụ thể bằng hình ảnh, video, biên bản sẽ được xử lý; nhân sự trực có quyền ghi nhận hình ảnh, video làm căn cứ xử lý.",,
KH_866,Đơn vị nào chủ trì thực hiện kế hoạch giám sát giảng đường năm học 2023-2024?,"Phòng Quản lý Đào tạo và Công tác Sinh viên chủ trì, phối hợp với các Khoa, Viện, Trung tâm và các phòng chức năng khác để thực hiện kế hoạch.",,
KH_866,"Các đơn vị, khoa, viện có trách nhiệm gì trong kế hoạch giám sát giảng đường?","Các đơn vị, khoa, viện phải bố trí tối thiểu 01 nhân sự trực giám sát, tham gia lịch trực đột xuất và báo cáo vi phạm kèm minh chứng đầy đủ.",,
KH_866,"Thủ trưởng các Khoa, Viện, Trung tâm chịu trách nhiệm gì trong kế hoạch giám sát giảng đường?","Thủ trưởng các đơn vị có trách nhiệm nhắc nhở, phối hợp và thực hiện nghiêm túc, thường xuyên giám sát giảng đường trong phạm vi quản lý.",,
KH_866,Các đơn vị liên quan phải thực hiện kế hoạch giám sát giảng đường như thế nào?,"Các đơn vị, cá nhân liên quan phải nghiêm túc thực hiện kế hoạch giám sát giảng đường năm học 2023-2024.",,
KH_866,Biên bản ghi nhận vi phạm được lập trong những trường hợp nào?,Biên bản được lập với các hành vi vi phạm gây thiệt hại nghiêm trọng hoặc có mức độ xử lý pháp luật cao; trước khi lập biên bản phải thông báo rõ hành vi cho người vi phạm biết.,,
KH_866,Trường hợp người vi phạm không ký biên bản thì xử lý ra sao?,"Nếu người vi phạm không đồng ý ký biên bản, nhân sự lập biên bản phải ghi rõ lý do từ chối ký của người vi phạm trong biên bản.",,
KH_866,Lịch trực giám sát giảng đường được bố trí như thế nào trong tuần?,"Lịch trực diễn ra vào các buổi sáng, chiều và tối từ thứ Hai đến Chủ nhật, với các khung giờ cụ thể như giờ vào lớp, giờ nghỉ giải lao và giờ ra về.",,
KH_866,Giám sát buổi sáng được thực hiện vào những khung giờ nào?,"Buổi sáng giám sát vào các khung giờ 06h50 - 07h15, 08h50 - 09h10 và 10h40 - 11h00.",,
KH_866,Giám sát buổi chiều được thực hiện vào những khung giờ nào?,"Buổi chiều giám sát vào các khung giờ 12h50 - 13h15, 14h50 - 15h10 và 16h30 - 16h50.",,
KH_866,Giám sát buổi tối được thực hiện vào những khung giờ nào?,Buổi tối giám sát vào khung giờ 18h00 - 18h30.,,
KH_866,Kết luận mục đích cuối cùng của kế hoạch giám sát giảng đường năm học 2023-2024 là gì?,"Kế hoạch nhằm duy trì kỷ luật, nâng cao chất lượng dạy và học, đảm bảo thực hiện hiệu quả các hoạt động trọng tâm năm học 2023-2024.",,
KH_1011,Kế hoạch tổ chức Lễ Tốt nghiệp lần IV năm 2023 được xây dựng nhằm mục đích gì?,"Kế hoạch tổ chức Lễ Tốt nghiệp lần IV năm 2023 nhằm tôn vinh, ghi nhận thành quả học tập và rèn luyện của sinh viên, học viên; khẳng định uy tín của Trường Đại học Bình Dương; đồng thời tạo động lực cho người học.",,
KH_1011,Đối tượng tham gia Lễ Tốt nghiệp lần IV năm 2023 bao gồm những ai?,"Đối tượng tham gia Lễ Tốt nghiệp lần IV năm 2023 gồm học viên cao đẳng, đại học đã được xét tốt nghiệp đợt 3 năm 2023, nghiên cứu sinh, học viên cao học và sinh viên các đợt trước chưa tham gia lễ tốt nghiệp.",,
KH_1011,Lễ Tốt nghiệp lần IV năm 2023 tổ chức vào thời gian và địa điểm nào?,"Lễ Tốt nghiệp lần IV năm 2023 tổ chức vào sáng thứ Bảy ngày 18/11/2023 tại Nhà hát sinh viên (Hội trường I, lầu IV khu A), Trường Đại học Bình Dương.",,
KH_1011,Ai là Trưởng ban chỉ đạo tổ chức Lễ Tốt nghiệp lần IV năm 2023?,"Ông Cao Việt Hiếu, Hiệu trưởng Trường Đại học Bình Dương, là Trưởng ban chỉ đạo tổ chức Lễ Tốt nghiệp lần IV năm 2023.",,
KH_1011,Chương trình chi tiết của buổi Lễ Tốt nghiệp lần IV năm 2023 diễn ra như thế nào?,"Buổi lễ bắt đầu từ 06h45 ổn định vị trí; từ 07h30 diễn ra chương trình văn nghệ; 08h00 chào cờ, phát biểu; 08h20 phát biểu đại diện học viên; 08h35 công bố khen thưởng; 09h00 công nhận tốt nghiệp; 09h05 tuyên thệ; 09h10 trao bằng và 11h00 bế mạc.",,
KH_1011,"Các Khoa, Viện, Trung tâm chịu trách nhiệm gì trong công tác tổ chức Lễ Tốt nghiệp lần IV năm 2023?","Các Khoa, Viện, Trung tâm thông báo kế hoạch tổ chức, cung cấp danh sách người đăng ký, đảm bảo trật tự, điều phối sinh viên nhận bằng, tiếp nhận và trả lễ phục.",,
KH_1011,Phòng Tuyển sinh phụ trách những nội dung gì liên quan đến Lễ Tốt nghiệp lần IV năm 2023?,"Phòng Tuyển sinh hướng dẫn đăng ký tham dự lễ, thu lễ phục với mức phí 500.000 VNĐ (trong đó có 200.000 VNĐ thế chân), hỗ trợ chụp ảnh chân dung và lễ phục.",,
KH_1011,Phòng Quản lý Đào tạo và Công tác sinh viên thực hiện nhiệm vụ gì trong tổ chức Lễ Tốt nghiệp lần IV năm 2023?,"Phòng QLĐT&CTSV xây dựng kịch bản, chuẩn bị bằng khen, in bằng tốt nghiệp, phối hợp tổ chức buổi lễ và tổng hợp các ý kiến sau buổi lễ.",,
KH_1011,Nhiệm vụ của Phòng Tổng hợp trong tổ chức Lễ Tốt nghiệp lần IV năm 2023 là gì?,"Phòng Tổng hợp điều phối tổng thể buổi lễ, chuẩn bị hậu cần như âm thanh, ánh sáng, văn phòng phẩm, kỷ lục giấy tờ, bố trí bàn ghế, hoa trang trí và in ấn bằng khen.",,
KH_1011,Phòng Thanh tra và Kiểm toán nội bộ đảm nhiệm công việc gì tại Lễ Tốt nghiệp lần IV năm 2023?,"Phòng Thanh tra và Kiểm toán nội bộ phối hợp đảm bảo an ninh, phân luồng giao thông, bố trí bãi xe, kiểm tra người ra vào và hỗ trợ sinh viên tại phòng chờ.",,
KH_1011,Thời gian thu lệ phí nhận bằng của Lễ Tốt nghiệp lần IV năm 2023 diễn ra khi nào?,"Thời gian thu lệ phí nhận bằng của Lễ Tốt nghiệp lần IV năm 2023 diễn ra từ ngày 17/7/2023 đến sáng ngày 29/7/2023, làm việc từ thứ Hai đến sáng thứ Bảy.",,
KH_1011,Đoàn Thanh niên có nhiệm vụ gì trong Lễ Tốt nghiệp lần IV năm 2023?,"Đoàn Thanh niên phối hợp tuyên truyền toàn trường, hỗ trợ các tiết mục văn nghệ trong chương trình buổi lễ.",,
KH_1011,Ban Thông tin - Truyền thông đảm nhiệm những công việc gì tại Lễ Tốt nghiệp lần IV năm 2023?,"Ban Thông tin - Truyền thông đưa tin sự kiện trên các kênh truyền thông của trường, chụp ảnh, lưu trữ dữ liệu, thiết kế thư mời, banner, backdrop cho buổi lễ.",,
KH_1011,Sinh viên tham gia Lễ Tốt nghiệp lần IV năm 2023 cần lưu ý những gì?,"Sinh viên tham gia Lễ Tốt nghiệp lần IV năm 2023 phải tập trung đúng giờ, mặc trang phục lễ phục đầy đủ, mang giấy tờ tùy thân để đối chiếu khi nhận bằng và hoàn thành các thủ tục đóng phí, nhận lễ phục theo quy định.",,
KH_1011,Tiến độ triển khai các công tác chuẩn bị cho Lễ Tốt nghiệp lần IV năm 2023 như thế nào?,"Tiến độ triển khai bao gồm: hoàn tất thông báo đăng ký trước 30/10/2023; họp ban tổ chức ngày 03/11/2023; đăng ký và thu lễ phục, chụp ảnh từ 06-12/11/2023; tổng hợp danh sách duyệt ngày 15/11/2023 và tổ chức lễ vào ngày 18/11/2023.",,
KH_462,Mục đích của Kế hoạch đánh giá giờ giảng giảng viên học kỳ III năm học 2023-2024 là gì?,"Mục đích của Kế hoạch đánh giá giờ giảng giảng viên học kỳ III năm học 2023-2024 là đánh giá thường xuyên hoạt động giảng dạy để hỗ trợ công tác quản lý, phát triển chất lượng đào tạo, phát hiện và điều chỉnh kịp thời những hạn chế trong quá trình giảng dạy tại Trường Đại học Bình Dương.",,
KH_462,Yêu cầu chung khi thực hiện Kế hoạch đánh giá giờ giảng học kỳ III năm học 2023-2024 là gì?,"Yêu cầu gồm: thực hiện đầy đủ lịch dự giờ đã ban hành; bảo đảm đúng thời gian, số lượng, thành phần tham gia; đánh giá khách quan, trung thực, công bằng và có sự phối hợp chặt chẽ giữa các đơn vị trong Nhà trường.",,
KH_462,Căn cứ pháp lý để ban hành Kế hoạch đánh giá giờ giảng học kỳ III năm học 2023-2024 là gì?,Kế hoạch đánh giá giờ giảng học kỳ III năm học 2023-2024 được ban hành căn cứ theo Quyết định số 196/QĐ-ĐHBD ngày 02/5/2018 của Trường Đại học Bình Dương về việc ban hành Quy định dự giờ giảng viên và thực hiện kế hoạch giảng dạy học kỳ III năm học 2023-2024.,,
KH_462,Công cụ đánh giá giờ giảng được sử dụng trong học kỳ III năm học 2023-2024 là gì?,Công cụ đánh giá giờ giảng sử dụng phiếu đánh giá theo mẫu quy định tại Quyết định số 196/QĐ-ĐHBD ngày 02/5/2018 và biên bản tổng hợp giờ giảng do Trường Đại học Bình Dương ban hành.,,
KH_462,Thành phần Hội đồng đánh giá giờ giảng học kỳ III năm học 2023-2024 bao gồm những ai?,Hội đồng đánh giá giờ giảng gồm: Lãnh đạo các Khoa - Chủ tịch Hội đồng; đại diện Phòng Quản lý Đào tạo và Công tác sinh viên; đại diện Phòng Bảo đảm chất lượng và Khảo thí; giảng viên cơ hữu của Khoa làm Thư ký.,,
KH_462,Giảng viên được dự giờ giảng có trách nhiệm gì?,"Giảng viên được dự giờ giảng có trách nhiệm chuẩn bị đầy đủ đề cương bài giảng, tài liệu, phương tiện giảng dạy; cung cấp trước buổi dự giờ; tiếp thu nghiêm túc góp ý và xây dựng kế hoạch phát huy ưu điểm, khắc phục hạn chế sau buổi dự giờ.",,
KH_462,Trách nhiệm của các thành viên Hội đồng đánh giá giờ giảng học kỳ III năm học 2023-2024 là gì?,"Thành viên Hội đồng có trách nhiệm đánh giá trung thực, khách quan, chính xác; hoàn thiện đầy đủ thủ tục sau dự giờ và nộp lại cho Thư ký để hoàn thiện báo cáo Hội đồng.",,
KH_462,"Các Khoa, Viện trong Trường Đại học Bình Dương có trách nhiệm gì trong việc thực hiện đánh giá giờ giảng học kỳ III năm học 2023-2024?","Các Khoa, Viện cử giảng viên tham gia dự giờ theo đúng thành phần quy định, không cử giảng viên tập sự, nhân viên tập sự; hoàn thiện báo cáo đánh giá và gửi về Phòng Bảo đảm chất lượng và Khảo thí chậm nhất 10 ngày sau khi kết thúc đợt đánh giá.",,
KH_462,Lịch dự giờ giảng trong Kế hoạch đánh giá giờ giảng học kỳ III năm học 2023-2024 được triển khai từ thời gian nào?,"Lịch dự giờ giảng trong Kế hoạch đánh giá giờ giảng học kỳ III năm học 2023-2024 được triển khai từ cuối tháng 5 năm 2024 đến đầu tháng 8 năm 2024, theo lịch trình chi tiết cho từng giảng viên, lớp học, môn học và địa điểm cụ thể.",,
KH_462,Ví dụ về một số buổi dự giờ trong Kế hoạch đánh giá giờ giảng học kỳ III năm học 2023-2024?,"Ví dụ: Nguyễn Trần An Tuấn giảng môn Kỹ thuật xung số và xử lý tín hiệu tại lớp 25DT01, E03A, sáng 30/5/2024; Lê Nguyễn Quế Phương giảng Tài chính quốc tế tại lớp 01, AV1.2, sáng 19/6/2024; Huỳnh Anh Tuấn giảng Xây dựng HTTT trên các framework tại lớp 25TP01, P.LAB, sáng 07/8/2024.",,
KH_462,"Kế hoạch đánh giá giờ giảng học kỳ III, năm học 2023-2024 có mục đích gì?","Mục đích của kế hoạch là đánh giá thường xuyên hoạt động giảng dạy của giảng viên để cung cấp thông tin quản lý và phát triển chất lượng đào tạo tại Trường Đại học Bình Dương, kịp thời phát hiện, điều chỉnh những bất cập trong quá trình giảng dạy.",,
KH_462,Tại sao Trường Đại học Bình Dương thực hiện đánh giá giờ giảng?,"Để nâng cao chất lượng đào tạo, phát hiện và điều chỉnh kịp thời các bất cập, đảm bảo chất lượng giảng dạy được quản lý chặt chẽ và liên tục cải thiện.",,
KH_462,Đánh giá giờ giảng học kỳ III thực hiện theo văn bản nào?,Đánh giá giờ giảng học kỳ III thực hiện theo Quyết định số 196/QĐ-ĐHBD ngày 02/5/2018 của Trường Đại học Bình Dương.,,
KH_462,Ai là thành phần tham gia Hội đồng đánh giá giờ giảng?,"Hội đồng đánh giá gồm: Chủ tịch Hội đồng là lãnh đạo Khoa; thành viên là đại diện Phòng Quản lý đào tạo và Công tác sinh viên, đại diện Phòng Bảo đảm chất lượng và Khảo thí, giảng viên cơ hữu Khoa làm thư ký.",,
KH_462,Công cụ nào được dùng để đánh giá giờ giảng?,Đánh giá giờ giảng sử dụng phiếu đánh giá theo mẫu quy định tại Quyết định số 196/QĐ-ĐHBD.,,
KH_462,Giảng viên cần chuẩn bị những gì trước buổi dự giờ?,"Giảng viên cần chuẩn bị đề cương bài giảng, tài liệu, phương tiện giảng dạy và cung cấp cho thành viên dự giờ trước buổi dự giờ.",,
KH_462,Thái độ của giảng viên khi được đánh giá giờ giảng như thế nào?,"Giảng viên cần có thái độ cầu thị, tiếp thu nghiêm túc các góp ý, phát huy ưu điểm và có chương trình hành động khắc phục hạn chế.",,
KH_462,Hội đồng đánh giá giờ giảng có trách nhiệm gì?,"Hội đồng đánh giá giờ giảng thực hiện đánh giá khách quan, trung thực, hoàn thiện thủ tục và gửi cho thư ký để lập báo cáo sau khi hoàn thành công tác dự giờ.",,
KH_462,"Khoa, Viện có trách nhiệm gì trong việc đánh giá giờ giảng?","Khoa, Viện cử giảng viên tham gia đánh giá, không cử giảng viên tập sự, sau khi kết thúc gửi báo cáo về Phòng Bảo đảm chất lượng và Khảo thí chậm nhất 10 ngày sau khi kết thúc đợt đánh giá.",,
KH_462,Thành phần giảng viên nào không được tham gia Hội đồng đánh giá?,"Không cử giảng viên tập sự, nhân viên tập sự tham gia đánh giá giờ giảng.",,
KH_462,Khi nào phải nộp báo cáo sau đánh giá giờ giảng?,Báo cáo sau đánh giá giờ giảng phải gửi về Phòng Bảo đảm chất lượng và Khảo thí chậm nhất 10 ngày sau khi kết thúc đợt đánh giá.,,
KH_508,Đối tượng nào được xét khen thưởng năm học 2022-2023 tại cơ sở chính Trường Đại học Bình Dương?,Đối tượng xét khen thưởng là sinh viên đại học chính quy tại cơ sở chính Trường Đại học Bình Dương tham gia học tập và rèn luyện năm học 2022-2023.,,
KH_508,Thời gian và địa điểm nộp hồ sơ xét khen thưởng năm học 2022-2023 tại Trường Đại học Bình Dương là khi nào và ở đâu?,"Thời gian nộp hồ sơ là 16h00 ngày 19/6/2024 tại Bộ phận một cửa, Phòng Tuyển sinh (504 Đại lộ Bình Dương, phường Hiệp Thành, thành phố Thủ Dầu Một, tỉnh Bình Dương), hoặc gửi qua bưu điện trong thời gian này căn cứ theo dấu bưu điện.",,
KH_508,Điều kiện điểm học tập để sinh viên được xét khen thưởng năm học 2022-2023 là gì?,"Sinh viên không được có điểm kết thúc học phần dưới mức trung bình, không có môn học lại, thi lại trong năm học được xét, bao gồm cả môn điều kiện.",,
KH_508,Điều kiện rèn luyện để sinh viên được xét khen thưởng năm học 2022-2023 là gì?,Sinh viên phải đạt điểm rèn luyện năm học xếp loại tốt trở lên.,,
KH_508,Yêu cầu về tham gia hoạt động trường đối với sinh viên được xét khen thưởng năm học 2022-2023 là gì?,"Sinh viên phải tham gia đầy đủ các hoạt động như lấy ý kiến người học, bảo hiểm y tế và các quy định khác của Nhà trường.",,
KH_508,Sinh viên có cần tham gia công tác truyền thông để được xét khen thưởng không?,Sinh viên phải có tham gia công tác truyền thông của Trường để đủ điều kiện xét khen thưởng năm học 2022-2023.,,
KH_508,Sinh viên có cần tham gia hỗ trợ tân sinh viên để được xét khen thưởng không?,"Sinh viên phải tham gia nhóm thủ lĩnh sinh viên giúp tân sinh viên hòa nhập và hỗ trợ sinh viên khóa sau trong học tập, rèn luyện.",,
KH_508,Sinh viên phải đạt bao nhiêu tín chỉ tích lũy để được xét khen thưởng?,Số tín chỉ tích lũy trong năm học phải đạt tối đa số tín chỉ mà Nhà trường đã mở cho năm học của khóa đào tạo.,,
KH_508,Điều kiện xét khen thưởng năm học 2022-2023 đối với sinh viên từ năm 2 trở đi có gì đặc biệt?,Sinh viên năm 2 trở đi phải được công nhận và khen thưởng tại năm học trước đó mới đủ điều kiện xét khen thưởng năm học 2022-2023.,,
KH_508,Hồ sơ xét khen thưởng năm học 2022-2023 bao gồm những gì?,Hồ sơ gồm đơn xin xét khen thưởng theo mẫu đính kèm và kết quả học tập các học kỳ trước (in tại Cổng thông tin sinh viên).,,
KH_508,Đơn xin xét khen thưởng năm học 2022-2023 cần cung cấp thông tin gì?,"Đơn xin xét khen thưởng cần có họ tên, lớp, ngành học, niên khóa, mã số sinh viên, số điện thoại, email, số tín chỉ tích lũy, điểm trung bình tích lũy, xếp loại rèn luyện và xác nhận đã được khen thưởng năm học 2021-2022 (nếu là sinh viên năm 2 trở đi).",,
KH_508,Ai ban hành kế hoạch xét khen thưởng năm học 2022-2023 tại Trường Đại học Bình Dương?,Kế hoạch xét khen thưởng năm học 2022-2023 được ban hành bởi Hiệu trưởng Cao Việt Hiếu.,,
KH_508,Quy trình tổ chức xét khen thưởng năm học 2022-2023 tại Trường Đại học Bình Dương diễn ra như thế nào?,"Quy trình gồm: Bộ phận một cửa và GVCN – CVHT truyền thông kế hoạch; Bộ phận một cửa tiếp nhận hồ sơ; Phòng QLĐT&CTSV xét duyệt, báo cáo Ban giám hiệu và tham mưu kết quả xét từ ngày 20/06/2024 đến ngày 25/06/2024.",,
KH_508,Sinh viên nộp hồ sơ xét khen thưởng năm học 2022-2023 bằng hình thức nào?,"Sinh viên có thể nộp hồ sơ xét khen thưởng trực tiếp tại Bộ phận một cửa, Phòng Tuyển sinh hoặc gửi qua bưu điện theo địa chỉ 504 Đại lộ Bình Dương, phường Hiệp Thành, thành phố Thủ Dầu Một, tỉnh Bình Dương.",,
KH_508,"Sau khi tiếp nhận hồ sơ xét khen thưởng, đơn vị nào chịu trách nhiệm tổ chức xét duyệt tại Trường Đại học Bình Dương?","Sau khi tiếp nhận hồ sơ, Phòng Quản lý Đào tạo và Công tác Sinh viên (QLĐT&CTSV) chịu trách nhiệm tổ chức xét duyệt, phản hồi kết quả sơ bộ và báo cáo Ban Giám hiệu.",,
KH_508,Thời gian xét duyệt hồ sơ khen thưởng năm học 2022-2023 tại Trường Đại học Bình Dương là khi nào?,Thời gian xét duyệt hồ sơ diễn ra từ ngày 20/06/2024 đến ngày 25/06/2024.,,
KH_508,Ai là người ký ban hành kế hoạch xét khen thưởng năm học 2022-2023 tại Trường Đại học Bình Dương?,Hiệu trưởng Cao Việt Hiếu là người ký ban hành kế hoạch xét khen thưởng năm học 2022-2023.,,
KH_508,Bộ phận nào có trách nhiệm thông báo kế hoạch xét khen thưởng đến sinh viên tại Trường Đại học Bình Dương?,"Bộ phận một cửa, phòng Tuyển sinh, GVCN và CVHT có trách nhiệm truyền thông kế hoạch xét khen thưởng đến sinh viên.",,
KH_508,Điều kiện về kỷ luật để sinh viên được xét khen thưởng năm học 2022-2023 là gì?,Sinh viên không thuộc diện bị kỷ luật trong năm học xét khen thưởng mới đủ điều kiện tham gia xét khen thưởng.,,
KH_508,Nếu sinh viên nộp hồ sơ xét khen thưởng trễ hạn thì có được xét không?,Sinh viên chỉ được xét khen thưởng nếu nộp hồ sơ đầy đủ và đúng thời gian quy định trước 16h00 ngày 19/6/2024.,,
KH_508,"Trường hợp sinh viên thi lại, học lại có được tham gia xét khen thưởng không?","Sinh viên có môn thi lại, học lại trong năm học 2022-2023 sẽ không đủ điều kiện tham gia xét khen thưởng.",,
KH_508,Kế hoạch xét khen thưởng năm học 2022-2023 tại Trường Đại học Bình Dương áp dụng cho đối tượng sinh viên nào?,Kế hoạch xét khen thưởng năm học 2022-2023 chỉ áp dụng cho sinh viên đại học chính quy học tại cơ sở chính của Trường Đại học Bình Dương.,,
KH_508,Điều kiện về điểm rèn luyện để sinh viên đủ điều kiện xét khen thưởng năm học 2022-2023 là gì?,Sinh viên phải đạt điểm rèn luyện năm học xếp loại tốt trở lên để đủ điều kiện xét khen thưởng năm học 2022-2023.,,
KH_508,Sinh viên cần có đóng góp gì cho công tác truyền thông để đủ điều kiện xét khen thưởng năm học 2022-2023?,Sinh viên phải có tham gia công tác truyền thông của Trường Đại học Bình Dương để đủ điều kiện xét khen thưởng năm học 2022-2023.,,
KH_508,Sinh viên năm 2 trở đi cần đáp ứng thêm điều kiện gì để được xét khen thưởng năm học 2022-2023?,Sinh viên từ năm thứ 2 trở đi phải được công nhận và khen thưởng ở năm học trước mới đủ điều kiện xét khen thưởng năm học 2022-2023.,,
KH_508,Tiêu chí về tín chỉ tích lũy để sinh viên được xét khen thưởng năm học 2022-2023 là gì?,Số tín chỉ tích lũy trong năm học xét khen thưởng phải đạt tối đa số tín chỉ mà Nhà trường đã mở cho năm học của khóa đào tạo.,,
KH_508,Thành phần hồ sơ xét khen thưởng năm học 2022-2023 bao gồm những gì?,Hồ sơ xét khen thưởng gồm Đơn xin xét khen thưởng (theo mẫu đính kèm) và kết quả học tập các học kỳ trước được in tại Cổng thông tin sinh viên.,,
KH_508,Mẫu đơn xin xét khen thưởng năm học 2022-2023 yêu cầu sinh viên cung cấp các thông tin nào?,"Mẫu đơn yêu cầu cung cấp thông tin về họ tên, lớp, ngành học, niên khóa, mã số sinh viên, số điện thoại, email, số tín chỉ tích lũy, điểm trung bình tích lũy, xếp loại rèn luyện và thông tin về việc đã được khen thưởng năm trước.",,
KH_508,"Sau khi xét duyệt sơ bộ hồ sơ khen thưởng, Phòng QLĐT&CTSV sẽ làm gì tiếp theo?","Sau khi xét duyệt sơ bộ, Phòng QLĐT&CTSV sẽ báo cáo Ban Giám hiệu kết quả xét và tham mưu kết quả xét khen thưởng từ ngày 20/06/2024 đến ngày 25/06/2024.",,
KH_508,Kế hoạch xét khen thưởng năm học 2022-2023 do ai phê duyệt ban hành?,"Kế hoạch xét khen thưởng năm học 2022-2023 được Hiệu trưởng Trường Đại học Bình Dương, ông Cao Việt Hiếu, phê duyệt và ban hành.",,
KH_597,Lễ tốt nghiệp năm 2023 (lần III) của Trường Đại học Bình Dương tổ chức vào thời gian nào?,Lễ tốt nghiệp năm 2023 (lần III) của Trường Đại học Bình Dương được tổ chức vào sáng ngày 29/7/2023 (Thứ Bảy).,,
KH_597,Địa điểm tổ chức Lễ tốt nghiệp năm 2023 (lần III) của Trường Đại học Bình Dương ở đâu?,"Lễ tốt nghiệp năm 2023 (lần III) của Trường Đại học Bình Dương được tổ chức tại Nhà hát sinh viên (Hội trường I, lầu IV khu A).",,
KH_597,Đối tượng nào được tham gia Lễ tốt nghiệp năm 2023 (lần III) của Trường Đại học Bình Dương?,"Đối tượng tham gia bao gồm học viên cao học, sinh viên xét tốt nghiệp đợt 2 năm 2023 và các nghiên cứu sinh, học viên cao học, sinh viên tốt nghiệp các đợt trước chưa đăng ký tham dự lễ.",,
KH_597,Khi nào sinh viên có thể thuê lễ phục tốt nghiệp cho Lễ tốt nghiệp năm 2023 (lần III)?,Sinh viên có thể thuê lễ phục tốt nghiệp từ ngày 17/7/2023 đến sáng 22/7/2023 vào buổi sáng từ 08h00 đến 11h00 và buổi chiều từ 14h00 đến 17h00.,,
KH_597,Lệ phí thuê lễ phục tốt nghiệp cho Lễ tốt nghiệp năm 2023 (lần III) là bao nhiêu?,Lệ phí thuê lễ phục tốt nghiệp là 500.000 đồng (bao gồm 200.000 đồng tiền thế chân).,,
KH_597,Khi nào diễn ra việc thanh lý lễ phục tốt nghiệp sau Lễ tốt nghiệp năm 2023 (lần III)?,"Thanh lý lễ phục tốt nghiệp diễn ra vào sáng 29/7/2023 (07h00 đến 11h00) và sáng 02/8/2023 (08h00 đến 10h30, buổi chiều từ 13h30 đến 16h00).",,
KH_597,Đơn vị nào chịu trách nhiệm hướng dẫn nhận bằng trên sân khấu trong Lễ tốt nghiệp năm 2023 (lần III)?,Các Khoa/Viện/Trung tâm chịu trách nhiệm hướng dẫn sinh viên và người thân nhận bằng trên sân khấu.,,
KH_597,Thành phần nào thực hiện nhiệm vụ chụp ảnh chân dung trong lễ phục tốt nghiệp?,Phòng QLĐT&CTSV chịu trách nhiệm tổ chức chụp ảnh chân dung với lễ phục tốt nghiệp tại Studio của Trường từ ngày 17/7/2023 đến sáng 22/7/2023.,,
KH_597,"Đơn vị nào thực hiện việc bố trí âm thanh, ánh sáng và các điều kiện hậu cần khác trong Lễ tốt nghiệp năm 2023 (lần III)?","Phòng Tổng hợp chịu trách nhiệm bố trí nhân sự âm thanh, ánh sáng, chuẩn bị vật dụng tại hội trường và phối hợp trao bằng tốt nghiệp.",,
KH_597,"Đơn vị nào chịu trách nhiệm đảm bảo an ninh, phân luồng giao thông cho Lễ tốt nghiệp năm 2023 (lần III)?",Phòng Thanh tra - Pháp chế và Kiểm toán nội bộ chịu trách nhiệm phối hợp đảm bảo an ninh và phân luồng giao thông.,,
KH_597,Ai chịu trách nhiệm điều phối nghi thức chào cờ và dẫn chương trình trong Lễ tốt nghiệp năm 2023 (lần III)?,"Ông Nguyễn Ngọc Chiến chịu trách nhiệm điều phối nghi thức chào cờ, viết kịch bản và dẫn chương trình Lễ tốt nghiệp năm 2023 (lần III).",,
KH_597,"Đơn vị nào đảm nhận việc thiết kế thư mời, cảm ơn và thiệp mời điện tử cho Lễ tốt nghiệp năm 2023 (lần III)?","Phòng Truyền thông chịu trách nhiệm thiết kế thư mời, cảm ơn, thiệp mời điện tử và đưa tin trên các kênh truyền thông của Nhà trường.",,
KH_597,Đoàn Thanh niên đảm nhận nhiệm vụ gì trong Lễ tốt nghiệp năm 2023 (lần III)?,"Đoàn Thanh niên phối hợp với các đơn vị tuyển chọn sinh viên tình nguyện, chuẩn bị lễ tân sân khấu và mời cựu sinh viên phát biểu.",,
KH_597,Lịch làm việc của Ban tổ chức Lễ tốt nghiệp năm 2023 (lần III) được ấn định trước ngày nào?,"Ban tổ chức hoàn tất họp, thiết kế và hoàn thiện thư mời khách mời trước ngày 14/7/2023.",,
KH_597,Hạn cuối cùng để sinh viên đăng ký thuê lễ phục và chụp ảnh chân dung cho Lễ tốt nghiệp năm 2023 (lần III) là ngày nào?,Sinh viên phải hoàn tất việc đăng ký thuê lễ phục và chụp ảnh chân dung trước ngày 22/7/2023.,,
KH_597,Thời hạn cuối cùng thu lệ phí nhận bằng tốt nghiệp trong kế hoạch Lễ tốt nghiệp năm 2023 (lần III) là ngày nào?,Việc thu lệ phí nhận bằng tốt nghiệp được thực hiện đến hết ngày 24/7/2023.,,
KH_597,Những lưu ý dành cho sinh viên khi tham dự Lễ tốt nghiệp năm 2023 (lần III) là gì?,"Sinh viên phải tập trung đúng thời gian quy định, mặc trang phục phù hợp, mang đầy đủ giấy tờ tùy thân, và thực hiện các quy định về thu lệ phí thuê lễ phục, nhận bằng và trả lễ phục sau buổi lễ.",,
KH_597,Ai là người ký ban hành Kế hoạch tổ chức Lễ tốt nghiệp năm 2023 (lần III)?,Kế hoạch tổ chức Lễ tốt nghiệp năm 2023 (lần III) do Hiệu trưởng Cao Việt Hiếu ký ban hành.,,
KH_597,"Trước thời điểm tổ chức Lễ tốt nghiệp năm 2023 (lần III), bộ phận nào chịu trách nhiệm hoàn thiện khen thưởng sinh viên giỏi toàn khóa và xuất sắc?","Phòng QLĐT&CTSV chịu trách nhiệm hoàn thiện danh sách khen thưởng sinh viên giỏi toàn khóa, xuất sắc và trình Hiệu trưởng phê duyệt.",,
KH_597,"Ai phối hợp chuẩn bị khăn trải bàn, hoa, nước và đón tiếp đại biểu khách mời trong Lễ tốt nghiệp năm 2023 (lần III)?","Phòng Tổng hợp phối hợp chuẩn bị khăn trải bàn, hoa, nước tại bàn đại biểu, bục phát biểu và đón tiếp đại biểu khách mời.",,
KH_680,Văn bản Kế hoạch số 680/KH-ĐHBD được ban hành bởi đơn vị nào?,Kế hoạch số 680/KH-ĐHBD được ban hành bởi Trường Đại học Bình Dương.,,
KH_680,Ngày ban hành của Kế hoạch số 680/KH-ĐHBD là ngày nào?,Ngày ban hành của Kế hoạch số 680/KH-ĐHBD là ngày 27 tháng 5 năm 2025.,,
KH_680,Báo cáo định kỳ công khai của Trường Đại học Bình Dương phải gửi về đâu?,Báo cáo định kỳ công khai phải gửi về Bộ Giáo dục và Đào tạo theo quy định hiện hành.,,
KH_680,File mềm báo cáo công khai phải gửi qua email nào?,File mềm báo cáo công khai phải gửi qua email: tmdan@bdu.edu.vn.,,
KH_680,Đơn vị nào chịu trách nhiệm tổng hợp báo cáo công khai sau khi nhận dữ liệu từ các phòng ban?,Phòng Đảm bảo chất lượng và Khảo thí chịu trách nhiệm tổng hợp báo cáo công khai sau khi nhận dữ liệu từ các phòng ban.,,
KH_680,Ai chịu trách nhiệm công khai thông tin lên cổng thông tin điện tử của trường?,Khoa Công nghệ thông tin – Robot và Trí tuệ nhân tạo chịu trách nhiệm công khai thông tin lên cổng thông tin điện tử của Trường Đại học Bình Dương.,,
KH_680,Bộ phận lưu trữ thuộc phòng nào thực hiện việc lưu trữ các báo cáo công khai?,Bộ phận lưu trữ thuộc Phòng Tổng hợp thực hiện việc lưu trữ các báo cáo công khai.,,
KH_680,Báo cáo công khai theo kế hoạch số 680/KH-ĐHBD yêu cầu thực hiện nghiêm túc theo văn bản nào?,Báo cáo công khai yêu cầu thực hiện nghiêm túc theo thông tư số 09/2024/TT-BGDĐT của Bộ Giáo dục và Đào tạo.,,
KH_680,Nội dung báo cáo tại Điều 4 của Kế hoạch số 680/KH-ĐHBD đề cập đến những thông tin gì?,"Điều 4 của Kế hoạch số 680/KH-ĐHBD đề cập đến thông tin chung về cơ sở giáo dục, bao gồm các mục từ 1 đến 8 do Bộ phận Hành chính và Bộ phận Nhân sự - Phòng Tổng hợp thực hiện.",,
KH_680,Ai chịu trách nhiệm cung cấp dữ liệu về điều kiện bảo đảm chất lượng đào tạo và nghiên cứu theo Kế hoạch số 680/KH-ĐHBD?,"Phòng Đảm bảo chất lượng và Khảo thí chịu trách nhiệm Mục 1, còn các Khoa, Viện chịu trách nhiệm Mục 2 về điều kiện bảo đảm chất lượng đào tạo và nghiên cứu.",,
KH_680,Nội dung về kết quả hoạt động khoa học và công nghệ trong Kế hoạch số 680/KH-ĐHBD thuộc đơn vị nào thực hiện?,Phòng Quản lý khoa học và Quan hệ đối ngoại chịu trách nhiệm thực hiện nội dung kết quả hoạt động khoa học và công nghệ.,,
KH_680,"Thông tin về đội ngũ nhà giáo, cán bộ quản lý và nhân viên trong Phụ lục II của Kế hoạch số 680/KH-ĐHBD do đơn vị nào cung cấp?","Bộ phận Nhân sự - Phòng Tổng hợp chịu trách nhiệm cung cấp thông tin về đội ngũ nhà giáo, cán bộ quản lý và nhân viên trong Phụ lục II.",,
KH_680,Nội dung cơ sở vật chất trong báo cáo công khai được thực hiện bởi những đơn vị nào?,Nội dung cơ sở vật chất do Bộ phận Quản trị thiết bị - Phòng Tổng hợp và Thư viện chịu trách nhiệm thực hiện.,,
KH_680,Ai thực hiện kiểm định chất lượng giáo dục trong báo cáo công khai theo Kế hoạch số 680/KH-ĐHBD?,Phòng Đảm bảo chất lượng và Khảo thí chịu trách nhiệm thực hiện nội dung kiểm định chất lượng giáo dục trong báo cáo công khai.,,
KH_680,Đơn vị nào chịu trách nhiệm về kết quả tuyển sinh và đào tạo trong Phụ lục II?,"Phòng Quản lý đào tạo và Công tác sinh viên phối hợp với Phòng Tuyển sinh, các Khoa, Viện chịu trách nhiệm về kết quả tuyển sinh và đào tạo.",,
KH_680,Phòng Tài chính - Kế toán thực hiện nội dung nào trong báo cáo công khai theo Kế hoạch số 680/KH-ĐHBD?,"Phòng Tài chính - Kế toán thực hiện nội dung thu, chi tài chính và kết quả tài chính trong báo cáo công khai.",,
KH_680,Ai thực hiện các nội dung về kết quả thực hiện các nhiệm vụ trọng tâm khác theo Phụ lục II?,Bộ phận Hành chính và Bộ phận Nhân sự - Phòng Tổng hợp thực hiện các nội dung về kết quả thực hiện các nhiệm vụ trọng tâm khác.,,
KH_680,Đơn vị nào chịu trách nhiệm tổng hợp báo cáo công khai gửi Ban Giám hiệu và Bộ Giáo dục và Đào tạo?,"Phòng Đảm bảo chất lượng và Khảo thí chịu trách nhiệm tổng hợp báo cáo công khai, báo cáo Ban Giám hiệu trước ngày 30/6/2025 và gửi báo cáo Bộ Giáo dục và Đào tạo.",,
KH_680,Văn bản và dữ liệu công khai cần gửi đến đâu theo Kế hoạch số 680/KH-ĐHBD?,Văn bản và dữ liệu công khai được gửi về Phòng Đảm bảo chất lượng và Khảo thí và kèm file mềm qua email tmdan@bdu.edu.vn.,,
KH_680,Đơn vị nào chịu trách nhiệm công khai báo cáo trên trang thông tin điện tử của Trường Đại học Bình Dương?,Khoa Công nghệ thông tin – Robot và Trí tuệ nhân tạo chịu trách nhiệm công khai báo cáo trên trang thông tin điện tử của Trường Đại học Bình Dương theo quy định hiện hành.,,
KH_680,Bộ phận lưu trữ nào có trách nhiệm lưu trữ và trích lục báo cáo công khai theo Kế hoạch số 680/KH-ĐHBD?,Bộ phận lưu trữ thuộc Phòng Tổng hợp chịu trách nhiệm lưu trữ và trích lục báo cáo công khai theo quy định của Trường Đại học Bình Dương.,,
KH_680,Thời hạn cuối cùng để các đơn vị hoàn thành việc tổng hợp và cung cấp dữ liệu công khai là khi nào?,Thời hạn cuối cùng để các đơn vị hoàn thành việc tổng hợp và cung cấp dữ liệu công khai là trước ngày 20/6/2025.,,
KH_680,Các bản báo cáo công khai trong Kế hoạch số 680/KH-ĐHBD phải tuân thủ quy chuẩn hành chính nào?,"Các bản báo cáo công khai phải trình bày bằng phông chữ Times New Roman, cỡ chữ 14, giãn dòng 6pt, đoạn trước/sau 6pt và đúng quy chuẩn hành chính của Trường Đại học Bình Dương.",,
KH_680,Kế hoạch số 680/KH-ĐHBD căn cứ theo thông tư nào của Bộ Giáo dục và Đào tạo?,Kế hoạch số 680/KH-ĐHBD căn cứ theo Thông tư số 09/2024/TT-BGDĐT của Bộ Giáo dục và Đào tạo về quy định công khai trong hoạt động của các cơ sở giáo dục.,,
KH_680,Ai là người ký ban hành Kế hoạch số 680/KH-ĐHBD?,"Hiệu trưởng Trường Đại học Bình Dương, ông Cao Việt Hiếu, là người ký ban hành Kế hoạch số 680/KH-ĐHBD.",,
KH_680,Thời gian cung cấp dữ liệu công khai theo Kế hoạch số 680/KH-ĐHBD tính từ mốc thời gian nào đến mốc thời gian nào?,"Thời gian cung cấp dữ liệu công khai theo Kế hoạch số 680/KH-ĐHBD được tính từ ngày 31/12/2023 đến ngày 15/06/2025, riêng đối với kết quả tài chính tính đến ngày 31/12/2024.",,
KH_749,Mục tiêu của quy trình đánh giá giờ giảng tại Trường Đại học Bình Dương là gì?,"Mục tiêu là đánh giá chất lượng giờ giảng, năng lực chuyên môn và nghiệp vụ của giảng viên, đồng thời tạo điều kiện để giảng viên hoàn thiện nội dung, đổi mới phương pháp và nâng cao trình độ chuyên môn.",,
KH_749,Việc đánh giá giờ giảng tại Trường Đại học Bình Dương được thực hiện dựa trên cơ sở nào?,Đánh giá được thực hiện theo kế hoạch giảng dạy học kỳ I năm học 2023–2024 và dựa trên mẫu phụ lục phiếu đánh giá lý thuyết và thực hành.,,
KH_749,Thời gian một buổi dự giờ tại Trường Đại học Bình Dương là bao lâu?,"Mỗi buổi dự giờ tại Trường Đại học Bình Dương kéo dài 45 phút cho mỗi tiết giảng, tuy nhiên có thể thay đổi tùy theo hình thức lớp học.",,
KH_749,Thành phần Hội đồng đánh giá giờ giảng tại Trường Đại học Bình Dương bao gồm những ai?,"Hội đồng đánh giá giờ giảng gồm Ban Chủ nhiệm Khoa, giảng viên cơ hữu của Khoa, đại diện Phòng Quản lý đào tạo và Công tác sinh viên, cùng Phòng Đảm bảo chất lượng và Khảo thí - Thư ký.",,
KH_749,Ai là người quyết định thành phần cụ thể của Hội đồng đánh giá giờ giảng theo từng tuần?,Thư ký Hội đồng căn cứ vào tình hình thực tế để sắp xếp thành phần Hội đồng đánh giá cụ thể theo từng tuần.,,
KH_749,Khoa/Bộ môn có trách nhiệm gì trong việc đánh giá giờ giảng học kỳ I năm học 2023–2024 tại Trường Đại học Bình Dương?,"Khoa/Bộ môn có trách nhiệm xây dựng và hoàn thành kế hoạch đánh giá giờ giảng trước ngày 05/9/2023, triển khai cho giảng viên và thực hiện hoạt động đánh giá theo quy định.",,
KH_749,Giảng viên cần chuẩn bị những tài liệu gì cho buổi đánh giá giờ giảng?,"Giảng viên cần cung cấp slide bài giảng, nội dung giảng dạy, đề cương chi tiết, tài liệu và phương tiện giảng dạy cho Thư ký Hội đồng ít nhất 2 ngày trước buổi đánh giá.",,
KH_749,Thái độ của giảng viên sau khi được đánh giá giờ giảng cần như thế nào?,"Giảng viên cần có thái độ cầu thị, nghiêm túc tiếp thu góp ý và xây dựng kế hoạch phát huy ưu điểm, khắc phục hạn chế được chỉ ra sau buổi đánh giá.",,
KH_749,Nhiệm vụ của các thành viên Hội đồng đánh giá giờ giảng tại Trường Đại học Bình Dương là gì?,"Các thành viên có nhiệm vụ đánh giá chính xác, khách quan, nhận xét cụ thể về kiến thức chuyên môn, tính cập nhật, khả năng kết nối thực tiễn và đưa ra khuyến nghị cải thiện cho giảng viên.",,
KH_749,Thư ký Hội đồng đánh giá giờ giảng tại Trường Đại học Bình Dương có trách nhiệm gì?,"Thư ký Hội đồng có trách nhiệm chuẩn bị hồ sơ, tổng hợp điểm, lưu trữ tài liệu và báo cáo định kỳ theo quy định.",,
KH_749,Có bao nhiêu loại phiếu đánh giá giờ giảng tại Trường Đại học Bình Dương?,Có hai loại phiếu đánh giá giờ giảng gồm: phiếu đánh giá giờ giảng lý thuyết (Phụ lục 1) và phiếu đánh giá giờ giảng thực hành (Phụ lục 2).,,
KH_749,Các nhóm tiêu chí chính trong phiếu đánh giá giờ giảng của Trường Đại học Bình Dương là gì?,"Các nhóm tiêu chí bao gồm: Kiến thức và kỹ năng chuyên môn, Trình bày bài giảng, Phương pháp và phương tiện dạy học, Tương tác với sinh viên và Tổ chức lớp học.",,
KH_749,Thang điểm trong phiếu đánh giá giờ giảng tại Trường Đại học Bình Dương được sử dụng như thế nào?,"Mỗi tiêu chí được chấm từ 1 điểm (Kém) đến 5 điểm (Tốt), ngoài ra có phần nhận xét bổ sung về ưu điểm và nhược điểm của giờ giảng.",,
KH_749,Các mức phân loại kết quả đánh giá giờ giảng lý thuyết tại Trường Đại học Bình Dương là gì?,"Kết quả đánh giá giờ giảng lý thuyết được phân loại như sau: Xuất sắc (≥ 70 điểm), Tốt (60–69), Đạt yêu cầu (45–59), Không đạt yêu cầu (< 45).",,
KH_749,Các mức phân loại kết quả đánh giá giờ giảng thực hành tại Trường Đại học Bình Dương là gì?,"Kết quả đánh giá giờ giảng thực hành được phân loại như sau: Xuất sắc (≥ 90 điểm), Tốt (80–89), Đạt yêu cầu (60–79), Không đạt yêu cầu (< 60).",,
KH_749,Các biên bản tổng hợp điểm đánh giá giờ giảng tại Trường Đại học Bình Dương thuộc phụ lục nào?,Các biên bản tổng hợp điểm đánh giá và nhận xét thuộc Phụ lục 3 (lý thuyết) và Phụ lục 4 (thực hành).,,
KH_749,Ai là người chịu trách nhiệm triển khai kế hoạch đánh giá giờ giảng đến giảng viên tại Trường Đại học Bình Dương?,Khoa hoặc Bộ môn có trách nhiệm triển khai kế hoạch đánh giá giờ giảng đến giảng viên theo đúng tiến độ được quy định.,,
KH_749,Giảng viên cần gửi tài liệu phục vụ đánh giá giờ giảng trước bao lâu?,"Giảng viên cần gửi tài liệu buổi giảng, bao gồm slide và nội dung giảng dạy, cho Thư ký Hội đồng ít nhất 2 ngày trước khi diễn ra buổi đánh giá.",,
KH_749,Hội đồng đánh giá giờ giảng tại Trường Đại học Bình Dương có thể mời thêm ai để tham gia đánh giá?,"Ngoài các thành phần bắt buộc, Hội đồng có thể mời giảng viên có kinh nghiệm và uy tín trong công tác giảng dạy tham gia đánh giá giờ giảng.",,
KH_749,Buổi dự giờ tại Trường Đại học Bình Dương có thể thay đổi thời lượng không?,"Có, thời lượng buổi dự giờ là 45 phút/1 tiết giảng nhưng có thể thay đổi tùy theo hình thức lớp học.",,
KH_749,Tiêu chí đánh giá nào áp dụng riêng cho giờ giảng thực hành tại Trường Đại học Bình Dương?,"Đối với giờ giảng thực hành, có thêm tiêu chí đánh giá về sự chuẩn bị của giảng viên và tính thực tiễn của nội dung giảng dạy.",,
KH_749,Lý do chính để Trường Đại học Bình Dương thực hiện đánh giá giờ giảng là gì?,"Lý do chính là nhằm cải tiến chất lượng giảng dạy và hỗ trợ sự phát triển chuyên môn, nghiệp vụ của đội ngũ giảng viên.",,
KH_749,Hội đồng đánh giá cần chú ý gì khi đưa ra nhận xét về giờ giảng?,"Hội đồng cần đưa ra nhận xét rõ ràng, đầy đủ về kiến thức chuyên môn, tính mới, khả năng vận dụng thực tiễn và các điểm mạnh, yếu của giảng viên.",,
KH_749,Trách nhiệm của giảng viên đối với góp ý từ Hội đồng đánh giá là gì?,Giảng viên có trách nhiệm tiếp thu nghiêm túc các góp ý và xây dựng chương trình hành động cụ thể để cải thiện giờ giảng.,,
KH_749,Giảng viên cần chuẩn bị những gì ngoài slide và nội dung bài giảng?,"Giảng viên cần chuẩn bị đầy đủ đề cương chi tiết bài giảng, tài liệu giảng dạy và phương tiện hỗ trợ phù hợp với nội dung bài học.",,
KH_749,Phiếu đánh giá giờ giảng của Trường Đại học Bình Dương có phần nhận xét gì ngoài thang điểm?,Phiếu đánh giá có phần nhận xét bổ sung gồm mục: 'Ưu điểm nổi bật của giờ giảng' và 'Nhược điểm của giờ giảng'.,,
KH_749,Có bao nhiêu nhóm tiêu chí chính trong phiếu đánh giá giờ giảng?,"Phiếu đánh giá gồm 5 nhóm tiêu chí chính: Kiến thức chuyên môn, Trình bày bài giảng, Phương pháp và phương tiện dạy học, Tương tác với sinh viên và Tổ chức lớp học.",,
KH_749,Ai có trách nhiệm lưu trữ và tổng hợp kết quả đánh giá giờ giảng tại Trường Đại học Bình Dương?,"Thư ký Hội đồng có trách nhiệm chuẩn bị hồ sơ, tổng hợp điểm, lưu trữ kết quả và thực hiện báo cáo định kỳ.",,
KH_749,Việc đánh giá giờ giảng tại Trường Đại học Bình Dương áp dụng cho học kỳ nào trong năm học 2023–2024?,Việc đánh giá giờ giảng áp dụng cho học kỳ I năm học 2023–2024 theo kế hoạch đã được ban hành.,,
KH_749,Giảng viên được đánh giá giờ giảng cần thể hiện tinh thần như thế nào trong buổi giảng?,"Giảng viên cần thể hiện tinh thần cầu thị, trách nhiệm, chủ động trong nội dung giảng dạy và có thái độ tích cực với sinh viên và Hội đồng.",,
KH_749,Hội đồng đánh giá tại Trường Đại học Bình Dương cần đánh giá như thế nào để đảm bảo khách quan?,"Hội đồng cần đánh giá đúng quy định, khách quan, có dẫn chứng cụ thể, và tránh thiên vị để đảm bảo tính công bằng và chính xác.",,
KH_811,Mục đích chính của Tuần sinh hoạt công dân - sinh viên năm học 2023–2024 tại Trường Đại học Bình Dương là gì?,"Mục đích chính là trang bị kiến thức, kỹ năng và nâng cao ý thức công dân cho sinh viên; định hướng học tập, rèn luyện; và giúp sinh viên nhận thức được các giá trị truyền thống, tầm nhìn, sứ mạng và triết lý giáo dục của Trường Đại học Bình Dương.",,
KH_811,Yêu cầu khi tổ chức Tuần sinh hoạt công dân - sinh viên năm học 2023–2024 tại Trường Đại học Bình Dương là gì?,"Việc tổ chức phải đảm bảo tính nghiêm túc, chu đáo, phù hợp với từng đối tượng sinh viên và đầy đủ các nội dung hướng dẫn của Bộ GD&ĐT và của Nhà trường.",,
KH_811,Đối tượng sinh viên nào tham gia Đợt 1 của Tuần sinh hoạt công dân - sinh viên năm học 2023–2024 tại Trường Đại học Bình Dương?,"Sinh viên khóa 23, 24 và 25 tham gia Đợt 1 của Tuần sinh hoạt công dân - sinh viên năm học 2023–2024 tại Trường Đại học Bình Dương.",,
KH_811,Thời gian tổ chức Đợt 1 của Tuần sinh hoạt công dân - sinh viên năm học 2023–2024 tại Trường Đại học Bình Dương là khi nào?,Đợt 1 diễn ra từ ngày 11/9/2023 đến ngày 17/9/2023 với hình thức tổ chức trực tiếp và trực tuyến.,,
KH_811,Nội dung chính trị dành cho tất cả các khóa sinh viên trong Tuần sinh hoạt công dân - sinh viên năm học 2023–2024 gồm những gì?,"Bao gồm quán triệt Nghị quyết Đại hội XIII của Đảng, tình hình kinh tế - xã hội và quốc phòng - an ninh, phòng chống tội phạm và tệ nạn xã hội như ma túy và vấn đề tín ngưỡng, tôn giáo.",,
KH_811,Nội dung sinh hoạt đặc biệt dành cho sinh viên năm nhất (khóa 26) trong Tuần sinh hoạt công dân - sinh viên năm học 2023–2024 tại Trường Đại học Bình Dương gồm gì?,"Bao gồm quán triệt Nghị quyết Đại hội XIII của Đảng, lịch sử Trường Đại học Bình Dương, quy chế sinh viên, quy định đào tạo tín chỉ, chương trình đào tạo các ngành, chuẩn đầu ra Tiếng Anh và định hướng nghề nghiệp.",,
KH_811,Nội dung sinh hoạt dành cho sinh viên cuối khóa (khóa 23) trong Tuần sinh hoạt công dân - sinh viên năm học 2023–2024 tại Trường Đại học Bình Dương là gì?,"Gồm quán triệt Nghị quyết Đại hội XIII của Đảng, hướng dẫn làm đồ án/khóa luận, viết CV, tìm việc làm và tổ chức gặp gỡ doanh nghiệp.",,
KH_811,Đơn vị nào chịu trách nhiệm chính trong việc xây dựng và tổ chức Tuần sinh hoạt công dân - sinh viên năm học 2023–2024 tại Trường Đại học Bình Dương?,"Phòng Quản lý đào tạo và Công tác sinh viên là đơn vị chịu trách nhiệm chính trong việc xây dựng kế hoạch, phối hợp tổ chức và tổng hợp báo cáo.",,
KH_811,"Trách nhiệm của các Khoa, Viện, Trung tâm trong Tuần sinh hoạt công dân - sinh viên năm học 2023–2024 tại Trường Đại học Bình Dương là gì?","Các Khoa, Viện, Trung tâm chịu trách nhiệm chuẩn bị nội dung, triển khai sinh hoạt cho sinh viên, và báo cáo số lượng sinh viên vắng mặt kèm lý do.",,
KH_811,Thời gian sinh viên làm bài thu hoạch sau Tuần sinh hoạt công dân - sinh viên năm học 2023–2024 tại Trường Đại học Bình Dương là khi nào?,Thời gian làm bài thu hoạch là từ ngày 25/9/2023 đến ngày 8/10/2023.,,
KH_811,Thời gian chấm bài thu hoạch và ra quyết định công nhận kết quả Tuần sinh hoạt công dân - sinh viên năm học 2023–2024 tại Trường Đại học Bình Dương là khi nào?,Từ ngày 9/10/2023 đến ngày 22/10/2023 là thời gian chấm bài và ban hành quyết định công nhận.,,
KH_811,Ban Văn hóa - Truyền thông có vai trò gì trong Tuần sinh hoạt công dân - sinh viên năm học 2023–2024 tại Trường Đại học Bình Dương?,Ban Văn hóa - Truyền thông phụ trách công tác truyền thông và hình ảnh của Tuần sinh hoạt công dân - sinh viên năm học 2023–2024.,,
KH_811,Trường Đại học Bình Dương tổ chức báo cáo kết quả Tuần sinh hoạt công dân - sinh viên năm học 2023–2024 vào thời điểm nào?,"Báo cáo kết quả được thực hiện từ ngày 23/10/2023 đến ngày 29/10/2023 và gửi về Đảng ủy, Ban Giám hiệu, Sở GD&ĐT tỉnh Bình Dương và Bộ GD&ĐT.",,
KH_811,"Chủ trương học tập và làm theo tư tưởng, đạo đức, phong cách Hồ Chí Minh trong Tuần sinh hoạt công dân - sinh viên năm học 2023–2024 tại Trường Đại học Bình Dương được thực hiện theo chỉ thị nào?",Chủ trương được thực hiện theo Chỉ thị 05/CT-TW của Bộ Chính trị và Chỉ thị 10/CT-TTg của Thủ tướng Chính phủ.,,
KH_811,Trung tâm Tin học và Ngoại ngữ có trách nhiệm gì trong Tuần sinh hoạt công dân - sinh viên năm học 2023–2024 tại Trường Đại học Bình Dương?,Trung tâm Tin học và Ngoại ngữ có trách nhiệm hướng dẫn sinh viên về chuẩn đầu ra tiếng Anh và các quy định miễn giảm học phí chứng chỉ.,,
KH_811,Tuần sinh hoạt công dân - sinh viên năm học 2023–2024 tại Trường Đại học Bình Dương có bao nhiêu đợt tổ chức?,"Tuần sinh hoạt công dân - sinh viên năm học 2023–2024 có 2 đợt tổ chức: Đợt 1 từ 11/9–17/9 cho sinh viên khóa 23, 24, 25 và Đợt 2 từ 18/9–24/9 cho sinh viên khóa 26.",,
KH_811,Tuần sinh hoạt công dân - sinh viên tại Trường Đại học Bình Dương được tổ chức theo hình thức nào trong năm học 2023–2024?,Tuần sinh hoạt được tổ chức theo hai hình thức: trực tiếp và trực tuyến.,,
KH_811,"Mục tiêu của nội dung về chủ quyền biển, đảo trong chương trình sinh hoạt công dân là gì?","Mục tiêu là giúp sinh viên hiểu rõ chiến lược biển, chủ quyền quốc gia và các vấn đề liên quan đến quan hệ với Campuchia, Trung Quốc năm 2023.",,
KH_811,Chỉ thị 35-NQ/TW được đề cập trong chương trình sinh hoạt công dân có nội dung gì?,"Chỉ thị 35-NQ/TW ngày 22/10/2018 nhằm tăng cường bảo vệ nền tảng tư tưởng của Đảng và đấu tranh phản bác các quan điểm sai trái, thù địch trong tình hình mới.",,
KH_811,Phòng Tổng hợp có nhiệm vụ gì trong Tuần sinh hoạt công dân - sinh viên tại Trường Đại học Bình Dương?,Phòng Tổng hợp có nhiệm vụ hỗ trợ công tác tổ chức và chuẩn bị nước uống cho chương trình.,,
KH_811,Nội dung hướng dẫn viết CV và xin việc thuộc nhóm sinh viên nào trong Tuần sinh hoạt công dân năm học 2023–2024?,Nội dung này dành riêng cho sinh viên cuối khóa (khóa 23).,,
KH_811,Ngày hội việc làm được tổ chức trong khuôn khổ nội dung nào của Tuần sinh hoạt công dân tại Trường Đại học Bình Dương?,Ngày hội việc làm là một phần trong chương trình dành cho sinh viên cuối khóa nhằm kết nối với doanh nghiệp và tiếp cận thông tin thị trường lao động.,,
KH_811,Trung tâm nào chịu trách nhiệm hướng dẫn sinh viên về chương trình đào tạo và cơ hội nghề nghiệp trong Tuần sinh hoạt công dân?,"Các Khoa, Viện, Trung tâm quản lý sinh viên chịu trách nhiệm giới thiệu chương trình đào tạo và định hướng nghề nghiệp.",,
KH_811,Tại sao việc tổ chức Tuần sinh hoạt công dân cần đảm bảo tính nghiêm túc và đầy đủ nội dung?,"Để đảm bảo sinh viên tiếp thu đầy đủ kiến thức, kỹ năng theo quy định của Bộ GD&ĐT và của Nhà trường, phục vụ học tập và rèn luyện lâu dài.",,
KH_811,Nội dung sinh hoạt công dân giúp sinh viên nhận thức rõ những gì về Trường Đại học Bình Dương?,"Giúp sinh viên hiểu rõ sứ mạng, tầm nhìn, giá trị truyền thống và triết lý giáo dục của Trường Đại học Bình Dương.",,
KH_811,Bài thu hoạch của sinh viên sau Tuần sinh hoạt công dân được chấm trong khoảng thời gian nào?,"Từ ngày 9/10 đến 22/10/2023, bài thu hoạch của sinh viên sẽ được chấm và ra quyết định công nhận.",,
KH_811,Phòng Tài chính - Kế toán có vai trò gì trong Tuần sinh hoạt công dân năm học 2023–2024 tại Trường Đại học Bình Dương?,Phòng Tài chính - Kế toán có trách nhiệm hỗ trợ giải quyết các chế độ tài chính liên quan đến chương trình sinh hoạt.,,
KH_811,Nội dung về phòng chống ma túy trong Tuần sinh hoạt công dân nhắm đến vấn đề gì trong trường học?,"Nhằm nâng cao nhận thức và kỹ năng phòng, chống ma túy học đường trong sinh viên.",,
KH_811,Các đơn vị nào có trách nhiệm phối hợp thực hiện khảo thí trong Tuần sinh hoạt công dân tại Trường Đại học Bình Dương?,Phòng Đảm bảo chất lượng và Khảo thí phối hợp cùng các đơn vị khác thực hiện nội dung khảo thí.,,
KH_811,Cơ quan nào là nơi tiếp nhận báo cáo kết quả tổ chức Tuần sinh hoạt công dân - sinh viên sau khi hoàn tất chương trình?,"Đảng ủy, Ban Giám hiệu, Sở Giáo dục và Đào tạo tỉnh Bình Dương và Bộ Giáo dục và Đào tạo là các đơn vị tiếp nhận báo cáo kết quả chương trình.",,
KH_821,Mục đích của Kế hoạch đảm bảo chất lượng giáo dục năm học 2023–2024 tại Trường Đại học Bình Dương là gì?,"Mục đích là nâng cao nhận thức của cán bộ, giảng viên, nhân viên về công tác đảm bảo chất lượng giáo dục, phát triển hệ thống phù hợp với sứ mạng và mục tiêu của Trường, nâng cao chất lượng hoạt động và đạt kiểm định chất lượng chương trình đào tạo.",,
KH_821,Kế hoạch đảm bảo chất lượng giáo dục năm học 2023–2024 của Trường Đại học Bình Dương yêu cầu điều gì?,"Kế hoạch yêu cầu phải phù hợp với điều kiện thực tiễn, có tính khả thi, thực hiện đúng tiến độ, và nêu rõ nội dung công việc, mục tiêu, thời gian thực hiện và đơn vị phụ trách.",,
KH_821,Các hoạt động bảo đảm chất lượng về chiến lược trong kế hoạch năm học 2023–2024 bao gồm gì?,"Bao gồm kiện toàn các bộ phận trong trường, triển khai đề án vị trí việc làm, truyền thông sứ mạng – triết lý giáo dục, rà soát văn bản quản lý và đẩy mạnh chuyển đổi số.",,
KH_821,Trường Đại học Bình Dương thực hiện hoạt động bảo đảm chất lượng về hệ thống như thế nào trong năm học 2023–2024?,"Nhà trường kiện toàn hệ thống đảm bảo chất lượng bên trong, cải tiến văn bản quản lý, nâng cao chất lượng đội ngũ chuyên trách và triển khai khảo sát ý kiến các bên liên quan.",,
KH_821,Hoạt động bảo đảm chất lượng về chức năng trong kế hoạch năm học 2023–2024 tại Trường Đại học Bình Dương là gì?,"Bao gồm rà soát hệ thống giám sát đào tạo, nghiên cứu và phục vụ cộng đồng, xác định đối tác đối sánh, nâng cao chất lượng hoạt động chuyên môn.",,
KH_821,Những nội dung bảo đảm chất lượng về kết quả trong kế hoạch năm học 2023–2024 của Trường Đại học Bình Dương là gì?,"Gồm cập nhật và công khai chất lượng giáo dục theo Thông tư 36, thông tin về kết quả đào tạo, nghiên cứu, phục vụ cộng đồng và kết quả đối sánh.",,
KH_821,Trường Đại học Bình Dương tổ chức tự đánh giá và kiểm định chất lượng chương trình đào tạo như thế nào trong năm học 2023–2024?,Trường tổ chức tự đánh giá 3 chương trình đào tạo và đăng ký đánh giá ngoài với tổ chức kiểm định chất lượng trong nước.,,
KH_821,Thời gian hoàn thành việc kiện toàn nhân sự đảm bảo chất lượng giáo dục tại Trường Đại học Bình Dương là khi nào?,Thời gian hoàn thành là vào tháng 12 năm 2023.,,
KH_821,Việc xây dựng kế hoạch và hồ sơ kiểm định chương trình đào tạo tại Trường Đại học Bình Dương hoàn thành khi nào?,Việc xây dựng kế hoạch và hồ sơ kiểm định hoàn thành vào tháng 01 năm 2024.,,
KH_821,Thời gian khảo sát ý kiến sinh viên về giảng dạy và hoạt động của Trường Đại học Bình Dương được triển khai trong khoảng nào?,Khảo sát được triển khai từ tháng 02 năm 2024 đến tháng 09 năm 2024 tùy nội dung.,,
KH_821,Thời điểm báo cáo kết quả đánh giá chất lượng người học tại Trường Đại học Bình Dương là khi nào?,Báo cáo kết quả được hoàn thành vào tháng 06 và tháng 08 năm 2024.,,
KH_821,Thời gian thực hiện đánh giá ngoài cấp chương trình đào tạo tại Trường Đại học Bình Dương là bao lâu?,Đánh giá ngoài được triển khai từ tháng 09 năm 2023 đến tháng 06 năm 2024.,,
KH_821,Đơn vị nào chủ trì triển khai kế hoạch đảm bảo chất lượng giáo dục tại Trường Đại học Bình Dương?,"Phòng Đảm bảo chất lượng và Khảo thí là đơn vị chủ trì, phối hợp với các đơn vị để triển khai kế hoạch và thực hiện các nội dung liên quan.",,
KH_821,Trách nhiệm của các đơn vị trong Trường Đại học Bình Dương trong kế hoạch đảm bảo chất lượng giáo dục là gì?,"Các đơn vị có trách nhiệm phổ biến kế hoạch, phối hợp thực hiện và tổng kết báo cáo gửi về Phòng Đảm bảo chất lượng và Khảo thí vào đầu tháng 8 năm 2024.",,
KH_821,Trường Đại học Bình Dương yêu cầu lưu trữ hồ sơ minh chứng cho công tác kiểm định như thế nào?,"Các đơn vị phải lưu trữ hồ sơ, văn bản bằng cả bản giấy và bản PDF để phục vụ cho công tác tự đánh giá, kiểm tra giữa kỳ và đánh giá ngoài.",,
KH_821,Kế hoạch đảm bảo chất lượng giáo dục năm học 2023–2024 của Trường Đại học Bình Dương được xây dựng dựa trên văn bản nào của Bộ Giáo dục và Đào tạo?,Kế hoạch được xây dựng dựa trên Quyết định số 2457/QĐ-BGDĐT ngày 23 tháng 8 năm 2023 của Bộ Giáo dục và Đào tạo.,,
KH_821,Triết lý giáo dục và giá trị cốt lõi được Trường Đại học Bình Dương truyền thông trong kế hoạch năm học 2023–2024 như thế nào?,"Trường xây dựng kế hoạch truyền thông về sứ mạng, tầm nhìn, giá trị cốt lõi và triết lý giáo dục nhằm lan tỏa văn hóa chất lượng trong toàn trường.",,
KH_821,Công tác rà soát các văn bản quản lý trong kế hoạch đảm bảo chất lượng giáo dục tại Trường Đại học Bình Dương nhằm mục tiêu gì?,"Rà soát nhằm điều chỉnh chức năng, nhiệm vụ của các đơn vị và cải tiến hệ thống quản lý để phù hợp với yêu cầu đảm bảo chất lượng giáo dục.",,
KH_821,Việc triển khai chuyển đổi số tại Trường Đại học Bình Dương có vai trò như thế nào trong kế hoạch đảm bảo chất lượng giáo dục?,"Chuyển đổi số góp phần hiện đại hóa công tác quản trị, nâng cao hiệu quả quản lý và giám sát chất lượng trong toàn trường.",,
KH_821,Hệ thống đảm bảo chất lượng bên trong tại Trường Đại học Bình Dương được cải tiến ra sao trong năm học 2023–2024?,"Hệ thống được kiện toàn về tổ chức, rà soát và cập nhật các công cụ giám sát chất lượng và dữ liệu đánh giá nội bộ.",,
KH_821,Tại sao việc đối sánh và so chuẩn chất lượng lại quan trọng trong kế hoạch năm học 2023–2024 tại Trường Đại học Bình Dương?,"Đối sánh và so chuẩn giúp đánh giá khách quan mức độ đạt được của Trường so với các đối tác, từ đó đưa ra chiến lược cải tiến hiệu quả.",,
KH_821,Thông tư số 36 được Trường Đại học Bình Dương áp dụng trong kế hoạch đảm bảo chất lượng giáo dục năm học 2023–2024 với mục đích gì?,"Thông tư số 36 được áp dụng để công khai thông tin về chất lượng giáo dục, đảm bảo tính minh bạch và trách nhiệm giải trình của Nhà trường.",,
KH_821,Việc cập nhật thông tin về kết quả hoạt động của Trường Đại học Bình Dương được thực hiện như thế nào theo kế hoạch năm học 2023–2024?,"Trường cập nhật thông tin về kết quả đào tạo, nghiên cứu khoa học, phục vụ cộng đồng và đối sánh chất lượng lên hệ thống quản lý chất lượng nội bộ.",,
KH_821,Công tác tự đánh giá chương trình đào tạo năm học 2023–2024 tại Trường Đại học Bình Dương bao gồm những hoạt động nào?,"Bao gồm xây dựng báo cáo tự đánh giá, hoàn thiện hồ sơ liên quan và chuẩn bị minh chứng phục vụ đánh giá ngoài.",,
KH_821,Vai trò của Phòng Đảm bảo chất lượng và Khảo thí trong công tác lưu trữ hồ sơ kiểm định tại Trường Đại học Bình Dương là gì?,"Phòng có trách nhiệm tổng hợp, hướng dẫn các đơn vị lưu trữ toàn bộ hồ sơ, minh chứng bằng file giấy và PDF, phục vụ kiểm tra và đánh giá chất lượng.",,
KH_821,Nhiệm vụ nào được giao cho các đơn vị trong Trường Đại học Bình Dương vào đầu tháng 8/2024 theo kế hoạch đảm bảo chất lượng giáo dục?,Các đơn vị phải tổng kết tình hình triển khai kế hoạch và gửi báo cáo tổng kết về Phòng Đảm bảo chất lượng và Khảo thí.,,
KH_821,"Trong kế hoạch năm học 2023–2024, việc khảo sát sinh viên được thực hiện nhằm thu thập ý kiến về những nội dung gì?","Khảo sát tập trung vào hoạt động giảng dạy của giảng viên, chất lượng học tập, ý kiến sau tốt nghiệp và sự hài lòng về các hoạt động của Trường.",,
KH_821,Tại sao việc lưu trữ minh chứng trong công tác đảm bảo chất lượng giáo dục lại được nhấn mạnh trong kế hoạch của Trường Đại học Bình Dương?,"Vì minh chứng là yếu tố then chốt để phục vụ tự đánh giá, kiểm tra giữa kỳ và đánh giá ngoài, đảm bảo tính minh bạch và hiệu quả kiểm định.",,
KH_821,"Các hồ sơ, văn bản phục vụ kiểm định chất lượng giáo dục tại Trường Đại học Bình Dương phải được lưu trữ dưới những hình thức nào?","Phải lưu trữ bằng cả file giấy và file PDF, đầy đủ theo từng giai đoạn lập kế hoạch, triển khai và tổng kết.",,
KH_821,Kế hoạch năm học 2023–2024 yêu cầu việc đánh giá chất lượng người học phải được hoàn thành vào thời điểm nào?,Báo cáo đánh giá phải hoàn thành vào tháng 06 và 08 năm 2024.,,
KH_821,Các chương trình đào tạo được tự đánh giá trong năm học 2023–2024 tại Trường Đại học Bình Dương là bao nhiêu?,Có 03 chương trình đào tạo được tổ chức tự đánh giá trong năm học này.,,
KH_821,Đánh giá ngoài cấp chương trình đào tạo tại Trường Đại học Bình Dương được triển khai trong khoảng thời gian nào theo kế hoạch?,Từ tháng 09/2023 đến tháng 06/2024.,,
KH_821,Trường Đại học Bình Dương xác định đối tác để làm gì trong công tác đảm bảo chất lượng giáo dục năm học 2023–2024?,"Nhằm phục vụ cho việc đối sánh, so chuẩn chất lượng và đánh giá kết quả các hoạt động đào tạo, nghiên cứu và phục vụ cộng đồng.",,
KH_821,"Theo kế hoạch năm học 2023–2024, việc truyền thông về sứ mạng và tầm nhìn của Trường được tích hợp vào hoạt động nào?","Được tích hợp trong kế hoạch bảo đảm chất lượng về chiến lược, cùng với việc truyền thông giá trị cốt lõi và triết lý giáo dục.",,
KH_821,Chất lượng hoạt động của đội ngũ chuyên trách đảm bảo chất lượng giáo dục được nâng cao như thế nào trong kế hoạch năm học 2023–2024?,"Thông qua việc rà soát hệ thống, cải tiến công cụ quản lý, tổ chức khảo sát ý kiến các bên liên quan và cập nhật dữ liệu nội bộ.",,
TB_772,Mục đích chính của việc kiểm tra cơ sở vật chất tại Trường Đại học Bình Dương trong năm học 2023–2024 là gì?,"Mục đích là kiểm tra, khảo sát hiện trạng và chất lượng cơ sở vật chất, làm căn cứ đánh giá hiệu quả quản lý và phục vụ mua sắm, sửa chữa đảm bảo an toàn giảng dạy và học tập.",,
TB_772,Công tác kiểm tra cơ sở vật chất tại Trường Đại học Bình Dương năm học 2023–2024 cần đáp ứng yêu cầu nào?,"Cần đảm bảo khách quan, trung thực và có sự tham gia của các bộ phận quản lý, sử dụng, bảo vệ cơ sở vật chất.",,
TB_772,Thời gian kiểm tra thực tế cơ sở vật chất tại Trường Đại học Bình Dương trong năm học 2023–2024 được thực hiện khi nào?,Từ ngày 15 tháng 8 năm 2023 đến ngày 16 tháng 8 năm 2023.,,
TB_772,Hạn chót để báo cáo tổng hợp kết quả kiểm tra cơ sở vật chất tại Trường Đại học Bình Dương là ngày nào?,Trước ngày 20 tháng 8 năm 2023.,,
TB_772,Ai là Trưởng ban trong Ban Kiểm tra cơ sở vật chất năm học 2023–2024 của Trường Đại học Bình Dương?,Trưởng ban là ông Cao Việt Hiếu – Hiệu Trưởng Trường Đại học Bình Dương.,,
TB_772,Ai giữ vai trò Phó ban trong Ban Kiểm tra cơ sở vật chất tại Trường Đại học Bình Dương năm học 2023–2024?,Phó ban là TS. Đỗ Đoan Trang – Phó Hiệu Trưởng thường trực Trường Đại học Bình Dương.,,
TB_772,Những khu vực nào được kiểm tra cơ sở vật chất vào ngày 15 tháng 8 năm 2023 tại Trường Đại học Bình Dương?,"Phòng học, giảng đường, sân bãi tại khu A, B, C của Trường Đại học Bình Dương.",,
TB_772,Những khu vực nào được kiểm tra cơ sở vật chất vào ngày 16 tháng 8 năm 2023 tại Trường Đại học Bình Dương?,"Phòng học, giảng đường, sân bãi tại cơ sở Hoàng Hoa Thám và cơ sở 2 – Khoa Dược.",,
TB_772,Ai là người tham gia tổng hợp số liệu và báo cáo kết quả kiểm tra cơ sở vật chất tại Trường Đại học Bình Dương vào ngày 18 tháng 8 năm 2023?,Thầy Huỳnh Hồng Phúc và Thầy Nguyễn Tùng Lâm là người thực hiện tổng hợp số liệu và báo cáo.,,
TB_772,Báo cáo kết quả kiểm tra cơ sở vật chất tại Trường Đại học Bình Dương được gửi đến những đơn vị nào?,"Báo cáo được gửi đến Ban Giám hiệu, Phòng Tổng hợp, Phòng Quản lý Đào tạo và Công tác Sinh viên, Phòng Thanh tra – Pháp chế và Kiểm toán nội bộ, Văn thư – Lưu trữ.",,
TB_772,Ai phụ trách kiểm tra cơ sở vật chất tại cơ sở Hoàng Hoa Thám và cơ sở 2 – Khoa Dược ngày 16 tháng 8 năm 2023?,"Thầy Huỳnh Hồng Phúc, Thầy Ngô Duy Viễn và Thầy Võ Minh Triết phụ trách kiểm tra tại cơ sở Hoàng Hoa Thám và cơ sở 2 – Khoa Dược, thời gian cụ thể là ngày 16 tháng 8 năm 2023.",,
TB_772,Ai là tổ trưởng bộ phận Quản trị Thiết bị trong kế hoạch kiểm tra cơ sở vật chất năm học 2023–2024 của Trường Đại học Bình Dương?,Thầy Huỳnh Hồng Phúc là tổ trưởng bộ phận Quản trị Thiết bị.,,
TB_772,Ai là nhân viên Phòng Quản lý Đào tạo và Công tác sinh viên tham gia Ban Kiểm tra cơ sở vật chất?,Thầy Ngô Duy Viễn là nhân viên Phòng Quản lý Đào tạo và Công tác sinh viên tham gia Ban Kiểm tra.,,
TB_772,Người đại diện Phòng Thanh tra – Pháp chế và Kiểm toán nội bộ trong Ban Kiểm tra cơ sở vật chất gồm những ai?,Thầy Nguyễn Tùng Lâm và Thầy Võ Minh Triết là đại diện Phòng Thanh tra – Pháp chế và Kiểm toán nội bộ trong Ban Kiểm tra.,,
TB_772,Kế hoạch kiểm tra cơ sở vật chất năm học 2023–2024 tại Trường Đại học Bình Dương được ký bởi ai và vào ngày nào?,Kế hoạch được ký bởi TS. Đỗ Đoan Trang – Phó Hiệu trưởng thường trực Trường Đại học Bình Dương vào ngày 15 tháng 8 năm 2023.,,
KH_461,Mục đích chính của kế hoạch triển khai thực hiện Quy chế công khai tại Trường Đại học Bình Dương năm học 2024–2025 là gì?,"Mục đích chính là để người học, nhà tuyển dụng, các cơ quan quản lý Nhà nước có thẩm quyền và xã hội tham gia giám sát, đánh giá cơ sở giáo dục và báo cáo định kỳ về Cục Quản lý chất lượng.",,
KH_461,Thông tư và công văn nào là căn cứ pháp lý của kế hoạch công khai năm học 2024–2025 tại Trường Đại học Bình Dương?,Căn cứ là Thông tư số 36/2017/TT-BGDĐT và Công văn số 2274/BGDĐT-QLCL.,,
KH_461,Các đơn vị phải gửi dữ liệu công khai về đâu và bằng hình thức nào theo kế hoạch công khai năm học 2024–2025?,"Các đơn vị gửi bảng văn bản về Phòng Bảo đảm chất lượng và Khảo thí kèm file mềm qua email: tmdan@bdu.edu.vn (trừ mục 15, biểu mẫu 21).",,
KH_461,Đơn vị nào chịu trách nhiệm tổng hợp và gửi báo cáo về Cục Quản lý chất lượng trong kế hoạch công khai năm học 2024–2025?,Phòng Bảo đảm chất lượng và Khảo thí chịu trách nhiệm tổng hợp báo cáo và gửi Cục Quản lý chất lượng.,,
KH_461,Khoa nào phụ trách công khai thông tin trên trang web Nhà trường trong kế hoạch công khai năm học 2024–2025?,Khoa Công nghệ thông tin – Robot và Trí tuệ nhân tạo phụ trách công khai thông tin trên trang thông tin điện tử của Nhà trường.,,
KH_461,Trung tâm nào chịu trách nhiệm lưu trữ và trích lục tài liệu trong kế hoạch công khai năm học 2024–2025?,Trung tâm Lưu trữ – Thư viện chịu trách nhiệm lưu trữ và trích lục tài liệu theo quy định của Nhà trường.,,
KH_461,"Phòng nào chủ trì công khai thông tin về diện tích đất, diện tích sàn, và đội ngũ giảng viên cơ hữu?",Phòng Tổng hợp là đơn vị chủ trì công khai các nội dung về diện tích và đội ngũ giảng viên cơ hữu.,,
KH_461,Ai là người ký duyệt kế hoạch triển khai thực hiện Quy chế công khai tại Trường Đại học Bình Dương năm học 2024–2025?,Kế hoạch được ký duyệt bởi ông Cao Việt Hiếu - Hiệu Trưởng Trường Đại học Bình Dương.,,
KH_461,Biểu mẫu sử dụng để công khai cam kết chất lượng đào tạo của cơ sở giáo dục là gì và đơn vị nào thực hiện?,"Biểu mẫu số 17 được dùng để công khai cam kết chất lượng đào tạo, do các Khoa và Viện thực hiện.",,
KH_461,Hạn chót để các đơn vị hoàn thành và gửi dữ liệu công khai năm học 2024–2025 tại Trường Đại học Bình Dương là ngày nào?,Các đơn vị phải hoàn thành việc tổng hợp và cung cấp dữ liệu trước ngày 20 tháng 6 năm 2024.,,
KH_461,Kế hoạch KH_461 của Trường Đại học Bình Dương được ban hành nhằm mục đích gì?,Kế hoạch KH_461 được ban hành nhằm triển khai thực hiện Quy chế công khai đối với cơ sở giáo dục và đào tạo thuộc hệ thống quốc dân năm học 2024-2025.,,
KH_461,Kế hoạch KH_461 dựa trên các văn bản pháp lý nào?,Kế hoạch KH_461 được xây dựng dựa trên Thông tư số 36/2017/TT-BGDĐT và Công văn số 2274/BGDĐT-QLCL.,,
KH_461,Mục tiêu chính của việc thực hiện Quy chế công khai tại Trường Đại học Bình Dương là gì?,"Mục tiêu là để người học, nhà tuyển dụng, các cơ quan quản lý Nhà nước và xã hội giám sát, đánh giá cơ sở giáo dục.",,
KH_461,Đơn vị nào chịu trách nhiệm tổng hợp báo cáo và gửi về Ban Giám hiệu trong kế hoạch KH_461?,"Phòng Bảo đảm chất lượng và Khảo thí chịu trách nhiệm tổng hợp, báo cáo Ban Giám hiệu và gửi báo cáo Cục Quản lý chất lượng.",,
KH_461,Hạn cuối để các đơn vị gửi dữ liệu theo KH_461 là ngày nào?,Các đơn vị phải hoàn thành tổng hợp và cung cấp dữ liệu được phân công trước ngày 20/6/2024.,,
KH_461,Các biểu mẫu trong KH_461 cần tuân thủ định dạng phông chữ và cỡ chữ như thế nào?,Biểu mẫu trong KH_461 yêu cầu sử dụng phông chữ Times New Roman và cỡ chữ 13.,,
KH_461,Đơn vị nào phụ trách công khai thông tin trên trang thông tin điện tử của Nhà trường theo KH_461?,Khoa Công nghệ thông tin – Robot và Trí tuệ nhân tạo phụ trách công khai thông tin trên trang thông tin điện tử của Nhà trường.,,
KH_461,"Thông tin học liệu như sách, tạp chí, e-book thuộc trách nhiệm công khai của đơn vị nào theo KH_461?","Trung tâm Lưu trữ – Thư viện chịu trách nhiệm công khai thông tin học liệu như sách, tạp chí, e-book.",,
KH_461,"Theo KH_461, dữ liệu công khai cần cung cấp của năm học nào?",Dữ liệu cần công khai theo KH_461 là dữ liệu của năm học 2023–2024.,,
KH_461,Mục đích báo cáo định kỳ trong KH_461 nhằm phục vụ cơ quan nào?,Mục đích báo cáo định kỳ là để phục vụ Cục Quản lý chất lượng theo quy định.,,
QD_1733,Quyết định số 1733 của Trường Đại học Bình Dương được ban hành vào ngày nào?,Quyết định số 1733 của Trường Đại học Bình Dương được ban hành vào ngày 24 tháng 10 năm 2023.,,
QD_1733,Quyết định số 1733 của Trường Đại học Bình Dương điều chỉnh và bổ sung những nội dung gì?,"Quyết định số 1733 điều chỉnh và bổ sung hệ số học hàm - học vị, hệ số địa xa và hệ số giảng dạy bằng ngoại ngữ trong tính thù lao giảng dạy trình độ đại học của Trường Đại học Bình Dương.",,
QD_1733,Mục đích của việc điều chỉnh hệ số học hàm - học vị trong Quyết định số 1733 là gì?,Mục đích là để cập nhật hệ số học hàm - học vị nhằm tính thù lao giảng dạy phù hợp với trình độ giảng viên của Trường Đại học Bình Dương.,,
QD_1733,"Theo Quyết định số 1733, hệ số mới cho Giáo sư Tiến sĩ là bao nhiêu?","Theo Quyết định số 1733, hệ số mới cho Giáo sư Tiến sĩ là 2.0.",,
QD_1733,"Theo Quyết định số 1733, hệ số mới cho Phó Giáo sư Tiến sĩ là bao nhiêu?","Theo Quyết định số 1733, hệ số mới cho Phó Giáo sư Tiến sĩ là 1.9.",,
QD_1733,"Theo Quyết định số 1733, hệ số mới cho Tiến sĩ là bao nhiêu?","Theo Quyết định số 1733, hệ số mới cho Tiến sĩ là 1.8.",,
QD_1733,"Theo Quyết định số 1733, hệ số mới cho Thạc sĩ là bao nhiêu?","Theo Quyết định số 1733, hệ số mới cho Thạc sĩ là 1.3.",,
QD_1733,"Theo Quyết định số 1733, hệ số mới cho Chuyên gia là bao nhiêu?","Theo Quyết định số 1733, hệ số mới cho Chuyên gia là 1.9.",,
QD_1733,"Theo Quyết định số 1733, giảng viên chính giảng ở xa bao nhiêu kilomet thì được nhận phụ cấp địa xa?","Theo Quyết định số 1733, giảng viên chính giảng có địa chỉ thường trú hoặc tạm trú cách Trường Đại học Bình Dương từ 25 kilomet trở lên sẽ được nhận phụ cấp địa xa.",,
QD_1733,"Theo Quyết định số 1733, mức phụ cấp địa xa cho giảng viên là bao nhiêu?","Theo Quyết định số 1733, mức phụ cấp địa xa cho giảng viên là 100.000 đồng cho mỗi lượt đi và về.",,
QD_1733,"Theo Quyết định số 1733, khi nào giảng viên được thanh toán phụ cấp địa xa?","Theo Quyết định số 1733, giảng viên được thanh toán phụ cấp địa xa sau khi hoàn thành nhiệm vụ giảng dạy và nộp đầy đủ bảng điểm giữa kỳ, bảng điểm kết thúc môn học và hồ sơ môn học liên quan theo quy định.",,
QD_1733,"Theo Quyết định số 1733, hệ số giảng dạy bằng tiếng nước ngoài cho Tiến sĩ là bao nhiêu?","Theo Quyết định số 1733, hệ số giảng dạy bằng tiếng nước ngoài cho Tiến sĩ là 4.5.",,
QD_1733,"Theo Quyết định số 1733, hệ số giảng dạy bằng tiếng nước ngoài cho Thạc sĩ là bao nhiêu?","Theo Quyết định số 1733, hệ số giảng dạy bằng tiếng nước ngoài cho Thạc sĩ là 3.5.",,
QD_1733,"Theo Quyết định số 1733, các môn học giảng dạy bằng tiếng nước ngoài yêu cầu số lượng sinh viên tối thiểu là bao nhiêu?","Theo Quyết định số 1733, các môn học giảng dạy bằng tiếng nước ngoài yêu cầu số lượng sinh viên tối thiểu là 15 sinh viên.",,
QD_1733,"Theo Quyết định số 1733, đơn vị nào có trách nhiệm lập danh sách môn học giảng dạy bằng tiếng nước ngoài?","Theo Quyết định số 1733, các đơn vị căn cứ chương trình đào tạo để lập danh sách môn học giảng dạy bằng tiếng nước ngoài và trình Hiệu trưởng phê duyệt.",,
QD_1733,Quyết định số 1733 của Trường Đại học Bình Dương có hiệu lực từ khi nào?,Quyết định số 1733 của Trường Đại học Bình Dương có hiệu lực kể từ ngày ký và áp dụng từ học kỳ 2 năm học 2023-2024.,,
QD_1733,Những đơn vị nào chịu trách nhiệm thi hành Quyết định số 1733?,"Phòng Tổng hợp, Phòng Tài chính - Kế toán, Phòng Quản lý đào tạo và Công tác sinh viên, Phân hiệu Trường Đại học Bình Dương tại Cà Mau và các đơn vị, cá nhân liên quan chịu trách nhiệm thi hành Quyết định số 1733.",,
QD_1733,Quyết định số 1733 của Trường Đại học Bình Dương có áp dụng cho giảng viên giảng dạy các môn ngoại ngữ chuyên ngành không?,"Quyết định số 1733 của Trường Đại học Bình Dương áp dụng cho các môn giảng dạy bằng tiếng nước ngoài, bao gồm ngoại ngữ chuyên ngành, nhưng không áp dụng cho các ngành đào tạo ngoại ngữ.",,
QD_1733,"Theo Quyết định số 1733, học phí cho các học phần giảng dạy bằng tiếng nước ngoài được tính theo hệ số bao nhiêu?","Theo Quyết định số 1733, học phí cho các học phần giảng dạy bằng tiếng nước ngoài được tính theo hệ số 3.0.",,
QD_1733,"Theo Quyết định số 1733, nếu số lượng sinh viên đăng ký môn học bằng tiếng nước ngoài không đủ, đơn vị phải làm gì?","Nếu số lượng sinh viên đăng ký môn học bằng tiếng nước ngoài không đủ, đơn vị phải trình văn bản báo cáo về Phòng Quản lý đào tạo và Công tác sinh viên để tổng hợp và trình Hiệu trưởng xem xét quyết định.",,
QD_1733,"Theo Quyết định số 1733, phụ cấp địa xa được thanh toán kèm với khoản nào?","Theo Quyết định số 1733, phụ cấp địa xa được thanh toán cùng với thù lao giảng dạy.",,
QD_1733,"Theo Quyết định số 1733, phụ cấp địa xa được tính theo số lượt như thế nào?","Theo Quyết định số 1733, phụ cấp địa xa được tính theo số lượt đi và về của giảng viên chính giảng.",,
QD_1733,Quyết định số 1733 của Trường Đại học Bình Dương do ai ban hành?,Quyết định số 1733 của Trường Đại học Bình Dương do Hiệu trưởng Trường Đại học Bình Dương – ông Cao Việt Hiếu ban hành.,,
QD_2068,Quyết định số 2068 của Trường Đại học Bình Dương được ban hành vào ngày nào?,Quyết định số 2068 của Trường Đại học Bình Dương được ban hành vào ngày 08 tháng 12 năm 2023.,,
QD_2068,Mục tiêu của Quyết định số 2068 của Trường Đại học Bình Dương là gì?,"Quyết định số 2068 của Trường Đại học Bình Dương nhằm cử cán bộ nhân viên, giảng viên cơ hữu đi công tác để tổ chức kiến tập doanh nghiệp và truyền lửa cho tân sinh viên khóa 26 ngành Công nghệ thông tin và Truyền lửa.",,
QD_2068,Đoàn công tác tổ chức kiến tập doanh nghiệp thuộc Quyết định số 2068 có những ai?,"Đoàn công tác thuộc Quyết định số 2068 gồm: Ông Nguyễn Thanh Sơn, Ông Huỳnh Quang Đức, Ông Nguyễn Hồ Hải, Ông Nguyễn Hữu Quyền, Ông Nguyễn Quân và Ông Võ Vương Phúc.",,
QD_2068,Ai là Trưởng đoàn trong chuyến công tác kiến tập doanh nghiệp của Quyết định số 2068?,"Ông Nguyễn Thanh Sơn – Phó Trưởng khoa, Khoa Công nghệ thông tin, Robot và Trí tuệ nhân tạo là Trưởng đoàn trong chuyến công tác kiến tập doanh nghiệp thuộc Quyết định số 2068.",,
QD_2068,Chuyến công tác kiến tập doanh nghiệp theo Quyết định số 2068 kéo dài bao lâu và bắt đầu khi nào?,Chuyến công tác kiến tập doanh nghiệp theo Quyết định số 2068 bắt đầu từ ngày 13 đến ngày 15/12/2023.,,
QD_2068,Chuyến kiến tập doanh nghiệp theo Quyết định số 2068 được tổ chức ở đâu?,"Chuyến kiến tập doanh nghiệp theo Quyết định số 2068 được tổ chức tại Công ty Cổ phần Công nghệ Minh Trung, Công ty Cổ phần Công nghệ ATALINK, Viễn thông Bình Dương và Trung tâm Điều hành Thông minh Tỉnh Bình Dương.",,
QD_2068,Chi phí lưu trú cho chuyến công tác kiến tập doanh nghiệp theo Quyết định số 2068 là bao nhiêu?,Chi phí lưu trú cho chuyến công tác kiến tập doanh nghiệp theo Quyết định số 2068 là 2.700.000 đồng cho 06 người trong 03 ngày.,,
QD_2068,Ai chịu trách nhiệm hỗ trợ đưa đón đoàn công tác và sinh viên trong chuyến kiến tập doanh nghiệp theo Quyết định số 2068?,Bộ phận Quản trị thiết bị thuộc Phòng Tổng hợp chịu trách nhiệm hỗ trợ đưa đón đoàn công tác và sinh viên theo Quyết định số 2068.,,
QD_2068,Ai là người chịu trách nhiệm báo cáo kết quả sau chuyến kiến tập doanh nghiệp theo Quyết định số 2068?,"Ông Nguyễn Thanh Sơn – Phó Trưởng khoa, Khoa Công nghệ thông tin, Robot và Trí tuệ nhân tạo chịu trách nhiệm báo cáo kết quả thực hiện sau chuyến kiến tập doanh nghiệp theo Quyết định số 2068.",,
QD_2068,Ai ký ban hành Quyết định số 2068 ?,Hiệu trưởng Trường Đại học Bình Dương – ông Cao Việt Hiếu ký ban hành Quyết định số 2068. ,,
QD_2068,Quyết định số 2068 của Trường Đại học Bình Dương có hiệu lực từ khi nào?,"Quyết định số 2068 của Trường Đại học Bình Dương có hiệu lực kể từ ngày ký, tức ngày 08 tháng 12 năm 2023.",,
QD_2068,Những đơn vị nào có trách nhiệm thi hành Quyết định số 2068 của Trường Đại học Bình Dương?,"Phòng Tổng hợp, Phòng Tài chính - Kế toán, Phòng Thanh tra - Pháp chế và Kiểm toán nội bộ, Phòng Quản lý đào tạo và Công tác sinh viên, Khoa Công nghệ thông tin, Robot và Trí tuệ nhân tạo và các nhân sự có tên trong quyết định chịu trách nhiệm thi hành Quyết định số 2068.",,
QD_2068,Chuyến công tác kiến tập doanh nghiệp theo Quyết định số 2068 có mục đích gì?,"Chuyến công tác kiến tập doanh nghiệp theo Quyết định số 2068 nhằm tạo điều kiện cho sinh viên ngành Công nghệ thông tin và Truyền lửa tiếp cận môi trường doanh nghiệp thực tế, học hỏi kinh nghiệm và được truyền cảm hứng từ các chuyên gia.",,
QD_2068,Việc tổ chức kiến tập doanh nghiệp theo Quyết định số 2068 giúp củng cố mối quan hệ giữa những đơn vị nào?,Việc tổ chức kiến tập doanh nghiệp theo Quyết định số 2068 giúp củng cố mối quan hệ giữa Trường Đại học Bình Dương và các doanh nghiệp.,,
QD_2068,Kế hoạch tổ chức kiến tập doanh nghiệp theo Quyết định số 2068 được lập dựa trên kế hoạch nào?,"Kế hoạch tổ chức kiến tập doanh nghiệp theo Quyết định số 2068 được lập dựa trên Kế hoạch số 135/KH-FIRA ngày 22 tháng 11 năm 2023 của Khoa Công nghệ thông tin, Robot và Trí tuệ nhân tạo.",,
QD_2068,Việc đưa đón đoàn công tác kiến tập doanh nghiệp theo Quyết định số 2068 được thực hiện theo kế hoạch nào?,Việc đưa đón đoàn công tác kiến tập doanh nghiệp theo Quyết định số 2068 được thực hiện theo lịch trình được Hiệu trưởng phê duyệt tại Kế hoạch số 135/KH-FIRA ngày 22 tháng 11 năm 2023.,,
QD_2068,Những ai có trách nhiệm thi hành Quyết định số 2068 ngoài các nhân sự được nêu tên trong Điều 1?,"Ngoài các nhân sự được nêu tên trong Điều 1, các đơn vị như Phòng Tổng hợp, Phòng Tài chính - Kế toán, Phòng Thanh tra - Pháp chế và Kiểm toán nội bộ, Phòng Quản lý đào tạo và Công tác sinh viên, Khoa Công nghệ thông tin, Robot và Trí tuệ nhân tạo có trách nhiệm thi hành Quyết định số 2068.",,
QD_2068,Cơ sở pháp lý nào quy định chế độ công tác phí liên quan đến chuyến công tác theo Quyết định số 2068?,Cơ sở pháp lý quy định chế độ công tác phí liên quan đến chuyến công tác theo Quyết định số 2068 là Quyết định số 483/QĐ-ĐHBD ngày 26 tháng 5 năm 2022 của Hiệu trưởng Trường Đại học Bình Dương.,,
QD_2068,Việc tổ chức kiến tập doanh nghiệp theo Quyết định số 2068 được áp dụng cho sinh viên khóa nào?,Việc tổ chức kiến tập doanh nghiệp theo Quyết định số 2068 được áp dụng cho tân sinh viên khóa 26 ngành Công nghệ thông tin và Truyền lửa của Trường Đại học Bình Dương.,,
QD_2185,Quyết định số 2185 của Trường Đại học Bình Dương được ban hành vào ngày nào?,Quyết định số 2185 của Trường Đại học Bình Dương được ban hành vào ngày 16 tháng 10 năm 2024.,,
QD_2185,Ai được cử đi công tác theo Quyết định số 2185 của Trường Đại học Bình Dương?,"Ông Trần Hữu Duật, giảng viên Khoa Công nghệ thông tin, Robot và Trí tuệ nhân tạo được cử đi công tác theo Quyết định số 2185 của Trường Đại học Bình Dương.",,
QD_2185,Chuyến công tác của ông Trần Hữu Duật theo Quyết định số 2185 nhằm mục tiêu gì?,"Chuyến công tác của ông Trần Hữu Duật theo Quyết định số 2185 nhằm hỗ trợ Chương trình đào tạo, tập huấn và kết nối chuyên gia để phát triển các dự án khởi nghiệp đạt giải trong các cuộc thi sáng tạo và khởi nghiệp do Sở Khoa học và Công nghệ tỉnh Bình Dương tổ chức.",,
QD_2185,Nội dung tập huấn trong chuyến công tác theo Quyết định số 2185 tập trung vào lĩnh vực nào?,"Nội dung tập huấn trong chuyến công tác theo Quyết định số 2185 tập trung vào truyền thông thương hiệu số trên mạng xã hội, thực hành Marketing và bán hàng online trên nền tảng trực tuyến, và ứng dụng công nghệ trong quản lý, phát triển dự án khởi nghiệp.",,
QD_2185,Chuyến công tác theo Quyết định số 2185 kéo dài bao lâu và diễn ra ở đâu?,"Chuyến công tác theo Quyết định số 2185 kéo dài 08 ngày, diễn ra tại 08 huyện và thành phố trên địa bàn tỉnh Bình Dương.",,
QD_2185,Những địa điểm nào được tổ chức tập huấn trong chuyến công tác theo Quyết định số 2185?,"Các địa điểm tổ chức tập huấn trong chuyến công tác theo Quyết định số 2185 gồm: Thành phố Thủ Dầu Một, Huyện Phú Giáo, Thành phố Thuận An, Thành phố Dĩ An, Huyện Bàu Bàng, Huyện Dầu Tiếng, Huyện Bắc Tân Uyên và Thành phố Tân Uyên.",,
QD_2185,"Theo Quyết định số 2185, ông Trần Hữu Duật có trách nhiệm gì sau khi kết thúc chuyến công tác?","Theo Quyết định số 2185, ông Trần Hữu Duật có trách nhiệm báo cáo kết quả công tác với Hiệu trưởng Trường Đại học Bình Dương sau khi kết thúc chuyến đi.",,
QD_2185,Quyết định số 2185 của Trường Đại học Bình Dương có hiệu lực từ thời điểm nào?,"Quyết định số 2185 của Trường Đại học Bình Dương có hiệu lực kể từ ngày ký, tức ngày 16 tháng 10 năm 2024.",,
QD_2185,Các đơn vị nào chịu trách nhiệm thực hiện Quyết định số 2185 của Trường Đại học Bình Dương?,"Các đơn vị chịu trách nhiệm thực hiện Quyết định số 2185 của Trường Đại học Bình Dương gồm: Phòng Tổng hợp, Phòng Tài chính – Kế toán, Phòng Thanh tra – Pháp chế và Kiểm toán nội bộ, Khoa Công nghệ thông tin, Robot và Trí tuệ nhân tạo, ông Trần Hữu Duật và các đơn vị, cá nhân có liên quan.",,
QD_2185,Chi phí chuyến công tác theo Quyết định số 2185 của Trường Đại học Bình Dương được chi trả theo hình thức nào?,Chi phí chuyến công tác theo Quyết định số 2185 của Trường Đại học Bình Dương được thực hiện theo hình thức tự túc.,,
QD_2185,Ai là người đề xuất chuyến công tác theo Quyết định số 2185 của Trường Đại học Bình Dương?,"Ông Trần Hữu Duật, giảng viên Khoa Công nghệ thông tin, Robot và Trí tuệ nhân tạo là người đề xuất chuyến công tác theo Quyết định số 2185 của Trường Đại học Bình Dương.",,
QD_2185,Ngày nào trong chuyến công tác theo Quyết định số 2185 được tổ chức tại Thành phố Dĩ An?,"Ngày 29 tháng 10 năm 2024, chuyến công tác theo Quyết định số 2185 được tổ chức tại Thành phố Dĩ An.",,
QD_2185,Hội trường nào tại Thành phố Tân Uyên được sử dụng trong chuyến công tác theo Quyết định số 2185?,Hội trường A Khối MTTQ và Các đoàn thể Thành phố Tân Uyên được sử dụng trong chuyến công tác theo Quyết định số 2185.,,
QD_2185,Hội trường nào tại Huyện Phú Giáo được sử dụng trong chuyến công tác theo Quyết định số 2185?,Hội trường A Khối Vận Huyện Phú Giáo được sử dụng trong chuyến công tác theo Quyết định số 2185.,,
QD_2185,Chuyến công tác theo Quyết định số 2185 có tổ chức tại Trung tâm Hoạt động thanh thiếu nhi Thành phố Thuận An vào ngày nào?,Chuyến công tác theo Quyết định số 2185 được tổ chức tại Trung tâm Hoạt động thanh thiếu nhi Thành phố Thuận An vào ngày 23 tháng 10 năm 2024.,,
QD_2185,Ngày nào trong chuyến công tác theo Quyết định số 2185 được tổ chức tại Huyện Bắc Tân Uyên?,"Ngày 04 tháng 11 năm 2024, chuyến công tác theo Quyết định số 2185 được tổ chức tại Hội trường A - Huyện Bắc Tân Uyên.",,
QD_2185,"18/10/2024, địa điểm công tác của ông Trần Hữu Duật theo Quyết định số 2185 là ở đâu?","Vào ngày 18/10/2024, địa điểm công tác của ông Trần Hữu Duật theo Quyết định số 2185 là Trung tâm Sáng kiến cộng đồng và Hỗ trợ khởi nghiệp tại Thành phố Thủ Dầu Một.",,
QD_2185,"22/10/2024, ông Trần Hữu Duật công tác tại địa điểm nào theo Quyết định số 2185?","Vào ngày 22/10/2024, ông Trần Hữu Duật công tác tại Hội trường A Khối Vận Huyện Phú Giáo theo Quyết định số 2185.",,
QD_2185,"23/10/2024, ông Trần Hữu Duật công tác tại địa điểm nào theo Quyết định số 2185?","Vào ngày 23/10/2024, ông Trần Hữu Duật công tác tại Trung tâm Hoạt động thanh thiếu nhi Thành phố Thuận An theo Quyết định số 2185.",,
QD_2185,"29/10/2024, ông Trần Hữu Duật công tác tại địa điểm nào theo Quyết định số 2185?","Vào ngày 29/10/2024, ông Trần Hữu Duật công tác tại Hội trường Trung tâm Văn hóa – Cộng Đồng Phường Đông Hòa, Thành phố Dĩ An theo Quyết định số 2185.",,
QD_2185,"01/11/2024, ông Trần Hữu Duật công tác tại địa điểm nào theo Quyết định số 2185?","Vào ngày 01/11/2024, ông Trần Hữu Duật công tác tại Hội trường Nhà công vụ Huyện Bàu Bàng theo Quyết định số 2185.",,
QD_2185,"02/11/2024, ông Trần Hữu Duật công tác tại địa điểm nào theo Quyết định số 2185?","Vào ngày 02/11/2024, ông Trần Hữu Duật công tác tại Trường THPT Dầu Tiếng, Huyện Dầu Tiếng theo Quyết định số 2185.",,
QD_2185,"04/11/2024, ông Trần Hữu Duật công tác tại địa điểm nào theo Quyết định số 2185?","Vào ngày 04/11/2024, ông Trần Hữu Duật công tác tại Hội trường A - Huyện Bắc Tân Uyên theo Quyết định số 2185.",,
QD_2185,"05/11/2024, ông Trần Hữu Duật công tác tại địa điểm nào theo Quyết định số 2185?","Vào ngày 05/11/2024, ông Trần Hữu Duật công tác tại Hội trường A Khối MTTQ và Các đoàn thể Thành phố Tân Uyên theo Quyết định số 2185.",,
TB_972,Mục đích của Thông báo số 972/TB-ĐHBD là gì?,Mục đích của Thông báo số 972/TB-ĐHBD yêu cầu các đơn vị lập dự trù kế hoạch tài chính cho các hoạt động của đơn vị tại học kỳ 1 năm học 2024 - 2025 để Nhà trường có cơ sở hoạch định công tác chi tiêu và đầu tư cơ sở vật chất.,,
TB_972,Thông báo số 972 của Trường Đại học Bình Dương được ban hành vào ngày nào?,Thông báo số 972 của Trường Đại học Bình Dương được ban hành vào ngày 14 tháng 08 năm 2024.,,
TB_972,Thời hạn cuối cùng để các đơn vị lập dự trù kế hoạch tài chính cho tài khóa 1 năm 2024 - 2025 là khi nào?,Thời hạn cuối cùng để các đơn vị lập dự trù kế hoạch tài chính cho tài khóa 1 năm 2024 - 2025 là đến hết ngày 05/09/2024.,,
TB_972,Các hoạt động liên quan đến công tác đào tạo của đơn vị cần lập dự trù tài chính bao gồm những nội dung gì?,"Các hoạt động liên quan đến công tác đào tạo của đơn vị cần lập dự trù tài chính bao gồm giảng dạy lý thuyết, thực hành, thực tập, thi kết thúc môn/học phần, chấm thi và tổ chức các Hội đồng.",,
TB_972,Chi phí dự trù cho các hoạt động đào tạo cần có những thông tin nào?,"Chi phí dự trù cho các hoạt động đào tạo cần bao gồm số môn học, tên môn học, tên giảng viên, học hàm - học vị, khóa lớp, số lượng sinh viên, số tiết và các hệ số khác nếu có.",,
TB_972,Người phụ trách nhận dự trù tài chính cho các hoạt động đào tạo là ai?,"Người phụ trách nhận dự trù tài chính cho các hoạt động đào tạo là Bà Lê Thanh Cẩm - Tổ trưởng Tổ Giáo vụ, Phòng Quản lý đào tạo và Công tác sinh viên.",,
TB_972,Các hoạt động khác ngoài đào tạo cần lập dự trù tài chính bao gồm những gì?,"Các hoạt động khác ngoài đào tạo cần lập dự trù tài chính bao gồm mua sắm trang thiết bị, vật tư tiêu hao, thuê mướn cơ sở vật chất bên ngoài, thực tập, thí nghiệm, tham quan, kiến tập, văn phòng phẩm, nước uống, chi phí phong trào, chi phí hành chính, chi phí đối ngoại và các hoạt động khác nếu có.",,
TB_972,Trường Đại học Bình Dương yêu cầu các đơn vị lập dự trù cho những nhóm hoạt động nào?,"Trường Đại học Bình Dương yêu cầu các đơn vị lập dự trù cho hai nhóm hoạt động: các hoạt động liên quan đến công tác đào tạo và các hoạt động mua sắm, phong trào, hành chính và hoạt động khác.",,
TB_972,Ai là người phụ trách nhận dự trù tài chính cho các hoạt động ngoài đào tạo?,"Người phụ trách nhận dự trù tài chính cho các hoạt động ngoài đào tạo là Bà Châu Thị Phượng Minh - Nhân viên, Phòng Tài chính - Kế toán.",,
TB_972,Các đơn vị cần lưu ý gì về chi phí phát sinh ngoài dự trù được duyệt?,Các đơn vị cần lưu ý rằng các khoản chi phí phát sinh không nằm trong dự trù kinh phí được duyệt sẽ căn cứ vào tình hình tài chính thực tế của Trường Đại học Bình Dương.,,
TB_972,Hậu quả của việc không gửi kế hoạch dự trù kinh phí đúng hạn là gì?,"Nếu đơn vị không gửi kế hoạch dự trù kinh phí của đơn vị tại học kỳ 1 năm học 2024 - 2025 trước ngày 05/09/2024, sẽ được xem như đơn vị đó không có nhu cầu sử dụng kinh phí.",,
TB_972,"Phòng Quản lý đào tạo và Công tác sinh viên, Phòng Tài chính - Kế toán có trách nhiệm gì trong công tác lập dự trù tài chính?","Phòng Quản lý đào tạo và Công tác sinh viên, Phòng Tài chính - Kế toán có trách nhiệm tổng hợp các kế hoạch dự trù tài chính và trình báo cáo Hiệu trưởng Trường Đại học Bình Dương phê duyệt.",,
TB_972,Quyết định nào làm căn cứ cho Thông báo lập dự trù kế hoạch tài chính tại Trường Đại học Bình Dương?,Thông báo lập dự trù kế hoạch tài chính tại Trường Đại học Bình Dương căn cứ theo Quyết định số 868/QĐ-ĐHBD ngày 20 tháng 5 năm 2024.,,
TB_972,Các khoản dự trù cho hoạt động đào tạo cần bao gồm những yếu tố nào?,"Các khoản dự trù cho hoạt động đào tạo cần bao gồm số môn học, tên môn học, tên giảng viên, học hàm - học vị, khóa lớp, số lượng sinh viên, số tiết và các hệ số khác nếu có.",,
TB_972,Các đơn vị phải gửi dự trù kinh phí cho hoạt động đào tạo đến ai?,"Các đơn vị phải gửi dự trù kinh phí cho hoạt động đào tạo đến Bà Lê Thanh Cẩm - Tổ trưởng Tổ Giáo vụ, Phòng Quản lý đào tạo và Công tác sinh viên.",,
TB_972,Các đơn vị phải gửi dự trù kinh phí cho các hoạt động khác đến ai?,"Các đơn vị phải gửi dự trù kinh phí cho các hoạt động khác đến Bà Châu Thị Phượng Minh - Nhân viên, Phòng Tài chính - Kế toán.",,
TB_972,Thời hạn cuối cùng để các đơn vị lập và nộp dự trù kế hoạch tài chính là ngày nào?,Thời hạn cuối cùng để các đơn vị lập và nộp dự trù kế hoạch tài chính là ngày 05/09/2024.,,
TB_972,Các đơn vị không gửi dự trù đúng hạn sẽ bị xử lý như thế nào?,Các đơn vị không gửi dự trù đúng hạn sẽ được xem như không có nhu cầu sử dụng kinh phí tại học kỳ 1 năm học 2024 - 2025.,,
TB_972,Các chi phí phát sinh không nằm trong dự trù đã duyệt sẽ được xử lý ra sao?,Các chi phí phát sinh không nằm trong dự trù đã duyệt sẽ căn cứ vào tình hình tài chính thực tế của Nhà trường để quyết định việc chi trả.,,
TB_972,Phòng nào chịu trách nhiệm tổng hợp dự trù tài chính để trình Hiệu trưởng phê duyệt?,Phòng Quản lý đào tạo và Công tác sinh viên và Phòng Tài chính - Kế toán chịu trách nhiệm tổng hợp dự trù tài chính để trình Hiệu trưởng phê duyệt.,,
TB_972,Kế hoạch tài chính cho hoạt động mua sắm cần bao gồm những loại chi phí nào?,"Kế hoạch tài chính cho hoạt động mua sắm cần bao gồm chi phí mua trang thiết bị, vật tư tiêu hao, thuê cơ sở vật chất bên ngoài, văn phòng phẩm, nước uống, chi phí phong trào, chi phí hành chính, chi phí ngoại giao và các hoạt động khác nếu có.",,
TB_972,"Các hoạt động ngoại khóa như thực tập, thí nghiệm, tham quan có cần lập dự trù kinh phí không?","Các hoạt động ngoại khóa như thực tập, thí nghiệm, tham quan, kiến tập cần lập dự trù kinh phí nếu có tổ chức.",,
TB_972,"Trường hợp phát sinh các hoạt động ngoài kế hoạch, chi phí có được phê duyệt tự động không?","Trường hợp phát sinh các hoạt động ngoài kế hoạch, chi phí không được phê duyệt tự động mà sẽ được xem xét theo tình hình tài chính thực tế của Nhà trường.",,
TB_972,Các đơn vị phải lập dự trù tài chính cho các hoạt động đào tạo và hoạt động khác thuộc học kỳ nào?,Các đơn vị phải lập dự trù tài chính cho các hoạt động đào tạo và hoạt động khác thuộc học kỳ 1 năm học 2024 - 2025.,,
TB_972,Ai là người ký ban hành Thông báo số 972/TB-ĐHBD về lập dự trù tài chính?,Phó Hiệu trưởng Thường trực Đỗ Đoan Trang là người ký ban hành Thông báo số 972/TB-ĐHBD về lập dự trù tài chính.,,
TB_972,Mục tiêu chính của việc lập dự trù tài chính cho học kỳ 1 năm học 2024 - 2025 là gì?,Mục tiêu chính của việc lập dự trù tài chính cho học kỳ 1 năm học 2024 - 2025 là tổ chức công tác hậu cần và đầu tư cơ sở vật chất cho Nhà trường.,,
TB_972,Các đơn vị cần lập dự trù chi tiết về giảng viên như thế nào?,"Các đơn vị cần lập dự trù chi tiết về giảng viên, bao gồm tên giảng viên, học hàm - học vị, số tiết giảng dạy và các hệ số khác nếu có.",,
TB_972,Hoạt động thuê cơ sở vật chất ngoài Nhà trường phục vụ mục đích gì?,"Hoạt động thuê cơ sở vật chất ngoài Nhà trường phục vụ cho việc đưa sinh viên đi thực tập, thí nghiệm, thực nghiệm, tham quan và kiến tập nếu có.",,
TB_972,"Nếu đơn vị không lập dự trù tài chính, đơn vị đó có được phân bổ ngân sách không?","Nếu đơn vị không lập dự trù tài chính đúng hạn, đơn vị đó sẽ được xem như không có nhu cầu sử dụng kinh phí và có thể không được phân bổ ngân sách.",,
TB_908,Thông báo số 908/TB-ĐHBD ngày 18/09/2023 của Trường Đại học Bình Dương có mục đích gì?,"Thông báo số 908/TB-ĐHBD ngày 18/09/2023 của Trường Đại học Bình Dương có mục đích thiết lập khuôn khổ phối hợp toàn diện để quản lý và chăm sóc sinh viên, nhằm đảm bảo sinh viên nhận được sự hỗ trợ cần thiết trong suốt quá trình học tập và đời sống.",,
TB_908,"Theo Thông báo số 908/TB-ĐHBD, đối tượng nào phải thực hiện công tác chăm sóc sinh viên qua nhóm Zalo?","Theo Thông báo số 908/TB-ĐHBD, giảng viên chủ nhiệm, cố vấn học tập các lớp đại học chính quy, các đơn vị thực hiện nhiệm vụ chăm sóc sinh viên và các nhóm Zalo của lớp, phụ huynh phải thực hiện công tác chăm sóc sinh viên qua nhóm Zalo.",,
TB_908,"Theo Thông báo số 908/TB-ĐHBD, bộ phận một cửa - Phòng Tuyển sinh có nhiệm vụ gì?","Theo Thông báo số 908/TB-ĐHBD, bộ phận một cửa - Phòng Tuyển sinh có nhiệm vụ tiếp nhận, tư vấn, hỗ trợ sinh viên thực hiện các thủ tục hành chính, giải quyết đơn từ, cấp lại thẻ sinh viên, tư vấn đăng ký môn học, xét học bổng và thông báo các thông tin của Nhà trường đến sinh viên và phụ huynh.",,
TB_908,Bộ phận một cửa - Phòng Tuyển sinh có trách nhiệm như thế nào với đơn từ của sinh viên theo Thông báo số 908/TB-ĐHBD?,"Theo Thông báo số 908/TB-ĐHBD, bộ phận một cửa - Phòng Tuyển sinh có trách nhiệm hỗ trợ và theo dõi tiến trình xử lý đơn từ của sinh viên và kịp thời thông báo kết quả đến sinh viên.",,
TB_908,Giáo viên chủ nhiệm cần thực hiện những nhiệm vụ gì theo Thông báo số 908/TB-ĐHBD?,"Theo Thông báo số 908/TB-ĐHBD, giáo viên chủ nhiệm cần tư vấn sinh viên về kế hoạch đào tạo, thi cử, định hướng nghề nghiệp, hoạt động ngoại khóa, cân bằng học tập và việc làm, hỗ trợ chăm sóc sức khỏe tinh thần, và kết nối sinh viên với doanh nghiệp.",,
TB_908,"Theo Thông báo số 908/TB-ĐHBD, giáo viên chủ nhiệm có vai trò như thế nào trong kết nối phụ huynh và sinh viên?","Theo Thông báo số 908/TB-ĐHBD, giáo viên chủ nhiệm có vai trò giải đáp thông tin cho phụ huynh về điểm số và lộ trình học tập của sinh viên, đồng thời tiếp nhận phản hồi từ phụ huynh và sinh viên qua nhóm Zalo của lớp.",,
TB_908,"Theo Thông báo số 908/TB-ĐHBD, lãnh đạo Khoa, Viện có trách nhiệm gì trong công tác chăm sóc sinh viên?","Theo Thông báo số 908/TB-ĐHBD, lãnh đạo Khoa, Viện có trách nhiệm giám sát, tiếp thu thông tin từ các đơn vị để kịp thời đưa ra giải pháp hỗ trợ sinh viên và chịu trách nhiệm nếu công tác chăm sóc sinh viên không đảm bảo.",,
TB_908,"Theo Thông báo số 908/TB-ĐHBD, kênh thông tin chính để chăm sóc sinh viên là gì?","Theo Thông báo số 908/TB-ĐHBD, các nhóm Zalo của lớp và nhóm Zalo phụ huynh do Nhà trường tạo ra là kênh thông tin chính để chăm sóc, tư vấn và truyền đạt thông tin cho sinh viên và phụ huynh.",,
TB_908,"Theo Thông báo số 908/TB-ĐHBD, thời gian thực hiện công tác chăm sóc sinh viên qua nhóm Zalo là khi nào?","Theo Thông báo số 908/TB-ĐHBD, thời gian thực hiện công tác chăm sóc sinh viên qua nhóm Zalo được áp dụng từ ngày ban hành thông báo đến khi có văn bản khác thay thế.",,
TB_908,"Theo Thông báo số 908/TB-ĐHBD, các đơn vị nào cần phối hợp để chăm sóc sinh viên?","Theo Thông báo số 908/TB-ĐHBD, các đơn vị cần phối hợp để chăm sóc sinh viên gồm: Phòng Tuyển sinh, Phòng Quản lý đào tạo và Công tác sinh viên, Phòng Bảo đảm chất lượng và Khảo thí, các Khoa và Viện.",,
TB_908,"Theo Thông báo số 908/TB-ĐHBD, Bộ phận một cửa - Phòng Tuyển sinh có trách nhiệm tư vấn cho sinh viên về những loại đơn nào?","Theo Thông báo số 908/TB-ĐHBD, Bộ phận một cửa - Phòng Tuyển sinh có trách nhiệm tư vấn cho sinh viên các loại đơn như: Đơn xin chuyển điểm, chuyển ngành, hoãn thi, nhập học sau thời gian bảo lưu, đăng ký môn học bổ sung và thủ tục bảo hiểm y tế.",,
TB_908,"Theo Thông báo số 908/TB-ĐHBD, sinh viên có thể thực hiện các thủ tục xác nhận nào tại Bộ phận một cửa - Phòng Tuyển sinh?","Theo Thông báo số 908/TB-ĐHBD, sinh viên có thể thực hiện các thủ tục xác nhận như: Đơn hoãn nghĩa vụ quân sự, đơn vay vốn ngân hàng chính sách và các thủ tục hành chính khác tại Bộ phận một cửa - Phòng Tuyển sinh.",,
TB_908,"Theo Thông báo số 908/TB-ĐHBD, Bộ phận một cửa - Phòng Tuyển sinh có hỗ trợ sinh viên những dịch vụ gì liên quan đến hồ sơ cá nhân?","Theo Thông báo số 908/TB-ĐHBD, Bộ phận một cửa - Phòng Tuyển sinh hỗ trợ sinh viên cấp lại thẻ sinh viên và in bảng điểm cá nhân.",,
TB_908,"Theo Thông báo số 908/TB-ĐHBD, Bộ phận một cửa - Phòng Tuyển sinh có trách nhiệm gì trong việc truyền đạt thông tin?","Theo Thông báo số 908/TB-ĐHBD, Bộ phận một cửa - Phòng Tuyển sinh có trách nhiệm thông báo tất cả các thông tin của Nhà trường và các đơn vị liên quan đến sinh viên và phụ huynh qua nhóm Zalo của lớp.",,
TB_908,"Theo Thông báo số 908/TB-ĐHBD, Bộ phận một cửa - Phòng Tuyển sinh có tiếp nhận phản hồi của ai?","Theo Thông báo số 908/TB-ĐHBD, Bộ phận một cửa - Phòng Tuyển sinh có tiếp nhận các phản hồi của người học về các hoạt động của Nhà trường và các đơn vị liên quan.",,
TB_908,"Theo Thông báo số 908/TB-ĐHBD, giáo viên chủ nhiệm tư vấn sinh viên về những hoạt động nào ngoài học tập?","Theo Thông báo số 908/TB-ĐHBD, giáo viên chủ nhiệm tư vấn sinh viên về các hoạt động như: Nghiên cứu khoa học, tham gia câu lạc bộ học thuật, câu lạc bộ thể thao, câu lạc bộ văn hóa nghệ thuật và các hoạt động vui chơi, kết nối.",,
TB_908,"Theo Thông báo số 908/TB-ĐHBD, giáo viên chủ nhiệm tư vấn sinh viên về các vấn đề sức khỏe tinh thần nào?","Theo Thông báo số 908/TB-ĐHBD, giáo viên chủ nhiệm tư vấn sinh viên về việc chăm lo đời sống tinh thần, an toàn an ninh và sức khỏe trong quá trình học tập.",,
TB_908,"Theo Thông báo số 908/TB-ĐHBD, giáo viên chủ nhiệm tư vấn sinh viên như thế nào về việc cân bằng học tập và làm thêm?","Theo Thông báo số 908/TB-ĐHBD, giáo viên chủ nhiệm tư vấn sinh viên về việc cân bằng giữa học tập, tham gia hoạt động thêm và việc làm.",,
TB_908,"Theo Thông báo số 908/TB-ĐHBD, giáo viên chủ nhiệm có nhiệm vụ kết nối sinh viên với những đối tượng nào?","Theo Thông báo số 908/TB-ĐHBD, giáo viên chủ nhiệm có nhiệm vụ kết nối sinh viên khóa cũ, sinh viên khóa mới, cựu sinh viên, doanh nghiệp để giới thiệu việc làm, thực tập và dự án nghề nghiệp.",,
TB_908,"Theo Thông báo số 908/TB-ĐHBD, lãnh đạo Khoa, Viện phải làm gì khi có phản hồi về việc chăm sóc sinh viên chưa tốt?","Theo Thông báo số 908/TB-ĐHBD, lãnh đạo Khoa, Viện phải chịu trách nhiệm khi có phản hồi về việc chăm sóc sinh viên chưa tốt của đơn vị mình.",,
TB_908,"Theo Thông báo số 908/TB-ĐHBD, các đơn vị cần phối hợp như thế nào để đảm bảo công tác chăm sóc sinh viên?","Theo Thông báo số 908/TB-ĐHBD, các đơn vị như Phòng Tuyển sinh, Phòng Quản lý đào tạo và Công tác sinh viên, Phòng Bảo đảm chất lượng và Khảo thí, các Khoa và Viện cần tạo điều kiện cho nhân sự trực thuộc thực hiện đầy đủ công tác chăm sóc sinh viên.",,
TB_908,"Theo Thông báo số 908/TB-ĐHBD, yêu cầu cá nhân và đơn vị liên quan cần thực hiện như thế nào?","Theo Thông báo số 908/TB-ĐHBD, các đơn vị và cá nhân liên quan được yêu cầu thực hiện nghiêm túc theo đúng tinh thần của thông báo.",,
TB_906,Mục tiêu của Thông báo số 906/TB-ĐHBD ngày 15/9/2023 của Trường Đại học Bình Dương là gì?,"Thông báo số 906/TB-ĐHBD nhằm rà soát tiến độ đăng ký học phần và tổ chức kế hoạch đào tạo học kỳ 2 năm học 2023-2024, với mục tiêu tối ưu hóa công tác đào tạo và cải thiện thời gian tốt nghiệp của người học.",,
TB_906,"Theo Thông báo 906, các đơn vị đào tạo cần rà soát thông tin gì?","Theo Thông báo số 906, các đơn vị đào tạo cần rà soát tiến độ đăng ký môn học, chương trình đào tạo, kế hoạch các môn thực tập, thực tế và dự trù cơ sở vật chất phục vụ giảng dạy, học tập.",,
TB_906,Thời gian rà soát tiến độ đào tạo và đăng ký môn học theo Thông báo 906 là khi nào?,"Từ tháng 09/2023 đến ngày 30/9/2023, các đơn vị đào tạo thực hiện rà soát tiến độ đào tạo, tiến độ đăng ký môn học, và lập kế hoạch các môn thực tập, thực tế.",,
TB_906,"Theo Thông báo 906, thời hạn gửi kế hoạch và thời khoá biểu dự kiến về Phòng QLĐT&CTSV là khi nào?","Trước ngày 20/10/2023, các đơn vị đào tạo phải gửi kế hoạch và thời khóa biểu dự kiến về Phòng QLĐT&CTSV.",,
TB_906,Ai chịu trách nhiệm cập nhật dữ liệu giảng viên và thời khóa biểu vào phần mềm quản lý đào tạo theo Thông báo 906?,"Phòng QLĐT&CTSV chịu trách nhiệm cập nhật kế hoạch, thời khóa biểu và dữ liệu giảng viên vào phần mềm quản lý đào tạo trước ngày 07/11/2023.",,
TB_906,Thời gian tổ chức đăng ký môn học trực tuyến học kỳ 2 năm học 2023-2024 là khi nào theo Thông báo 906?,"Từ ngày 13/11/2023 đến ngày 16/11/2023, sinh viên sẽ đăng ký môn học trực tuyến tại Cổng thông tin sinh viên theo kế hoạch trong Thông báo số 906.",,
TB_906,"Theo Thông báo 906, quy định số tín chỉ đăng ký tối đa và tối thiểu đối với sinh viên khóa 2021 trở về trước là bao nhiêu?",Sinh viên khóa tuyển sinh năm 2021 trở về trước được đăng ký tối đa 25 tín chỉ và tối thiểu 10 tín chỉ trong học kỳ.,,
TB_906,"Theo Thông báo 906, sinh viên khóa 2022 trở đi được phép đăng ký tối đa bao nhiêu tín chỉ trong một học kỳ?",Sinh viên khóa tuyển sinh năm 2022 trở đi được phép đăng ký tối đa 17 tín chỉ và tối thiểu 10 tín chỉ mỗi học kỳ.,,
TB_906,Thời gian tổ chức giảng dạy học kỳ 2 năm học 2023-2024 theo Thông báo 906 là khi nào?,Việc tổ chức giảng dạy học kỳ 2 năm học 2023-2024 bắt đầu từ ngày 08/01/2024.,,
TB_906,"Theo Thông báo 906, sinh viên có thể đăng ký môn học bổ sung vào thời gian nào?","Từ ngày 05/12/2023 đến ngày 07/12/2023, sinh viên được đăng ký môn học bổ sung thông qua Cổng thông tin sinh viên.",,
TB_906,"Theo Thông báo 906, đơn vị nào chịu trách nhiệm tổng hợp thông tin rà soát và báo cáo Ban Giám hiệu?",Phòng QLĐT&CTSV là đơn vị chịu trách nhiệm tổng hợp thông tin từ các đơn vị đào tạo và báo cáo Ban Giám hiệu.,,
TB_906,"Thông báo 906 yêu cầu các đơn vị, cá nhân liên quan thực hiện như thế nào?","Thông báo số 906 yêu cầu các đơn vị, cá nhân liên quan thực hiện nghiêm túc các nội dung được phân công và báo cáo khó khăn về Phòng QLĐT&CTSV để trình Hiệu trưởng xem xét.",,
TB_906,"Theo Thông báo 906, sinh viên cần thực hiện rà soát dữ liệu đăng ký và học phí vào thời gian nào?","Từ ngày 25/12/2023, sinh viên cần rà soát dữ liệu đăng ký học phần và học phí phải nộp trên Cổng thông tin sinh viên.",,
TB_906,Thời gian sinh viên thực hiện nộp học phí học kỳ 2 năm học 2023-2024 theo Thông báo 906 là khi nào?,"Từ ngày 02/01/2024 đến ngày 19/01/2024, sinh viên thực hiện nộp học phí học kỳ theo hướng dẫn của Nhà trường trong Thông báo số 906.",,
TB_906,Các đơn vị nào nhận được Thông báo số 906/TB-ĐHBD?,"Thông báo số 906 được gửi đến các Khoa, Viện, Trung tâm; Phòng TCKT; Phòng QLĐT&CTSV; Phòng Tuyển sinh; đồng thời được đăng trên Cổng thông tin điện tử của Nhà trường.",,
TB_906,"Theo Thông báo 906, đơn vị nào lập kế hoạch dự trù cơ sở vật chất phục vụ giảng dạy học kỳ 2 năm học 2023-2024?",Các đơn vị đào tạo chịu trách nhiệm lập kế hoạch dự trù cơ sở vật chất và trang thiết bị phục vụ giảng dạy học kỳ 2 năm học 2023-2024.,,
TB_906,Thời điểm nào trong Thông báo 906 yêu cầu cập nhật phương pháp tổ chức giảng dạy cho từng môn học?,"Trước ngày 07/11/2023, Phòng QLĐT&CTSV cần cập nhật dữ liệu giảng viên và phương pháp tổ chức giảng dạy cho từng môn học tổ chức trong học kỳ.",,
TB_906,Sinh viên có thể nộp đơn đăng ký bổ sung học phần ngoài hệ thống trực tuyến trong thời gian nào theo Thông báo 906?,"Từ ngày 25/12/2023 đến ngày 18/01/2024, sinh viên có thể nộp đơn đăng ký bổ sung học phần theo hình thức offline nếu có nguyện vọng.",,
TB_906,Thông báo 906 yêu cầu các đơn vị phối hợp ra sao trong quá trình tổ chức đào tạo học kỳ 2?,Thông báo 906 yêu cầu các đơn vị đào tạo chủ động phối hợp với Phòng QLĐT&CTSV để đảm bảo thực hiện đúng kế hoạch đào tạo theo thời gian quy định.,,
TB_906,Đơn vị nào được phân công rà soát và hiệu chỉnh thời khóa biểu trước ngày 10/11/2023 theo Thông báo 906?,Các đơn vị đào tạo là đơn vị chính chịu trách nhiệm rà soát và hiệu chỉnh thời khóa biểu (nếu có thay đổi) trước ngày 10/11/2023.,,
TB_906,"Trong Thông báo 906, ai chịu trách nhiệm xử lý dữ liệu đăng ký môn học sau đăng ký bổ sung?","Các đơn vị đào tạo chịu trách nhiệm rà soát, xử lý dữ liệu đăng ký môn học sau khi sinh viên đăng ký bổ sung từ ngày 08/12/2023 đến ngày 21/12/2023.",,
TB_906,"Theo Thông báo 906, thời điểm bắt đầu giảng dạy học kỳ 2 năm học 2023-2024 là khi nào?","Thời điểm bắt đầu tổ chức giảng dạy học kỳ 2 năm học 2023-2024 là từ ngày 08/01/2024, theo kế hoạch của Trường Đại học Bình Dương.",,
TB_856,Mục đích của Thông báo số 856/TB-ĐHBD ngày 31/8/2023 là gì?,"Thông báo số 856/TB-ĐHBD nhằm thông báo về việc tuyển sinh liên thông từ trung cấp lên đại học và từ cao đẳng lên đại học, hình thức đào tạo chính quy, năm 2023 (bổ sung).",,
TB_856,"Theo Thông báo 856, đối tượng nào được tham gia tuyển sinh liên thông đại học năm 2023?",Người đã tốt nghiệp trình độ trung cấp hoặc cao đẳng thuộc giáo dục nghề nghiệp được dự tuyển và học liên thông lên trình độ đại học theo quy định hiện hành của Chính phủ và Trường Đại học Bình Dương.,,
TB_856,Người học liên thông có được xét công nhận giá trị chuyển đổi môn học không?,"Người học được xét công nhận giá trị chuyển đổi các môn học đã tích lũy nếu đáp ứng yêu cầu về khối lượng kiến thức, kỹ năng và chuẩn đầu ra so với chương trình đào tạo hiện hành.",,
TB_856,"Theo Thông báo 856, phạm vi tuyển sinh liên thông của Trường Đại học Bình Dương là ở đâu?",Phạm vi tuyển sinh liên thông năm 2023 của Trường Đại học Bình Dương là trên toàn quốc.,,
TB_856,Phương thức tuyển sinh liên thông đại học năm 2023 của Trường Đại học Bình Dương là gì?,Phương thức tuyển sinh là xét tuyển dựa trên kết quả học tập ở trình độ trung cấp hoặc cao đẳng.,,
TB_856,Trường Đại học Bình Dương tuyển sinh liên thông ngành nào theo Thông báo 856?,"Trường tuyển sinh liên thông ngành Công nghệ thông tin (mã ngành 7480201) và ngành Công nghệ kỹ thuật điện, điện tử (mã ngành 7510301).",,
TB_856,Chỉ tiêu tuyển sinh liên thông ngành Công nghệ thông tin là bao nhiêu theo Thông báo 856?,Ngành Công nghệ thông tin tuyển 30 chỉ tiêu cho hệ trung cấp lên đại học và 30 chỉ tiêu cho hệ cao đẳng lên đại học.,,
TB_856,Ngưỡng điều kiện xét tuyển liên thông năm 2023 là gì theo Thông báo 856?,"Điểm trung bình toàn khóa trình độ trung cấp hoặc cao đẳng phải đạt từ 5.00 trở lên theo thang điểm 10, hoặc từ 2.00 trở lên theo thang điểm 4.",,
TB_856,Thời gian đào tạo của hệ liên thông đại học theo Thông báo 856 là bao lâu?,"Thời gian đào tạo từ 1,5 đến 3 năm tùy theo ngành và trình độ đầu vào, mỗi năm học gồm 3 học kỳ.",,
TB_856,"Theo Thông báo 856, học phí của hệ liên thông được quy định như thế nào?","Học phí dự kiến: Mức 1 – 441.000 đồng (lý thuyết), Mức 2 – 535.000 đồng (lý thuyết + thực hành), Mức 3 – 630.000 đồng (thực hành).",,
TB_856,Thời gian tuyển sinh liên thông đợt 1 năm 2023 theo Thông báo 856 là khi nào?,Đợt 1 tuyển sinh từ ngày 06/9/2023 đến ngày 20/9/2023 và khai giảng vào ngày 25/9/2023.,,
TB_856,Thời gian tuyển sinh liên thông đợt 2 năm 2023 theo Thông báo 856 là khi nào?,Đợt 2 tuyển sinh từ ngày 01/10/2023 đến ngày 15/12/2023 và khai giảng vào ngày 25/12/2023.,,
TB_856,"Theo Thông báo 856, thí sinh có thể nộp hồ sơ tuyển sinh liên thông bằng những cách nào?",Thí sinh có thể nộp hồ sơ trực tiếp tại Trường Đại học Bình Dương hoặc gửi chuyển phát nhanh đến địa chỉ của Trường hoặc phân hiệu Cà Mau.,,
TB_856,Địa chỉ tiếp nhận hồ sơ tuyển sinh liên thông tại Bình Dương là gì?,"PHÒNG TUYỂN SINH – TRƯỜNG ĐẠI HỌC BÌNH DƯƠNG, Số 504 Đại lộ Bình Dương, Phường Hiệp Thành, TP. Thủ Dầu Một, Tỉnh Bình Dương.",,
TB_856,"Theo Thông báo 856, thông tin tuyển sinh liên thông được cập nhật ở đâu?","Thông tin tuyển sinh được cập nhật tại các website: www.bdu.edu.vn, https://tuyensinh.bdu.edu.vn và https://camau.bdu.edu.vn/.",,
TB_856,"Theo Thông báo 856, người học liên thông cần làm gì nếu môn học đã tích lũy không đủ điều kiện chuyển đổi?","Nếu môn học đã tích lũy không đủ điều kiện chuyển đổi, người học phải đăng ký học lại và tích lũy theo quy định của Bộ Giáo dục và Đào tạo và Trường Đại học Bình Dương.",,
TB_856,"Theo Thông báo 856, mỗi năm học liên thông tại Trường Đại học Bình Dương có bao nhiêu học kỳ?","Mỗi năm học trong chương trình liên thông có 3 học kỳ, theo thông tin từ Thông báo 856/TB-ĐHBD.",,
TB_856,"Theo Thông báo 856, chỉ tiêu tuyển sinh liên thông ngành Công nghệ kỹ thuật điện, điện tử là bao nhiêu?","Ngành Công nghệ kỹ thuật điện, điện tử có chỉ tiêu là 19 (từ trung cấp lên đại học) và 30 (từ cao đẳng lên đại học).",,
TB_856,Thông báo 856 do đơn vị nào ban hành và vào thời điểm nào?,Thông báo số 856/TB-ĐHBD được Trường Đại học Bình Dương ban hành ngày 31 tháng 8 năm 2023.,,
TB_856,"Theo Thông báo 856, nơi tiếp nhận hồ sơ tuyển sinh liên thông tại tỉnh Cà Mau là ở đâu?","Phân hiệu Trường Đại học Bình Dương tại Cà Mau, địa chỉ: Số 3, Đường Lê Thị Riêng, Phường 5, TP. Cà Mau, Tỉnh Cà Mau.",,
TB_856,"Theo Thông báo 856, liên hệ số điện thoại nào để được tư vấn tuyển sinh liên thông tại Bình Dương?","Các số điện thoại liên hệ tại cơ sở Bình Dương là: (0274) 3822 058, 3870 260, 730 3399 hoặc hotline: 0933.288.539, 0963.012.116, 0933.912.339.",,
TB_856,"Theo Thông báo 856, liên hệ số điện thoại nào để được tư vấn tuyển sinh liên thông tại Cà Mau?","Các số điện thoại liên hệ tại Phân hiệu Cà Mau là: (0290) 3552177, 3997777, 3683999.",,
TB_856,"Theo Thông báo 856, thông báo được gửi đến những đơn vị nào trong Trường Đại học Bình Dương?","Thông báo số 856 được gửi đến Bộ Giáo dục và Đào tạo, Hội đồng tuyển sinh, các đơn vị liên quan thực hiện và được đăng trên Cổng thông tin điện tử của Trường.",,
TB_770,Thời gian nghỉ lễ Quốc khánh 2/9 năm 2023 theo Thông báo số 770 của Trường Đại học Bình Dương là khi nào?,"Toàn thể cán bộ, giảng viên, nhân viên, sinh viên, học viên Trường Đại học Bình Dương được nghỉ lễ từ Thứ Sáu ngày 01/9/2023 đến hết Thứ Hai ngày 04/9/2023.",,
TB_770,"Theo Thông báo 770, các bộ phận tuyển sinh có nghỉ trong dịp Quốc khánh 2/9 không?","Các bộ phận, cán bộ, nhân viên thực hiện công tác tuyển sinh vẫn làm việc bình thường theo lịch và nhiệm vụ được phân công, ngay cả trong thời gian nghỉ lễ Quốc khánh 2/9.",,
TB_770,Những cán bộ nào của Trường Đại học Bình Dương làm việc ngày 04/9/2023 theo Thông báo 770?,"Cán bộ, nhân viên thuộc các đơn vị chuẩn bị cho Lễ khai giảng năm học 2023-2024 và Lễ công bố Giấy chứng nhận kiểm định chất lượng giáo dục có kế hoạch làm việc vào ngày 04/9/2023.",,
TB_770,"Theo Thông báo 770, đơn vị nào chịu trách nhiệm tăng cường công tác an ninh trong dịp nghỉ lễ?",Tổ bảo vệ có trách nhiệm tăng cường công tác canh gác và đảm bảo an ninh trật tự trong toàn bộ thời gian nghỉ lễ Quốc khánh 2/9 năm 2023.,,
TB_770,"Theo Thông báo 770, đơn vị nào phụ trách kiểm tra niêm phong phòng làm việc và phòng thí nghiệm?",Phòng Thanh tra - Pháp chế và Kiểm toán nội bộ phối hợp với Tổ bảo vệ chịu trách nhiệm kiểm tra và giám sát việc niêm phong các phòng làm việc và phòng thí nghiệm trong dịp nghỉ lễ.,,
TB_770,Cán bộ các đơn vị cần liên hệ ai để nhận giấy niêm phong trước kỳ nghỉ lễ Quốc khánh 2/9?,Cán bộ các đơn vị cần liên hệ ông Nguyễn Tùng Lâm – Phụ trách Bộ phận quản trị thiết bị thuộc Phòng Tổng hợp để nhận giấy niêm phong.,,
TB_770,"Theo Thông báo 770, các đơn vị cần làm gì để đảm bảo an toàn và vệ sinh trong kỳ nghỉ lễ Quốc khánh 2/9?","Các đơn vị cần tắt toàn bộ thiết bị điện, dọn dẹp phòng làm việc, giảng đường, sân bãi để đảm bảo vệ sinh và an toàn phòng cháy chữa cháy trong dịp nghỉ lễ.",,
TB_770,Tổ bảo vệ và Tổ vệ sinh cần thực hiện trách nhiệm gì theo Thông báo 770 trong kỳ nghỉ lễ 2/9?,"Tổ bảo vệ và Tổ vệ sinh phải lập danh sách trực từ ngày 01/9 đến 04/9/2023, ghi rõ họ tên, số điện thoại và thời gian trực của từng người, gửi về Phòng Thanh tra - Pháp chế và Kiểm toán nội bộ trước ngày 30/8/2023.",,
TB_770,"Theo Thông báo 770, Phân hiệu Trường Đại học Bình Dương tại Cà Mau cần thực hiện điều gì?","Phân hiệu Trường Đại học Bình Dương tại Cà Mau thông báo đến toàn thể cán bộ, giảng viên thực hiện nghiêm túc theo tinh thần chung của Nhà trường về nghỉ lễ Quốc khánh 2/9.",,
TB_770,"Theo Thông báo 770, ai có trách nhiệm nhận và sử dụng giấy niêm phong thiết bị trong dịp nghỉ lễ Quốc khánh 2/9?",Các đơn vị trong Trường Đại học Bình Dương có trách nhiệm liên hệ ông Nguyễn Tùng Lâm – Phụ trách Bộ phận quản trị thiết bị của Phòng Tổng hợp để nhận giấy niêm phong.,,
TB_770,"Theo Thông báo 770, ai chịu trách nhiệm giám sát việc trực của Tổ bảo vệ và Tổ vệ sinh trong kỳ nghỉ lễ Quốc khánh 2/9?",Phòng Thanh tra - Pháp chế và Kiểm toán nội bộ chịu trách nhiệm tiếp nhận danh sách trực và giám sát việc trực của Tổ bảo vệ và Tổ vệ sinh trong kỳ nghỉ lễ.,,
TB_770,"Theo Thông báo 770, hạn chót để gửi danh sách trực bảo vệ và vệ sinh là ngày nào?",Tổ bảo vệ và Tổ vệ sinh phải gửi danh sách trực bảo vệ và trực vệ sinh về Phòng Thanh tra - Pháp chế và Kiểm toán nội bộ trước ngày 30/8/2023.,,
KH_772,Mục đích của Kế hoạch Kiểm tra Cơ sở Vật chất năm học 2023–2024 là gì?,"Kế hoạch nhằm kiểm tra, khảo sát hiện trạng và chất lượng cơ sở vật chất, trang thiết bị phục vụ giảng dạy và học tập tại Trường Đại học Bình Dương, làm căn cứ để đánh giá hiệu quả quản lý và đề xuất sửa chữa, bổ sung kịp thời.",,
KH_772,"Theo Kế hoạch số KH_772, việc kiểm tra cơ sở vật chất yêu cầu đảm bảo điều gì?","Việc kiểm tra phải khách quan, trung thực, có sự tham gia của các bộ phận quản lý, sử dụng và bảo vệ cơ sở vật chất.",,
KH_772,Thời gian kiểm tra thực tế cơ sở vật chất của Trường Đại học Bình Dương được thực hiện khi nào?,Thời gian kiểm tra thực tế diễn ra từ ngày 15/8/2023 đến ngày 16/8/2023.,,
KH_772,"Theo Kế hoạch KH_772, hạn chót để tổng hợp và báo cáo kết quả kiểm tra cơ sở vật chất là khi nào?",Việc báo cáo tổng hợp kết quả kiểm tra cơ sở vật chất phải hoàn thành trước ngày 20/8/2023.,,
KH_772,Ai là Trưởng Ban kiểm tra cơ sở vật chất trong Kế hoạch năm học 2023–2024?,GS.TS Cao Việt Hiếu – Hiệu trưởng Trường Đại học Bình Dương là Trưởng Ban kiểm tra cơ sở vật chất.,,
KH_772,Ai là Phó Trưởng Ban kiểm tra cơ sở vật chất theo Kế hoạch năm học 2023–2024?,TS. Đỗ Đoan Trang – Phó Hiệu trưởng Thường trực là Phó Trưởng Ban kiểm tra cơ sở vật chất.,,
KH_772,"Theo Kế hoạch KH_772, những khu vực nào được kiểm tra vào ngày 15/8/2023?","Ngày 15/8/2023, đoàn kiểm tra tiến hành kiểm tra phòng học, giảng đường và sân bãi tại khu A, B và C của Trường Đại học Bình Dương.",,
KH_772,"Theo Kế hoạch KH_772, những khu vực nào được kiểm tra vào ngày 16/8/2023?","Ngày 16/8/2023, đoàn kiểm tra kiểm tra tại Cơ sở Hoàng Hoa Thám và Cơ sở 2 – Khoa Dược.",,
KH_772,Ai phụ trách tổng hợp số liệu và báo cáo kết quả kiểm tra cơ sở vật chất?,Thầy Huỳnh Hồng Phúc và Thầy Nguyễn Tùng Lâm phụ trách tổng hợp số liệu và báo cáo kết quả kiểm tra cơ sở vật chất.,,
KH_772,Kế hoạch kiểm tra cơ sở vật chất năm học 2023–2024 được ký bởi ai và vào ngày nào?,Kế hoạch được ký bởi Phó Hiệu trưởng Thường trực – TS. Đỗ Đoan Trang vào ngày 15 tháng 8 năm 2023.,,
KH_772,"Theo Kế hoạch KH_772, báo cáo kiểm tra cơ sở vật chất được gửi đến những đơn vị nào?","Báo cáo được gửi đến Ban Giám hiệu, Phòng Tổng hợp, Phòng Quản lý Đào tạo & CTSV, Phòng Thanh tra – Pháp chế & Kiểm toán nội bộ, và lưu tại VTLT&TV (Tùng Lâm).",,
KH_772,"Theo Kế hoạch KH_772, ai phụ trách kiểm tra phòng học tại khu Cơ sở Hoàng Hoa Thám và Cơ sở 2 – Khoa Dược?","Thầy Huỳnh Hồng Phúc, Thầy Ngô Duy Viễn và Thầy Võ Minh Triết là những người trực tiếp kiểm tra khu Cơ sở Hoàng Hoa Thám và Cơ sở 2 – Khoa Dược vào ngày 16/8/2023.",,
KH_772,"Theo Kế hoạch KH_772, ai là ủy viên thuộc Phòng Quản lý Đào tạo và Công tác sinh viên trong Ban kiểm tra?",ThS. Thái Thanh Hùng và Thầy Ngô Duy Viễn là ủy viên thuộc Phòng Quản lý Đào tạo và Công tác sinh viên trong Ban kiểm tra cơ sở vật chất.,,
KH_772,"Theo Kế hoạch KH_772, ai là ủy viên thuộc Phòng Thanh tra – Pháp chế và Kiểm toán nội bộ trong Ban kiểm tra?",Thầy Nguyễn Tùng Lâm và Thầy Võ Minh Triết là ủy viên thuộc Phòng Thanh tra – Pháp chế và Kiểm toán nội bộ trong Ban kiểm tra cơ sở vật chất.,,
KH_772,Thầy Huỳnh Hồng Phúc giữ vai trò gì trong Kế hoạch kiểm tra cơ sở vật chất năm học 2023–2024?,"Thầy Huỳnh Hồng Phúc là Tổ trưởng Bộ phận Quản trị Thiết bị, đồng thời là thành viên thực hiện kiểm tra tại các cơ sở và tổng hợp báo cáo kết quả.",,
TB_764,"Theo Thông báo TB_764, đối tượng nào được tổ chức khám sức khỏe định kỳ trong năm 2023?",Đối tượng được tổ chức khám sức khỏe định kỳ là tân sinh viên khóa 26 của Trường Đại học Bình Dương.,,
TB_764,"Theo Thông báo TB_764, thời gian tổ chức khám sức khỏe cho tân sinh viên khóa 26 là khi nào?",Khám sức khỏe cho tân sinh viên khóa 26 dự kiến được tổ chức từ ngày 29/11/2023 đến ngày 30/11/2023.,,
TB_764,"Theo Thông báo TB_764, đơn vị nào chịu trách nhiệm chuyên môn trong việc khám sức khỏe cho tân sinh viên năm 2023?",Phòng khám đa khoa Thuận Thảo là đơn vị chịu trách nhiệm chuyên môn trong việc khám sức khỏe cho tân sinh viên năm 2023.,,
TB_764,"Theo Thông báo TB_764, sinh viên khoá 26 cần chuẩn bị gì trước khi đi khám sức khỏe?",Sinh viên khoá 26 bắt buộc phải chuẩn bị 01 ảnh 4x6 để dán vào hồ sơ khám sức khỏe.,,
TB_764,"Theo Thông báo TB_764, khám sức khỏe cho tân sinh viên bao gồm bao nhiêu bước?","Khám sức khỏe cho tân sinh viên gồm 5 bước: ghi hồ sơ, đo các chỉ số, khám lâm sàng, khám sản phụ khoa (đối với nữ), và kết luận tư vấn sức khỏe.",,
TB_764,"Theo Thông báo TB_764, đơn vị nào phối hợp với Phòng khám đa khoa Thuận Thảo để hướng dẫn sinh viên trong quá trình khám?",Trạm Y tế của Trường Đại học Bình Dương phối hợp với Phòng khám đa khoa Thuận Thảo để hướng dẫn sinh viên trong quá trình khám sức khỏe.,,
TB_764,"Theo Thông báo TB_764, đơn vị nào chịu trách nhiệm lưu trữ hồ sơ khám sức khỏe và cấp giấy chứng nhận sức khỏe cho sinh viên?",Phòng Quản lý Đào tạo và Công tác sinh viên là đơn vị lưu trữ hồ sơ và cấp giấy chứng nhận sức khỏe cho sinh viên.,,
TB_764,"Theo Thông báo TB_764, đơn vị nào thực hiện dự trù kinh phí và chuẩn bị cơ sở vật chất phục vụ khám sức khỏe?","Phòng Tổng hợp, có phối hợp Ban Tài chính, thực hiện dự trù kinh phí và chuẩn bị cơ sở vật chất theo yêu cầu cho công tác khám sức khỏe.",,
TB_764,"Theo Thông báo TB_764, đơn vị nào chịu trách nhiệm kế toán và thanh toán các thủ tục liên quan đến khám sức khỏe?",Phòng Tài chính chịu trách nhiệm thực hiện kế toán và thanh toán các thủ tục liên quan đến khám sức khỏe theo quy định hiện hành.,,
TB_764,"Theo Thông báo TB_764, đơn vị nào chịu trách nhiệm thông báo và đôn đốc sinh viên thực hiện đúng quy định khám sức khỏe?","Các Khoa, Viện, Trung tâm có trách nhiệm thông báo thời gian khám đến sinh viên và đôn đốc, nhắc nhở sinh viên thực hiện đúng quy định.",,
TB_764,"Theo Thông báo TB_764, đơn vị nào giám sát và bảo vệ trật tự trong quá trình khám sức khỏe?",Phòng Thanh tra và Kiểm toán nội bộ chịu trách nhiệm giám sát và đảm bảo trật tự trong quá trình khám sức khỏe tân sinh viên.,,
TB_764,"Theo Thông báo TB_764, ai ký ban hành thông báo tổ chức khám sức khỏe cho tân sinh viên năm 2023?",Thông báo tổ chức khám sức khỏe cho tân sinh viên năm 2023 được ký bởi KT. Phó Hiệu trưởng thường trực – Đỗ Đoan Trang.,,
TB_764,"Theo Thông báo TB_764, đơn vị nào hỗ trợ tư vấn và hướng dẫn sinh viên về hồ sơ xét tuyển đầu vào trong quá trình khám sức khỏe?",Phòng Tuyển sinh là đơn vị hỗ trợ tư vấn và hướng dẫn sinh viên về hồ sơ xét tuyển đầu vào trong quá trình khám sức khỏe.,,
TB_764,"Theo Thông báo TB_764, đơn vị nào tiếp nhận kết quả và tổng hợp danh sách sinh viên khám sức khỏe?",Trạm Y tế và Phòng khám đa khoa Thuận Thảo là các đơn vị tiếp nhận kết quả và tổng hợp danh sách sinh viên đã khám sức khỏe.,,
TB_714,Sinh viên khóa 2021 đăng ký môn học học kỳ 1 năm học 2024–2025 vào ngày nào?,"Theo Thông báo số 714/TB-ĐHBD, sinh viên khóa tuyển sinh năm 2021 trở về trước đăng ký môn học trực tuyến vào ngày 22/7/2024.",,
TB_714,Thời gian mở Cổng đăng ký môn học theo Thông báo số 714 là mấy giờ?,"Theo Thông báo số 714/TB-ĐHBD, Cổng đăng ký môn học mở từ 09h00 đến 21h00 trong khung thời gian quy định.",,
TB_714,Sinh viên có thể đăng ký bổ sung môn học học kỳ 1 năm học 2024–2025 vào thời gian nào?,"Theo Thông báo số 714/TB-ĐHBD, sinh viên được đăng ký bổ sung vào ngày 01/8/2024 và 02/8/2024.",,
TB_714,Sinh viên cần làm gì nếu không thể hoàn thành học phí đúng hạn trong kỳ đăng ký môn học học kỳ 1 năm học 2024–2025?,"Theo Thông báo số 714/TB-ĐHBD, sinh viên phải làm đơn gia hạn học phí theo hướng dẫn tại thông báo nộp học phí.",,
TB_714,Trường hợp nào sinh viên phải nộp phí dịch vụ đăng ký môn học bổ sung theo Thông báo số 714?,"Theo Thông báo số 714/TB-ĐHBD, sinh viên phải nộp phí dịch vụ nếu không đăng ký môn học trong thời gian mở Cổng hoặc có thay đổi so với đơn đăng ký đã duyệt.",,
TB_714,"Khi muốn hủy đăng ký môn học học kỳ 1 năm học 2024–2025, sinh viên cần lưu ý điều gì?","Theo Thông báo số 714/TB-ĐHBD, sinh viên chỉ được hủy môn học không có trong kế hoạch đào tạo của khóa học và phải thực hiện đúng quy trình bằng mẫu đơn SV24.04.",,
TB_714,Sinh viên phải chuẩn bị gì để đăng ký môn học thuận lợi theo Thông báo số 714?,"Theo Thông báo số 714/TB-ĐHBD, sinh viên cần chuẩn bị kế hoạch học tập cá nhân, sử dụng máy vi tính có kết nối mạng ổn định, bảo mật tài khoản và lưu lại thông tin sau khi đăng ký.",,
TB_714,Trường sẽ xử lý thế nào nếu nhóm môn học không đủ điều kiện tổ chức lớp?,"Theo Thông báo số 714/TB-ĐHBD, nhà trường sẽ chủ động chuyển sinh viên sang nhóm khác phù hợp, sinh viên có quyền xóa nếu không đồng ý kết quả chuyển trong thời gian đăng ký bổ sung.",,
TB_714,"Nếu sinh viên gặp lỗi kỹ thuật khi đăng ký môn học theo Thông báo số 714, cần làm gì?","Theo Thông báo số 714/TB-ĐHBD, sinh viên phải chụp màn hình lỗi và liên hệ ngay Bộ phận một cửa để được hỗ trợ.",,
TB_714,Sinh viên khóa tuyển sinh năm 2022 đăng ký môn học học kỳ 1 năm học 2024–2025 vào ngày nào?,"Theo Thông báo số 714/TB-ĐHBD, sinh viên khóa tuyển sinh năm 2022 đăng ký môn học trực tuyến vào ngày 23/7/2024.",,
TB_714,Sinh viên khóa 2023 được đăng ký môn học học kỳ 1 năm học 2024–2025 vào những ngày nào?,"Theo Thông báo số 714/TB-ĐHBD, sinh viên khóa tuyển sinh năm 2023 đăng ký môn học trực tuyến vào ngày 24/7/2024 và ngày 25/7/2024.",,
TB_714,Sinh viên cần kiểm tra tài khoản để chuẩn bị đăng ký môn học vào thời gian nào?,"Theo Thông báo số 714/TB-ĐHBD, sinh viên kiểm tra tài khoản đăng ký môn học từ ngày 16/7/2024 đến ngày 19/7/2024.",,
TB_714,Sinh viên có thể hủy hoặc bổ sung đăng ký môn học trực tiếp tại bộ phận một cửa vào thời gian nào?,"Theo Thông báo số 714/TB-ĐHBD, sinh viên thực hiện bổ sung hoặc hủy đăng ký môn học tại bộ phận một cửa từ ngày 19/8/2024 đến ngày 03/9/2024.",,
TB_714,Sinh viên nộp học phí học kỳ 1 năm học 2024–2025 vào thời gian nào?,"Theo Thông báo số 714/TB-ĐHBD, sinh viên nộp học phí từ ngày 19/8/2024 đến ngày 09/9/2024.",,
TB_714,Sinh viên phải làm gì nếu nhóm môn học đã đăng ký bị hủy do không đủ điều kiện mở lớp?,"Theo Thông báo số 714/TB-ĐHBD, sinh viên có thể đăng ký môn học khác để tích lũy trong thời gian đăng ký bổ sung mà không bị thu phí dịch vụ.",,
TB_714,Trường hợp nào sinh viên không bị thu phí dịch vụ khi đăng ký lại môn học?,"Theo Thông báo số 714/TB-ĐHBD, sinh viên không bị thu phí nếu môn học đã đăng ký bị hủy do không đủ điều kiện tổ chức lớp hoặc nếu sinh viên chỉ thực hiện hủy môn học.",,
TB_714,"Sau khi nộp đơn đăng ký bổ sung, sinh viên cần kiểm tra dữ liệu đăng ký ở đâu và khi nào?","Theo Thông báo số 714/TB-ĐHBD, sau 3 ngày làm việc kể từ khi nộp đơn, sinh viên truy cập Cổng thông tin sinh viên để kiểm tra lại dữ liệu đăng ký môn học, thời khóa biểu và học phí.",,
TB_714,Sinh viên phải sử dụng thiết bị nào để đăng ký môn học hiệu quả theo Thông báo số 714?,"Theo Thông báo số 714/TB-ĐHBD, sinh viên nên sử dụng máy vi tính thay vì điện thoại để đảm bảo hiển thị đầy đủ thông tin khi đăng ký môn học.",,
TB_696,"Cán bộ, giảng viên, nhân viên và sinh viên Trường Đại học Bình Dương cần làm gì theo Thông báo số 696/TB-ĐHBD?","Theo Thông báo số 696/TB-ĐHBD, toàn thể cán bộ, giảng viên, nhân viên và sinh viên Trường Đại học Bình Dương phải cài đặt ứng dụng VNeID và thực hiện kích hoạt tài khoản định danh điện tử mức độ 2.",,
TB_696,Đoàn Công đoàn cơ sở và Đoàn Thanh niên - Hội sinh viên Trường Đại học Bình Dương có nhiệm vụ gì theo Thông báo số 696/TB-ĐHBD?,"Theo Thông báo số 696/TB-ĐHBD, các tổ chức này có trách nhiệm tuyên truyền về mục đích, ý nghĩa, lợi ích của việc cài đặt và sử dụng ứng dụng VNeID, đồng thời vận động toàn thể cán bộ, giảng viên, nhân viên và sinh viên tham gia.",,
TB_696,Lãnh đạo các đơn vị thuộc Trường Đại học Bình Dương có trách nhiệm gì trong việc triển khai VNeID theo Thông báo số 696/TB-ĐHBD?,"Theo Thông báo số 696/TB-ĐHBD, lãnh đạo các đơn vị có trách nhiệm theo dõi, đôn đốc việc cài đặt ứng dụng VNeID và kích hoạt tài khoản định danh điện tử mức độ 2 của cán bộ, giảng viên, nhân viên và sinh viên thuộc đơn vị mình.",,
TB_696,Sinh viên Trường Đại học Bình Dương có được khuyến khích vận động người thân thực hiện cài đặt VNeID không?,"Theo Thông báo số 696/TB-ĐHBD, sinh viên Trường Đại học Bình Dương được khuyến khích vận động người thân cùng thực hiện cài đặt ứng dụng VNeID và kích hoạt tài khoản định danh điện tử mức độ 2.",,
TB_696,Thông báo số 696/TB-ĐHBD nhấn mạnh mức độ quan trọng như thế nào trong việc thực hiện cài đặt và kích hoạt tài khoản định danh điện tử?,"Theo Thông báo số 696/TB-ĐHBD, đây là nội dung rất quan trọng và Nhà trường yêu cầu toàn thể cán bộ, nhân viên, giảng viên và sinh viên thực hiện nghiêm túc.",,
TB_696,Tại sao Trường Đại học Bình Dương triển khai việc cài đặt ứng dụng VNeID theo Thông báo số 696/TB-ĐHBD?,"Theo Thông báo số 696/TB-ĐHBD, việc triển khai nhằm hưởng ứng chủ trương chuyển đổi số quốc gia và tạo thuận lợi cho cá nhân trong các giao dịch hành chính điện tử.",,
TB_696,Ứng dụng VNeID có liên quan gì đến định danh điện tử theo Thông báo số 696/TB-ĐHBD?,"Theo Thông báo số 696/TB-ĐHBD, ứng dụng VNeID là công cụ để người dùng tích hợp và kích hoạt tài khoản định danh điện tử mức độ 2.",,
TB_696,Trường Đại học Bình Dương yêu cầu mức định danh điện tử nào theo Thông báo số 696/TB-ĐHBD?,"Theo Thông báo số 696/TB-ĐHBD, Nhà trường yêu cầu thực hiện đăng ký và kích hoạt tài khoản định danh điện tử mức độ 2.",,
TB_696,"Thông báo số 696/TB-ĐHBD yêu cầu cán bộ, giảng viên, nhân viên và sinh viên Trường Đại học Bình Dương gương mẫu thực hiện điều gì?","Theo Thông báo số 696/TB-ĐHBD, cán bộ, giảng viên, nhân viên và sinh viên phải gương mẫu đăng ký CCCD gắn chip, cài đặt VNeID và kích hoạt tài khoản định danh điện tử mức độ 2.",,
TB_696,"Theo Thông báo số 696/TB-ĐHBD, ai là người ban hành công văn gốc được Trường Đại học Bình Dương triển khai?",Thông báo số 696/TB-ĐHBD được Trường Đại học Bình Dương ban hành theo Công văn số 191/UBND ngày 26/7/2023 của UBND Phường Hiệp Thành.,,
TB_674,Mục đích của khảo sát theo Thông báo số 674 là gì?,"Theo Thông báo số 674, mục đích khảo sát là thu thập ý kiến, đánh giá việc thực hiện và đề xuất sửa đổi, bổ sung Nghị định 84/2020/NĐ-CP nhằm hoàn thiện quy định pháp luật về giáo dục.",,
TB_674,Thông báo số 674 yêu cầu những ai tham gia khảo sát Nghị định 84/2020/NĐ-CP?,"Theo Thông báo số 674, giảng viên cơ hữu toàn trường, bao gồm cả giảng viên tại Phân hiệu, phải tham gia khảo sát Nghị định 84/2020/NĐ-CP.",,
TB_674,Thời hạn cuối cùng giảng viên Trường Đại học Bình Dương phải hoàn thành khảo sát theo Thông báo số 674 là khi nào?,"Theo Thông báo số 674, giảng viên phải hoàn thành khảo sát trước ngày 14/7/2024 (Chủ nhật).",,
TB_674,Hình thức khảo sát Nghị định 84/2020/NĐ-CP được quy định như thế nào trong Thông báo số 674?,"Theo Thông báo số 674, khảo sát được thực hiện trực tuyến thông qua liên kết https://bit.ly/khaosat84.",,
TB_674,Thông báo số 674 yêu cầu các đơn vị trong trường thực hiện nhiệm vụ gì liên quan đến khảo sát?,"Theo Thông báo số 674, các đơn vị phải chủ động nhắc nhở giảng viên thuộc phạm vi quản lý thực hiện nghiêm túc khảo sát theo đúng thời gian quy định.",,
TB_674,Nội dung khảo sát theo Thông báo số 674 tập trung vào các quy định nào trong Nghị định 84/2020/NĐ-CP?,"Theo Thông báo số 674, khảo sát tập trung vào các quy định về chính sách nhà giáo, chuyển đổi loại hình cơ sở giáo dục, học bổng khuyến khích học tập, học bổng chính sách, miễn giảm dịch vụ công và các vướng mắc khác.",,
TB_674,Giảng viên Trường Đại học Bình Dương có thể góp ý điều gì trong khảo sát theo Thông báo số 674?,"Theo Thông báo số 674, giảng viên có thể góp ý các khó khăn, vướng mắc trong quá trình thực hiện Luật Giáo dục 2019 và đề xuất, kiến nghị bổ sung ngoài các nội dung đã nêu.",,
TB_674,"Theo Thông báo số 674, kết quả khảo sát sẽ được dùng cho mục đích gì?","Theo Thông báo số 674, kết quả khảo sát sẽ được tổng hợp, gửi Bộ Giáo dục và Đào tạo để nghiên cứu phục vụ quá trình sửa đổi, hoàn thiện các quy định pháp luật về giáo dục.",,
TB_674,Cơ sở pháp lý nào được nêu trong Thông báo số 674 để tổ chức khảo sát Nghị định 84/2020/NĐ-CP?,"Theo Thông báo số 674, khảo sát được thực hiện dựa trên Công văn số 3031/BGDĐT-PC ngày 19/6/2024 và Kế hoạch số 414/KH-BGDĐT ngày 25/4/2024 của Bộ Giáo dục và Đào tạo.",,
TB_674,Đối tượng nào ngoài giảng viên được liệt kê trong Thông báo số 674 là thành phần tham gia khảo sát?,"Theo Thông báo số 674, đối tượng tham gia khảo sát gồm cán bộ quản lý, công chức, viên chức, học sinh, sinh viên, học viên, nghiên cứu sinh và các cơ sở giáo dục các cấp.",,
TB_674,Thông báo số 674 có nêu trách nhiệm gì của đơn vị trực thuộc Trường Đại học Bình Dương?,"Theo Thông báo số 674, đơn vị trực thuộc phải tổng hợp kết quả khảo sát và gửi về Trường Đại học Bình Dương theo đúng quy định.",,
TB_674,Các nội dung khảo sát nào trong Thông báo số 674 liên quan đến học bổng khuyến khích học tập?,"Theo Thông báo số 674, khảo sát học bổng khuyến khích học tập gồm đánh giá đối tượng thụ hưởng, mức học bổng, nguồn kinh phí và quy trình xét, cấp học bổng theo Điều 8 của Nghị định 84/2020/NĐ-CP.",,
TB_674,"Theo Thông báo số 674, quy định nào được khảo sát về học bổng chính sách?","Theo Thông báo số 674, khảo sát học bổng chính sách gồm đánh giá đối tượng thụ hưởng, nguyên tắc cấp, hồ sơ hưởng, quy trình xét và thời gian cấp học bổng theo Điều 9 của Nghị định 84/2020/NĐ-CP.",,
TB_674,Thông báo số 674 yêu cầu khảo sát điều gì liên quan đến miễn giảm giá dịch vụ công?,"Theo Thông báo số 674, khảo sát yêu cầu đánh giá các quy định liên quan đến việc miễn, giảm giá dịch vụ công cho học sinh, sinh viên theo Điều 10 của Nghị định 84/2020/NĐ-CP.",,
TB_693,Đối tượng nào phải tham gia khảo sát ý kiến người học theo Thông báo số 693?,"Theo Thông báo số 693, tất cả học viên có tham gia học tập tại học kỳ 2 năm học 2022–2023 đều phải tham gia khảo sát.",,
TB_693,Khảo sát ý kiến người học theo Thông báo số 693 diễn ra trong khoảng thời gian nào?,"Theo Thông báo số 693, khảo sát diễn ra từ ngày 01/08/2023 (Thứ ba) đến ngày 14/08/2023 (Thứ hai).",,
TB_693,Sinh viên thực hiện khảo sát theo Thông báo số 693 bằng hình thức nào?,"Theo Thông báo số 693, sinh viên thực hiện khảo sát online tại Cổng thông tin sinh viên (sv.bdu.edu.vn).",,
TB_693,"Nếu không thực hiện khảo sát theo Thông báo số 693, sinh viên sẽ bị ảnh hưởng gì?","Theo Thông báo số 693, học viên không thực hiện khảo sát sẽ không xem được điểm học kỳ 2 năm học 2022–2023.",,
TB_693,"Theo Thông báo số 693, sinh viên cần sử dụng tài khoản gì để tham gia khảo sát?","Theo Thông báo số 693, sinh viên phải sử dụng tài khoản học viên để đăng nhập Cổng thông tin sinh viên và thực hiện khảo sát.",,
TB_693,"Khi gặp sự cố không đăng nhập được để khảo sát, sinh viên liên hệ đâu theo Thông báo số 693?","Theo Thông báo số 693, sinh viên gửi email đến địa chỉ dvttrang.bolt@bdu.edu.vn để được hỗ trợ kỹ thuật khi không đăng nhập được.",,
TB_693,"Thông báo số 693 được gửi đến những đối tượng, đơn vị nào trong Trường Đại học Bình Dương?","Theo Thông báo số 693, thông báo được gửi đến Ban Giám hiệu, các phòng ban, khoa liên quan, học viên và đăng tải trên Cổng thông tin điện tử của Trường.",,
TB_693,Ai là người ký thông báo số 693 về khảo sát ý kiến người học?,Thông báo số 693 được ký bởi Phó Hiệu trưởng thường trực Trường Đại học Bình Dương – Đỗ Đoan Trang.,,
TB_656,Chủ đề chính của Hội thảo Khoa học Quốc tế ISC 2023 do Trường Đại học Bình Dương tổ chức là gì?,Chủ đề chính của Hội thảo ISC 2023 là 'Thúc đẩy năng lực học tập và nghiên cứu khoa học của người học thích ứng với chuyển đổi số và trí tuệ nhân tạo'.,,
TB_656,Hội thảo ISC 2023 hướng đến những đối tượng nào?,"Hội thảo gửi lời mời đến các nhà nghiên cứu, giảng viên đại học, cao đẳng, các nhà khoa học, cán bộ giảng viên, sinh viên, các trường đại học, cơ sở giáo dục, các đồng nghiệp và đại biểu trong và ngoài nước.",,
TB_656,Hội thảo ISC 2023 tập trung vào các lĩnh vực nghiên cứu nào?,"Hội thảo tập trung vào các lĩnh vực: Kinh tế, Tài chính & Quản trị kinh doanh; Khoa học công nghệ & Kỹ thuật; Khoa học xã hội & nhân văn; Luật pháp; Công nghệ sinh học, Thực phẩm & Dược – với trọng tâm là ứng dụng công nghệ số và AI.",,
TB_656,Thời gian tổ chức và địa điểm diễn ra Hội thảo ISC 2023 là khi nào và ở đâu?,"Hội thảo ISC 2023 dự kiến tổ chức vào ngày 16/9/2023 tại Trường Đại học Bình Dương, số 504 Đại lộ Bình Dương, Phường Hiệp Thành, Thành phố Thủ Dầu Một, tỉnh Bình Dương.",,
TB_656,Ban tổ chức Hội thảo ISC 2023 đã gia hạn thời gian nộp bài đến khi nào?,Ban tổ chức Hội thảo ISC 2023 đã gia hạn thời gian nộp toàn văn bài báo cáo đến hết ngày 12/8/2023.,,
TB_656,Các mốc thời gian quan trọng liên quan đến Hội thảo ISC 2023 là gì?,Các mốc thời gian gồm: 12/8/2023 – Hạn nộp toàn văn bài báo; 31/8/2023 – Hạn đăng ký và thanh toán phí đăng bài; 05/9/2023 – Gửi thư mời; 07/9/2023 – Hạn xác nhận tham gia; 16/9/2023 – Tổ chức hội thảo.,,
TB_656,Ngôn ngữ sử dụng và hình thức tổ chức của Hội thảo ISC 2023 là gì?,Hội thảo ISC 2023 sử dụng ngôn ngữ tiếng Anh và được tổ chức kết hợp cả hình thức trực tiếp và trực tuyến.,,
TB_656,Chi phí đăng bài và hình thức gửi bài cho Hội thảo ISC 2023 như thế nào?,Bài báo gửi qua email isc@bdu.edu.vn. Chi phí đăng bài vào kỷ yếu có giấy chứng nhận là 575.000 đồng (25 USD); phí tham dự hội thảo được Trường Đại học Bình Dương tài trợ.,,
TB_656,Thông tin liên hệ để hỗ trợ Hội thảo ISC 2023 là gì?,"Liên hệ Phòng Quản lý Khoa học và Quan hệ đối ngoại qua điện thoại 0274 3871 387 hoặc 0868 508 373 (Thảo Trâm), email isc@bdu.edu.vn, website https://isc.bdu.edu.vn/.",,
TB_656,Lý do Trường Đại học Bình Dương gia hạn thời gian nộp bài báo cho Hội thảo ISC 2023 là gì?,Thời gian nộp bài được gia hạn vì Ban tổ chức đã nhận được nhiều bài báo và muốn tạo điều kiện cho các nhà khoa học có thể công bố kết quả nghiên cứu tại hội thảo.,,
TB_656,Các bài báo cáo được duyệt trong Hội thảo ISC 2023 sẽ được đăng ở đâu?,Các bài báo cáo được duyệt sẽ được đăng toàn văn trên Tạp chí Khoa học và Công nghệ của Trường Đại học Bình Dương và kỷ yếu Hội thảo có số ISBN.,,
TB_656,Mục tiêu chính của Hội thảo ISC 2023 là gì?,"Hội thảo ISC 2023 nhằm tạo cơ hội để người học, giảng viên, nhà khoa học và công dân toàn cầu chia sẻ quan điểm, thảo luận và nâng cao năng lực học tập, nghiên cứu trong bối cảnh chuyển đổi số và AI.",,
TB_656,Trường Đại học Bình Dương mong muốn Hội thảo ISC 2023 góp phần tạo ra điều gì cho thế hệ mới?,"Hội thảo hướng đến việc hình thành những năng lực và trách nhiệm của thế hệ mới trong công cuộc công nghiệp hóa, hiện đại hóa đất nước.",,
TB_656,Đơn vị nào tổ chức Hội thảo Khoa học Quốc tế ISC 2023?,Trường Đại học Bình Dương là đơn vị tổ chức Hội thảo Khoa học Quốc tế ISC 2023.,,
TB_612,Thí sinh trúng tuyển Đại học Bình Dương năm 2023 cần nhập học vào thời gian nào?,"Trường Đại học Bình Dương tổ chức nhập học đợt 1 vào ngày 05/9/2023, đợt 2 vào ngày 18/9/2023 và đợt bổ sung (nếu còn chỉ tiêu) vào ngày 09/10/2023.",,
TB_612,Địa chỉ nhập học trực tuyến của tân sinh viên Trường Đại học Bình Dương là gì?,Tân sinh viên thực hiện nhập học trực tuyến tại địa chỉ: https://nhaphoc.bdu.edu.vn/dang-nhap.,,
TB_612,Thí sinh cần xác nhận nhập học tại cổng thông tin nào của Bộ Giáo dục và Đào tạo?,Thí sinh trúng tuyển cần xác nhận nhập học tại Cổng thông tin tuyển sinh của Bộ GD&ĐT: http://thisinh.thitotnghiepthpt.edu.vn/ trước ngày 06/9/2023.,,
TB_612,Học phí học kỳ 1 năm nhất ngành Dược học tại Trường Đại học Bình Dương năm 2023 là bao nhiêu?,Ngành Dược học có học phí học kỳ 1 năm nhất là 10.132.000 đồng với 13 tín chỉ.,,
TB_612,Mức lệ phí nhập học cho tân sinh viên Trường Đại học Bình Dương năm 2023 là bao nhiêu?,"Lệ phí nhập học là 1.000.000 đồng, trong đó tân sinh viên được giảm 50%.",,
TB_612,Trường Đại học Bình Dương quy định thế nào về hoàn trả phí bảo hiểm y tế?,Sinh viên đã tham gia BHYT ở nơi khác sẽ được hoàn trả lại phí bảo hiểm y tế sau khi kết thúc thời gian tuyển sinh.,,
TB_612,Tân sinh viên Đại học Bình Dương năm 2023 cần chuyển khoản học phí theo nội dung gì?,"Sinh viên chuyển khoản với nội dung: '[CMND/CCCD] [Họ và tên] [SĐT] [NGÀNH HỌC]', ví dụ: 0740900044X4 Nguyen Thanh A 0909XXX789 Ngon ngu Anh.",,
TB_612,Học bổng nào trị giá 30.000.000 đồng dành cho tân sinh viên năm 2023 tại Trường Đại học Bình Dương?,Hai học bổng trị giá 30.000.000 đồng gồm Học bổng thành tựu vượt trội và Học bổng gia đình BDU.,,
TB_612,Tân sinh viên cần hoàn tất thủ tục gì để nhận học bổng năm 2023?,"Để nhận học bổng, tân sinh viên phải hoàn tất thủ tục nhập học trước 17h00 ngày 31/8/2023.",,
TB_612,Trường Đại học Bình Dương yêu cầu đơn vị nào hỗ trợ công tác tuyển sinh năm 2023?,Phòng Tuyển sinh phối hợp với Phòng QLĐT&CTSV và Phòng Tài chính để triển khai công tác tuyển sinh năm 2023.,,
TB_612,Sinh viên cần làm gì nếu gặp lỗi khi đăng nhập hệ thống nhập học trực tuyến của Trường Đại học Bình Dương?,"Sinh viên cần kiểm tra tin nhắn SMS, email, hoặc Zalo để lấy tài khoản và mật khẩu; nếu vẫn không đăng nhập được, cần liên hệ với đơn vị hỗ trợ theo hướng dẫn trên hệ thống.",,
TB_612,Học phí học kỳ 1 năm nhất ngành Công nghệ kỹ thuật ô tô tại Trường Đại học Bình Dương là bao nhiêu?,Ngành Công nghệ kỹ thuật ô tô có học phí học kỳ 1 năm nhất là 9.472.000 đồng (11 tín chỉ).,,
TB_612,Sinh viên cần lưu ý điều gì khi chuyển khoản học phí đến Trường Đại học Bình Dương?,Sinh viên cần chuyển đúng và đủ số tiền cần nộp (không làm tròn số lẻ) và lưu lại hồ sơ chuyển khoản để đối chiếu khi làm thủ tục nhập học.,,
TB_612,Chi phí bảo hiểm y tế 15 tháng của tân sinh viên Trường Đại học Bình Dương năm 2023 là bao nhiêu?,Phí bảo hiểm y tế trong 15 tháng là 850.500 đồng.,,
TB_612,Sinh viên được yêu cầu cung cấp loại hồ sơ nào khi thực hiện nhập học tại Trường Đại học Bình Dương?,Sinh viên cần cung cấp hồ sơ nhập học theo yêu cầu cụ thể hiển thị trên hệ thống nhập học trực tuyến của Trường Đại học Bình Dương.,,
TB_612,Thí sinh có thể viết tắt tên ngành học khi làm thủ tục nhập học không?,"Trường Đại học Bình Dương cho phép thí sinh viết tắt tên ngành học nếu tên quá dài, theo hướng dẫn của Phòng Tuyển sinh.",,
TB_543,Ai là đối tượng được đăng ký tham gia các lớp đào tạo kỹ năng ngắn hạn của Trường Đại học Bình Dương?,"Đối tượng tham gia bao gồm sinh viên ngành Xã hội học, các ngành khác của Trường Đại học Bình Dương và người học từ các trường Đại học, Cao đẳng, Trung cấp, Trung học phổ thông trên địa bàn tỉnh Bình Dương có nhu cầu.",,
TB_543,Các lớp đào tạo kỹ năng ngắn hạn tại Trường Đại học Bình Dương học vào thời gian nào?,"Các lớp được tổ chức vào buổi tối từ 18h00 đến 20h00 vào các ngày Thứ Hai, Thứ Tư và Thứ Sáu hàng tuần.",,
TB_543,Địa điểm học tập trung của các lớp kỹ năng ngắn hạn tại Trường Đại học Bình Dương ở đâu?,"Học viên học tập trung tại phòng 504, Lô B khu A, phường Hiệp Thành, thành phố Thủ Dầu Một, tỉnh Bình Dương.",,
TB_543,Mức học phí cho mỗi kỹ năng trong lớp đào tạo ngắn hạn tại Trường Đại học Bình Dương là bao nhiêu?,Học phí là 450.000 đồng cho mỗi học viên trên mỗi kỹ năng đăng ký học.,,
TB_543,Thời gian nộp học phí các lớp kỹ năng ngắn hạn của Trường Đại học Bình Dương kết thúc vào ngày nào?,Thời gian nộp học phí kéo dài từ ngày 24/6/2024 đến hết ngày 15/07/2024.,,
TB_543,Sinh viên có thể nộp học phí lớp kỹ năng ngắn hạn bằng những hình thức nào?,Sinh viên có thể nộp học phí trực tiếp tại Phòng Tuyển sinh hoặc chuyển khoản qua tài khoản ngân hàng BIDV Chi nhánh Bình Dương của Trường Đại học Bình Dương.,,
TB_543,"Sau khi chuyển khoản học phí lớp kỹ năng ngắn hạn, sinh viên cần làm gì tiếp theo?",Sinh viên cần liên hệ với Phòng Đào tạo hoặc Phòng Kế hoạch Tài chính để xác nhận đã nộp học phí và nhận biên lai.,,
TB_543,Các nội dung chính của khóa học Kỹ năng làm việc nhóm tại Trường Đại học Bình Dương là gì?,"Khóa học bao gồm các nội dung: Nhận diện tâm lý nhóm, Tiến trình của nhóm, Làm việc nhóm hiệu quả, Khủng hoảng nhóm và cách vượt qua.",,
TB_543,Kỹ năng quản lý xung đột và cảm xúc trong khóa đào tạo ngắn hạn tại Trường Đại học Bình Dương gồm những nội dung nào?,"Khóa học gồm các nội dung: Nhận diện xung đột, Tiến trình của xung đột, Tính cách và xung đột, Vai trò của cảm xúc trong xung đột.",,
TB_543,Học viên hoàn thành lớp đào tạo kỹ năng ngắn hạn tại Trường Đại học Bình Dương có được cấp giấy chứng nhận không?,Học viên hoàn thành khóa học và đủ điều kiện sẽ được Trường Đại học Bình Dương cấp Giấy chứng nhận hoàn thành khóa học Kỹ năng.,,
TB_543,Số buổi học và thời lượng mỗi buổi của các lớp kỹ năng ngắn hạn tại Trường Đại học Bình Dương là bao nhiêu?,"Mỗi lớp kỹ năng gồm 05 buổi học, mỗi buổi kéo dài 03 tiết học.",,
TB_543,Ví dụ nội dung chuyển khoản học phí kỹ năng sinh viên tại Trường Đại học Bình Dương là gì?,Ví dụ: 'GIAO THANH VY - 0377753339 - Học phí Ky nang sinh vien khoa 1'.,,
TB_543,Sinh viên Trường Đại học Bình Dương nên liên hệ phòng nào sau khi chuyển khoản học phí kỹ năng ngắn hạn?,Sinh viên cần liên hệ với Phòng Đào tạo hoặc Phòng Kế hoạch Tài chính để xác nhận việc chuyển khoản và nhận biên lai.,,
TB_278,"Đối tượng nào tại Trường Đại học Bình Dương cần thực hiện thủ tục cấp căn cước công dân, kích hoạt và tích hợp định danh điện tử?","Đối tượng thực hiện là cán bộ, nhân viên, giảng viên cơ hữu và sinh viên đang làm việc và học tập tại Trường Đại học Bình Dương.",,
TB_278,Công dân chưa có căn cước công dân khi đến làm thủ tục cần mang theo giấy tờ gì?,Công dân chưa có căn cước công dân cần mang theo giấy thông báo số định danh cá nhân và thẻ bảo hiểm y tế nếu có.,,
TB_278,Công dân đã có căn cước công dân cần mang theo giấy tờ gì khi làm thủ tục kích hoạt và tích hợp định danh điện tử VNeID?,"Công dân đã có căn cước công dân cần mang theo thẻ CCCD bản chính và có thể mang thêm thẻ bảo hiểm y tế, giấy phép lái xe, giấy chứng nhận đăng ký xe, mã số thuế nếu có.",,
TB_278,"Nếu chưa có giấy thông báo số định danh cá nhân, cán bộ, giảng viên, sinh viên Trường Đại học Bình Dương cần làm gì?","Nếu chưa có giấy thông báo số định danh cá nhân, cán bộ, giảng viên, sinh viên Trường Đại học Bình Dương cần liên hệ Công an phường nơi thường trú để nhận giấy thông báo trước khi đi làm căn cước công dân.",,
TB_278,Thời gian thực hiện thủ tục cấp căn cước công dân và tích hợp định danh điện tử tại Trường Đại học Bình Dương là khi nào?,"Thời gian thực hiện là ngày 30/4/2024, từ thứ Hai đến Chủ nhật, buổi sáng từ 7h30 đến 11h30, buổi chiều từ 13h30 đến 17h00 và buổi tối từ 18h30 đến 22h00.",,
TB_278,Địa điểm thực hiện thủ tục cấp căn cước công dân và tích hợp định danh điện tử của Trường Đại học Bình Dương ở đâu?,"Địa điểm thực hiện là Trung tâm phục vụ hành chính công Thủ Dầu Một, địa chỉ 01 Quang Trung, phường Phú Cường, thành phố Thủ Dầu Một, tỉnh Bình Dương.",,
TB_278,"Thời hạn đăng ký tham gia thủ tục cấp căn cước công dân và tích hợp định danh điện tử đối với cán bộ, giảng viên, nhân viên và sinh viên Trường Đại học Bình Dương là khi nào?",Thời hạn đăng ký là trước ngày 10/4/2024.,,
TB_278,"Cán bộ, giảng viên, nhân viên và sinh viên Trường Đại học Bình Dương đăng ký thủ tục cấp căn cước công dân và tích hợp định danh điện tử bằng cách nào?","Cán bộ, giảng viên, nhân viên và sinh viên Trường Đại học Bình Dương đăng ký bằng cách điền vào biểu mẫu tại đường link: https://docs.google.com/forms/d/e/1FAIpQLSeAZNMW_cqhAIO_gRs3hh60vZS0ShWMZ6gzXsTMNjDqY7GCbA/viewform.",,
TB_278,Thông báo về thủ tục cấp căn cước công dân và tích hợp định danh điện tử tại Trường Đại học Bình Dương được ban hành dựa theo văn bản nào?,Thông báo được ban hành theo công văn số 851/CATP-QLHC ngày 20 tháng 03 năm 2024 của Công an Thành phố Thủ Dầu Một.,,
TB_278,Ai là đơn vị tiếp nhận đăng ký và phối hợp thực hiện thủ tục cấp căn cước công dân và tích hợp định danh điện tử cho Trường Đại học Bình Dương?,Đơn vị tiếp nhận đăng ký và phối hợp thực hiện thủ tục cấp căn cước công dân và tích hợp định danh điện tử cho Trường Đại học Bình Dương là Trung tâm phục vụ hành chính công Thủ Dầu Một.,,
TB_278,"Vì sao cán bộ, nhân viên, giảng viên và sinh viên Trường Đại học Bình Dương cần đăng ký trước thời hạn theo yêu cầu của nhà trường?","Cán bộ, nhân viên, giảng viên và sinh viên Trường Đại học Bình Dương cần đăng ký trước thời hạn để đảm bảo quá trình cấp căn cước công dân và tích hợp định danh điện tử diễn ra thuận lợi.",,
TB_278,Trường Đại học Bình Dương yêu cầu những ai nghiêm túc thực hiện thủ tục cấp căn cước công dân và tích hợp định danh điện tử?,"Trường Đại học Bình Dương yêu cầu toàn thể cán bộ, nhân viên, giảng viên cơ hữu và sinh viên đang làm việc và học tập tại Trường nghiêm túc thực hiện thủ tục cấp căn cước công dân và tích hợp định danh điện tử.",,
TB_278,Thông báo về thủ tục cấp căn cước công dân và tích hợp định danh điện tử của Trường Đại học Bình Dương được gửi đến những đơn vị nào?,"Thông báo được gửi đến Phòng Công an Thành phố Thủ Dầu Một, Ban Giám hiệu Trường Đại học Bình Dương, các đơn vị thuộc Trường và lưu tại TTLT&TV, KAnh.",,
TB_362,Thông báo số 362/TB-ĐHBD của Trường Đại học Bình Dương yêu cầu các đơn vị cung cấp những thông tin gì về đầu mối phối hợp?,"Thông báo số 362/TB-ĐHBD của Trường Đại học Bình Dương yêu cầu các đơn vị cung cấp họ và tên, số điện thoại, địa chỉ Zalo, địa chỉ Email cá nhân và địa chỉ Email của Khoa, Viện, Trung tâm.",,
TB_362,"Vai trò của nhân sự đầu mối do các Khoa, Viện, Trung tâm cử theo thông báo số 362/TB-ĐHBD là gì?","Nhân sự đầu mối do các Khoa, Viện, Trung tâm cử theo thông báo số 362/TB-ĐHBD có vai trò phối hợp cùng Phòng Quản lý Đào tạo và Công tác Sinh viên tiếp nhận, tham mưu Ban Chủ nhiệm đơn vị xử lý công việc và chịu trách nhiệm bảo mật thông tin dữ liệu liên quan.",,
TB_362,"Thời hạn các Khoa, Viện, Trung tâm phản hồi thông tin đầu mối về Phòng Quản lý Đào tạo và Công tác Sinh viên theo thông báo số 362/TB-ĐHBD là khi nào?","Các Khoa, Viện, Trung tâm phải rà soát và phản hồi thông tin đầu mối về Phòng Quản lý Đào tạo và Công tác Sinh viên trước 10h00 ngày 09 tháng 5 năm 2024 (thứ Năm) theo thông báo số 362/TB-ĐHBD.",,
TB_362,Phòng Quản lý Đào tạo và Công tác Sinh viên có trách nhiệm gì theo thông báo số 362/TB-ĐHBD của Trường Đại học Bình Dương?,"Phòng Quản lý Đào tạo và Công tác Sinh viên có trách nhiệm tổng hợp thông tin phản hồi của các Khoa, Viện, Trung tâm và báo cáo Ban Giám hiệu trước ngày 10 tháng 5 năm 2024 (thứ Sáu) theo thông báo số 362/TB-ĐHBD.",,
TB_362,Thông báo số 362/TB-ĐHBD của Trường Đại học Bình Dương được ban hành dựa trên đề xuất của đơn vị nào?,"Thông báo số 362/TB-ĐHBD của Trường Đại học Bình Dương được ban hành dựa trên đề xuất của Phòng Quản lý Đào tạo và Công tác Sinh viên về việc xây dựng cơ sở dữ liệu kết nối với các Khoa, Viện, Trung tâm liên quan công tác đào tạo và công tác sinh viên.",,
TB_362,Việc cử đầu mối phối hợp theo thông báo số 362/TB-ĐHBD của Trường Đại học Bình Dương nhằm mục đích gì?,"Việc cử đầu mối phối hợp theo thông báo số 362/TB-ĐHBD của Trường Đại học Bình Dương nhằm tạo cơ chế phối hợp hiệu quả, minh bạch và có trách nhiệm giữa các đơn vị trong công tác đào tạo và công tác sinh viên.",,
TB_362,"Theo thông báo số 362/TB-ĐHBD, đầu mối phối hợp giữa các đơn vị và Phòng Quản lý Đào tạo và Công tác Sinh viên phải đảm bảo điều kiện gì?","Theo thông báo số 362/TB-ĐHBD, đầu mối phối hợp giữa các đơn vị và Phòng Quản lý Đào tạo và Công tác Sinh viên phải đảm bảo khả năng tiếp nhận thông tin, xử lý công việc kịp thời và chịu trách nhiệm bảo mật thông tin dữ liệu theo quy định.",,
TB_362,Thông báo số 362/TB-ĐHBD của Trường Đại học Bình Dương yêu cầu các đơn vị nào cung cấp đầu mối phối hợp?,"Thông báo số 362/TB-ĐHBD của Trường Đại học Bình Dương yêu cầu các Khoa, Viện và Trung tâm cung cấp đầu mối phối hợp liên quan đến công tác đào tạo và công tác sinh viên.",,
TB_362,"Theo thông báo số 362/TB-ĐHBD của Trường Đại học Bình Dương, mục tiêu của việc thiết lập đầu mối phối hợp là gì?","Theo thông báo số 362/TB-ĐHBD của Trường Đại học Bình Dương, mục tiêu của việc thiết lập đầu mối phối hợp là tạo cơ chế phối hợp hiệu quả, minh bạch và có trách nhiệm giữa các đơn vị trong công tác đào tạo và công tác sinh viên.",,
TB_362,"Theo thông báo số 362/TB-ĐHBD, việc xây dựng cơ sở dữ liệu đầu mối phối hợp phải đảm bảo yêu cầu gì?","Theo thông báo số 362/TB-ĐHBD, việc xây dựng cơ sở dữ liệu đầu mối phối hợp phải đảm bảo tính kết nối và bảo mật dữ liệu của từng đơn vị.",,
TB_362,Đơn vị nào đề xuất việc xây dựng cơ sở dữ liệu kết nối các đầu mối công tác đào tạo và công tác sinh viên theo thông báo số 362/TB-ĐHBD?,Phòng Quản lý Đào tạo và Công tác Sinh viên là đơn vị đề xuất việc xây dựng cơ sở dữ liệu kết nối các đầu mối công tác đào tạo và công tác sinh viên theo thông báo số 362/TB-ĐHBD.,,
TB_369,Thông báo số 369/TB-ĐHBD của Trường Đại học Bình Dương áp dụng cho đối tượng nào?,Thông báo số 369/TB-ĐHBD của Trường Đại học Bình Dương áp dụng cho sinh viên trình độ đại học tại cơ sở chính của Trường Đại học Bình Dương.,,
TB_369,Sinh viên thuộc những trường hợp nào được tiếp nhận hồ sơ theo thông báo số 369/TB-ĐHBD của Trường Đại học Bình Dương?,"Sinh viên thuộc các trường hợp được tiếp nhận hồ sơ theo thông báo số 369/TB-ĐHBD của Trường Đại học Bình Dương bao gồm: sinh viên có nguyện vọng bảo lưu, thôi học, chuyển ngành; sinh viên xin nhập học lại sau khi hết thời gian bảo lưu hoặc bị buộc thôi học; sinh viên chính quy xin chuyển sang hình thức vừa làm vừa học.",,
TB_369,Thời gian tiếp nhận hồ sơ theo thông báo số 369/TB-ĐHBD của Trường Đại học Bình Dương là khi nào?,Thời gian tiếp nhận hồ sơ theo thông báo số 369/TB-ĐHBD của Trường Đại học Bình Dương là từ ngày 13 tháng 5 năm 2024 (Thứ Hai) đến 17 giờ 00 ngày 18 tháng 5 năm 2024 (Thứ Bảy).,,
TB_369,Thời gian xử lý và trả kết quả hồ sơ theo thông báo số 369/TB-ĐHBD của Trường Đại học Bình Dương là khi nào?,Thời gian xử lý và trả kết quả hồ sơ theo thông báo số 369/TB-ĐHBD của Trường Đại học Bình Dương là từ ngày 20 tháng 5 năm 2024 (Thứ Hai) đến 17 giờ 00 ngày 24 tháng 5 năm 2024 (Thứ Sáu).,,
TB_369,"Theo thông báo số 369/TB-ĐHBD của Trường Đại học Bình Dương, sinh viên nộp hồ sơ tại đâu?","Theo thông báo số 369/TB-ĐHBD của Trường Đại học Bình Dương, sinh viên nộp hồ sơ tại Phòng Tuyển sinh, số 504, Đại lộ Bình Dương, phường Hiệp Thành, thành phố Thủ Dầu Một, tỉnh Bình Dương.",,
TB_369,Sinh viên có thể tham khảo mẫu đơn liên quan đến hồ sơ tại đâu theo thông báo số 369/TB-ĐHBD của Trường Đại học Bình Dương?,Sinh viên có thể tham khảo mẫu đơn liên quan đến hồ sơ tại website của Phòng Quản lý Đào tạo và Công tác Sinh viên Trường Đại học Bình Dương: https://daotao.bdu.edu.vn/index.php/sinh-vien/van-ban-bieu-mau-cap-nhat-nam-2022-40.html.,,
TB_369,"Theo thông báo số 369/TB-ĐHBD, Phòng Tuyển sinh của Trường Đại học Bình Dương có trách nhiệm gì?","Theo thông báo số 369/TB-ĐHBD, Phòng Tuyển sinh của Trường Đại học Bình Dương có trách nhiệm cử nhân sự tiếp nhận hồ sơ của sinh viên và kiểm tra các minh chứng liên quan trong hồ sơ.",,
TB_369,Phòng Quản lý Đào tạo và Công tác Sinh viên của Trường Đại học Bình Dương có nhiệm vụ gì theo thông báo số 369/TB-ĐHBD?,"Phòng Quản lý Đào tạo và Công tác Sinh viên của Trường Đại học Bình Dương có nhiệm vụ phối hợp với các đơn vị liên quan kiểm tra, xử lý hồ sơ và tham mưu Ban Giám hiệu ban hành các quyết định liên quan.",,
TB_369,"Theo thông báo số 369/TB-ĐHBD, Phòng Tài chính của Trường Đại học Bình Dương thực hiện công việc gì?","Theo thông báo số 369/TB-ĐHBD, Phòng Tài chính của Trường Đại học Bình Dương có nhiệm vụ thu học phí và lệ phí liên quan nếu có.",,
TB_369,Sinh viên cần làm gì để thực hiện đúng theo thông báo số 369/TB-ĐHBD của Trường Đại học Bình Dương?,"Sinh viên cần thực hiện đúng hướng dẫn của thông báo số 369/TB-ĐHBD của Trường Đại học Bình Dương, nộp hồ sơ đầy đủ và đúng thời gian quy định.",,
TB_369,"Trong quá trình thực hiện các thủ tục theo thông báo số 369/TB-ĐHBD, sinh viên và các đơn vị có thể liên hệ ở đâu để được hỗ trợ?","Trong quá trình thực hiện các thủ tục theo thông báo số 369/TB-ĐHBD, sinh viên và các đơn vị có thể liên hệ qua email daotao@bdu.edu.vn của Phòng Quản lý Đào tạo và Công tác Sinh viên để được hỗ trợ.",,
TB_369,"Theo thông báo số 369/TB-ĐHBD, đơn vị nào có trách nhiệm cập nhật thông tin về tiếp nhận hồ sơ lên cổng thông tin điện tử của Trường Đại học Bình Dương?","Theo thông báo số 369/TB-ĐHBD, Phòng Quản lý Đào tạo và Công tác Sinh viên, các Khoa, Viện, Trung tâm có trách nhiệm cập nhật thông tin về tiếp nhận hồ sơ lên cổng thông tin điện tử của Trường Đại học Bình Dương.",,
TB_369,"Theo thông báo số 369/TB-ĐHBD, giáo viên chủ nhiệm có trách nhiệm gì trong việc triển khai thông tin đến sinh viên?","Theo thông báo số 369/TB-ĐHBD, giáo viên chủ nhiệm có trách nhiệm cập nhật thông báo và hướng dẫn sinh viên thực hiện đúng, đủ hồ sơ và nộp trong thời gian quy định.",,
TB_369,"Theo thông báo số 369/TB-ĐHBD, sinh viên chính quy muốn chuyển sang hình thức vừa làm vừa học cần đáp ứng điều kiện gì?","Theo thông báo số 369/TB-ĐHBD, sinh viên chính quy muốn chuyển sang hình thức vừa làm vừa học cần đảm bảo còn đủ thời gian học tập theo quy định đối với hình thức đào tạo vừa làm vừa học.",,
TB_370,Thông báo số 370/TB-ĐHBD của Trường Đại học Bình Dương áp dụng cho đối tượng nào?,"Thông báo số 370/TB-ĐHBD của Trường Đại học Bình Dương áp dụng cho sinh viên trình độ đại học, hình thức đào tạo chính quy tại cơ sở chính Trường Đại học Bình Dương.",,
TB_370,"Theo thông báo số 370/TB-ĐHBD, sinh viên được xét miễn, chuyển đổi kết quả học tập trong trường hợp nào?","Theo thông báo số 370/TB-ĐHBD, sinh viên được xét miễn, chuyển đổi kết quả học tập nếu có nguyện vọng và đủ điều kiện theo quy định của Trường Đại học Bình Dương và theo Quy chế đào tạo.",,
TB_370,"Thời gian tiếp nhận hồ sơ xét miễn, chuyển đổi kết quả học tập theo thông báo số 370/TB-ĐHBD của Trường Đại học Bình Dương là khi nào?","Thời gian tiếp nhận hồ sơ xét miễn, chuyển đổi kết quả học tập theo thông báo số 370/TB-ĐHBD của Trường Đại học Bình Dương là từ ngày 13 tháng 5 năm 2024 (thứ Hai) đến 17 giờ 00 ngày 18 tháng 5 năm 2024 (thứ Bảy).",,
TB_370,"Thời gian xử lý và trả kết quả hồ sơ xét miễn, chuyển đổi kết quả học tập theo thông báo số 370/TB-ĐHBD là khi nào?","Thời gian xử lý và trả kết quả hồ sơ xét miễn, chuyển đổi kết quả học tập theo thông báo số 370/TB-ĐHBD là từ ngày 20 tháng 5 năm 2024 (thứ Hai) đến 17 giờ 00 ngày 24 tháng 5 năm 2024 (thứ Sáu).",,
TB_370,"Sinh viên nộp hồ sơ xét miễn, chuyển đổi kết quả học tập tại đâu theo thông báo số 370/TB-ĐHBD của Trường Đại học Bình Dương?","Sinh viên nộp hồ sơ xét miễn, chuyển đổi kết quả học tập tại Bộ phận một cửa – Phòng Tuyển sinh, số 504, Đại lộ Bình Dương, phường Hiệp Thành, thành phố Thủ Dầu Một, tỉnh Bình Dương.",,
TB_370,"Theo thông báo số 370/TB-ĐHBD, hồ sơ xét miễn, chuyển đổi kết quả học tập của sinh viên cần có những giấy tờ gì?","Theo thông báo số 370/TB-ĐHBD, hồ sơ xét miễn, chuyển đổi kết quả học tập của sinh viên cần có văn bằng, chứng chỉ, bảng kết quả học tập tương đương, bản sao y có công chứng, chứng thực và có xác nhận dấu độ của đơn vị liên quan.",,
TB_370,"Sinh viên có thể tải mẫu biểu xét miễn, chuyển đổi kết quả học tập ở đâu theo thông báo số 370/TB-ĐHBD?","Sinh viên có thể tải mẫu biểu xét miễn, chuyển đổi kết quả học tập tại website Phòng Quản lý Đào tạo và Công tác Sinh viên Trường Đại học Bình Dương, địa chỉ: https://daotao.bdu.edu.vn/index.php/sinh-vien/van-ban-bieu-mau-cap-nhat-nam-2022-40.html, biểu số thứ tự 6.",,
TB_370,"Theo thông báo số 370/TB-ĐHBD, giáo viên chủ nhiệm của Trường Đại học Bình Dương có trách nhiệm gì trong việc hỗ trợ sinh viên?","Theo thông báo số 370/TB-ĐHBD, giáo viên chủ nhiệm của Trường Đại học Bình Dương có trách nhiệm cập nhật thông báo và hướng dẫn sinh viên thực hiện đúng, đủ hồ sơ và đúng thời gian quy định.",,
TB_370,"Theo thông báo số 370/TB-ĐHBD, đơn vị nào có trách nhiệm tiếp nhận hồ sơ xét miễn, chuyển đổi kết quả học tập của sinh viên?","Theo thông báo số 370/TB-ĐHBD, Phòng Tuyển sinh của Trường Đại học Bình Dương có trách nhiệm tiếp nhận hồ sơ xét miễn, chuyển đổi kết quả học tập của sinh viên.",,
TB_370,"Theo thông báo số 370/TB-ĐHBD, Phòng Quản lý Đào tạo và Công tác Sinh viên có trách nhiệm gì trong quy trình xét miễn, chuyển đổi kết quả học tập?","Theo thông báo số 370/TB-ĐHBD, Phòng Quản lý Đào tạo và Công tác Sinh viên có trách nhiệm phối hợp với các đơn vị liên quan kiểm tra hồ sơ, tham mưu thành lập Hội đồng xét miễn, chuyển đổi kết quả học tập và báo cáo Ban Giám hiệu ban hành các quyết định liên quan.",,
TB_370,"Theo thông báo số 370/TB-ĐHBD, Phòng Tài chính – Kế toán của Trường Đại học Bình Dương có nhiệm vụ gì?","Theo thông báo số 370/TB-ĐHBD, Phòng Tài chính – Kế toán của Trường Đại học Bình Dương có nhiệm vụ thu học phí và lệ phí liên quan nếu có.",,
TB_370,Sinh viên cần thực hiện như thế nào để đúng theo thông báo số 370/TB-ĐHBD của Trường Đại học Bình Dương?,"Sinh viên cần thực hiện đúng theo hướng dẫn của thông báo số 370/TB-ĐHBD của Trường Đại học Bình Dương, nộp hồ sơ đầy đủ và đúng thời gian quy định.",,
TB_370,Sinh viên và các đơn vị có vướng mắc trong quá trình thực hiện thông báo số 370/TB-ĐHBD có thể liên hệ ở đâu để được hỗ trợ?,Sinh viên và các đơn vị có vướng mắc trong quá trình thực hiện thông báo số 370/TB-ĐHBD có thể liên hệ qua email daotao@bdu.edu.vn của Phòng Quản lý Đào tạo và Công tác Sinh viên để được hỗ trợ.,,
TB_370,"Theo thông báo số 370/TB-ĐHBD của Trường Đại học Bình Dương, đơn vị nào có trách nhiệm thông báo thông tin xét miễn, chuyển đổi kết quả học tập lên cổng thông tin điện tử của Trường?","Theo thông báo số 370/TB-ĐHBD của Trường Đại học Bình Dương, Phòng Quản lý Đào tạo và Công tác Sinh viên, các Khoa, Viện, Trung tâm có trách nhiệm thông báo thông tin xét miễn, chuyển đổi kết quả học tập lên cổng thông tin điện tử của Trường và của đơn vị.",,
TB_370,"Theo thông báo số 370/TB-ĐHBD của Trường Đại học Bình Dương, Hội đồng nào sẽ được thành lập để xét miễn, chuyển đổi kết quả học tập của sinh viên?","Theo thông báo số 370/TB-ĐHBD của Trường Đại học Bình Dương, Hội đồng xét miễn, chuyển đổi kết quả học tập sẽ được thành lập để kiểm tra và xét duyệt hồ sơ của sinh viên.",,
TB_370,"Theo thông báo số 370/TB-ĐHBD, sinh viên nộp hồ sơ xét miễn, chuyển đổi kết quả học tập cần thực hiện điều gì quan trọng?","Theo thông báo số 370/TB-ĐHBD, sinh viên nộp hồ sơ xét miễn, chuyển đổi kết quả học tập cần thực hiện đúng theo hướng dẫn của thông báo và nộp đầy đủ hồ sơ trong thời gian quy định.",,
TB_370,"Theo thông báo số 370/TB-ĐHBD của Trường Đại học Bình Dương, sinh viên sử dụng mẫu biểu gì khi nộp hồ sơ xét miễn, chuyển đổi kết quả học tập?","Theo thông báo số 370/TB-ĐHBD của Trường Đại học Bình Dương, sinh viên sử dụng mẫu 'ĐỀ NGHỊ XEM XÉT VÀ CÔNG NHẬN GIÁ TRỊ CHUYỂN ĐỔI KẾT QUẢ HỌC TẬP' khi nộp hồ sơ xét miễn, chuyển đổi kết quả học tập.",,
TB_387,Đối tượng nào được đăng ký tham dự Lễ tốt nghiệp năm 2023 (đợt 2) của Trường Đại học Bình Dương?,"Đối tượng được đăng ký tham dự Lễ tốt nghiệp năm 2023 (đợt 2) của Trường Đại học Bình Dương bao gồm học viên cao học, sinh viên tốt nghiệp các đợt trước năm 2023, nghiên cứu sinh, học viên, sinh viên đã hoàn thành và đủ điều kiện tốt nghiệp trong năm 2023.",,
TB_387,Thời gian đăng ký tham dự Lễ tốt nghiệp năm 2023 (đợt 2) của Trường Đại học Bình Dương là khi nào?,Thời gian đăng ký tham dự Lễ tốt nghiệp năm 2023 (đợt 2) của Trường Đại học Bình Dương là từ ngày 24 tháng 5 năm 2023 đến ngày 06 tháng 6 năm 2023.,,
TB_387,Lễ tốt nghiệp năm 2023 (đợt 2) của Trường Đại học Bình Dương dự kiến tổ chức vào thời gian nào?,"Lễ tốt nghiệp năm 2023 (đợt 2) của Trường Đại học Bình Dương dự kiến tổ chức vào buổi sáng ngày 10 tháng 6 năm 2023 (Thứ Bảy), từ 08 giờ 00 đến 11 giờ 00 và buổi chiều từ 14 giờ 00 đến 17 giờ 00.",,
TB_387,Địa điểm tổ chức Lễ tốt nghiệp năm 2023 (đợt 2) của Trường Đại học Bình Dương là ở đâu?,"Địa điểm tổ chức Lễ tốt nghiệp năm 2023 (đợt 2) của Trường Đại học Bình Dương là tại Nhà hát sinh viên (Hội trường I, lầu IV, tòa nhà A), nghiên cứu sinh, học viên, sinh viên tập trung lúc 06 giờ 45 để được hướng dẫn vị trí chỗ ngồi.",,
TB_387,Lệ phí tham dự Lễ tốt nghiệp năm 2023 (đợt 2) của Trường Đại học Bình Dương là bao nhiêu?,"Lệ phí tham dự Lễ tốt nghiệp năm 2023 (đợt 2) của Trường Đại học Bình Dương là 500.000 đồng, trong đó bao gồm 200.000 đồng tiền thế chân lễ phục sẽ được hoàn trả khi sinh viên trả lại lễ phục nguyên vẹn đúng hạn.",,
TB_387,Hình thức nộp lệ phí tham dự Lễ tốt nghiệp năm 2023 (đợt 2) của Trường Đại học Bình Dương là gì?,"Lệ phí tham dự Lễ tốt nghiệp năm 2023 (đợt 2) của Trường Đại học Bình Dương phải nộp trực tiếp, không được chuyển khoản.",,
TB_387,Cách thức đăng ký tham dự và nhận lễ phục của Lễ tốt nghiệp năm 2023 (đợt 2) của Trường Đại học Bình Dương là như thế nào?,"Nghiên cứu sinh, học viên, sinh viên đăng ký tham dự và nhận lễ phục bằng cách liên hệ trực tiếp Phòng Quản lý Đào tạo và Công tác Sinh viên Trường Đại học Bình Dương, có thể nhờ người thân hoặc bạn bè đăng ký và nộp lệ phí.",,
TB_387,"Theo thông báo của Trường Đại học Bình Dương, sinh viên có thể chụp ảnh chân dung phục vụ Lễ tốt nghiệp ở đâu?","Sinh viên có thể chụp ảnh chân dung phục vụ Lễ tốt nghiệp tại Studio của Trường Đại học Bình Dương, ngay Phòng bảo vệ cổng sau Trường, hoặc chụp tại các studio bên ngoài có kinh nghiệm chụp ảnh cưới, sau đó gửi file ảnh đã chỉnh sửa về email daotao@bdu.edu.vn từ ngày 24 tháng 5 năm 2023 đến ngày 06 tháng 6 năm 2023.",,
TB_387,"Theo thông báo của Trường Đại học Bình Dương, những yêu cầu đối với ảnh chân dung tự chụp phục vụ Lễ tốt nghiệp là gì?","Ảnh chân dung tự chụp phục vụ Lễ tốt nghiệp phải đảm bảo chất lượng cao, chủ thể rõ nét, bố cục phù hợp; nữ mặc áo dài, nam mặc áo sơ mi trắng thắt cà vạt; ảnh không đạt yêu cầu sẽ không được trình chiếu tại Lễ tốt nghiệp.",,
TB_387,"Theo thông báo của Trường Đại học Bình Dương, việc tham dự Lễ tốt nghiệp năm 2023 (đợt 2) có bắt buộc không?","Theo thông báo của Trường Đại học Bình Dương, việc tham dự Lễ tốt nghiệp năm 2023 (đợt 2) là tự nguyện, không bắt buộc; sinh viên có thể tham dự các đợt sau nếu không tham gia đợt này.",,
TB_387,"Theo thông báo của Trường Đại học Bình Dương, quy định về thời gian trả lễ phục sau Lễ tốt nghiệp là như thế nào?","Nghiên cứu sinh, học viên, sinh viên phải trả lễ phục vào ngày 10 tháng 6 năm 2023 (Thứ Bảy và Chủ nhật buổi sáng); nếu không trả đúng hạn sẽ không được hoàn lại tiền thế chân và lệ phí sẽ được sử dụng để may lễ phục mới.",,
TB_387,"Theo thông báo của Trường Đại học Bình Dương, sinh viên chưa nộp lệ phí nhận bằng có thể liên hệ đơn vị nào để được hỗ trợ?",Sinh viên chưa nộp lệ phí nhận bằng có thể liên hệ Phòng Truyền thông tại cổng trước Trường Đại học Bình Dương để được hỗ trợ.,,
TB_387,"Theo thông báo của Trường Đại học Bình Dương, sinh viên đăng ký tham dự Lễ tốt nghiệp sẽ nhận bằng chính thức tại đâu và khi nào?","Sinh viên đăng ký tham dự Lễ tốt nghiệp sẽ nhận bằng chính thức tại Phòng Quản lý Đào tạo và Công tác Sinh viên Trường Đại học Bình Dương (gặp thầy Lâm Tuấn Tài) sau khi kết thúc buổi lễ, hoặc vào các ngày thứ Ba và thứ Năm hàng tuần sau ngày 10 tháng 6 năm 2023 nếu không nhận bằng trong thời gian trên.",,
TB_387,Sinh viên cần thực hiện như thế nào để đúng theo hướng dẫn của Trường Đại học Bình Dương về Lễ tốt nghiệp năm 2023 (đợt 2)?,Sinh viên cần thực hiện đúng theo nội dung thông báo về Lễ tốt nghiệp năm 2023 (đợt 2) của Trường Đại học Bình Dương và liên hệ về địa chỉ email daotao@bdu.edu.vn của Phòng Quản lý Đào tạo và Công tác Sinh viên nếu cần hỗ trợ.,,
TB_387,"Theo thông báo của Trường Đại học Bình Dương, phụ huynh và người thân của sinh viên có được tham dự Lễ tốt nghiệp năm 2023 (đợt 2) không?","Theo thông báo của Trường Đại học Bình Dương, phụ huynh và người thân của sinh viên được tham dự Lễ tốt nghiệp năm 2023 (đợt 2) trực tiếp tại hội trường và không giới hạn số lượng.",,
TB_387,"Theo thông báo của Trường Đại học Bình Dương, bằng được trao trên sân khấu trong Lễ tốt nghiệp năm 2023 (đợt 2) có phải là bằng chính thức không?","Theo thông báo của Trường Đại học Bình Dương, bằng được trao trên sân khấu trong Lễ tốt nghiệp năm 2023 (đợt 2) là bằng trưng trưng, không phải bằng chính thức.",,
TB_387,"Theo thông báo của Trường Đại học Bình Dương, sinh viên không tham dự Lễ tốt nghiệp năm 2023 (đợt 2) có thể tham dự các đợt sau không?","Theo thông báo của Trường Đại học Bình Dương, sinh viên không tham dự Lễ tốt nghiệp năm 2023 (đợt 2) có thể đăng ký tham dự các đợt tốt nghiệp sau khi có thông báo.",,
TB_387,"Theo thông báo của Trường Đại học Bình Dương, sinh viên không nhận bằng vào thời gian quy định sau Lễ tốt nghiệp sẽ nhận bằng vào khi nào?","Theo thông báo của Trường Đại học Bình Dương, sinh viên không nhận bằng vào thời gian quy định sau Lễ tốt nghiệp sẽ nhận bằng vào các ngày thứ Ba và thứ Năm hàng tuần sau ngày 10 tháng 6 năm 2023.",,
TB_389,Mục đích của thông báo số 389/TB-ĐHBD của Trường Đại học Bình Dương là gì?,Mục đích của thông báo số 389/TB-ĐHBD của Trường Đại học Bình Dương là triển khai khảo sát ý kiến người học hệ đại học chính quy về hoạt động giảng dạy trong học kỳ 2 năm học 2023-2024.,,
TB_389,Đối tượng tham gia khảo sát theo thông báo số 389/TB-ĐHBD của Trường Đại học Bình Dương là ai?,Đối tượng tham gia khảo sát theo thông báo số 389/TB-ĐHBD của Trường Đại học Bình Dương là sinh viên đại học chính quy tham gia học tập tại học kỳ 2 năm học 2023-2024.,,
TB_389,Thời gian thực hiện khảo sát ý kiến người học theo thông báo số 389/TB-ĐHBD của Trường Đại học Bình Dương là khi nào?,Thời gian thực hiện khảo sát ý kiến người học theo thông báo số 389/TB-ĐHBD của Trường Đại học Bình Dương bắt đầu từ ngày 03 tháng 6 năm 2024 (thứ Hai) đến ngày 16 tháng 6 năm 2024 (Chủ nhật).,,
TB_389,Hình thức thực hiện khảo sát ý kiến người học theo thông báo số 389/TB-ĐHBD của Trường Đại học Bình Dương là như thế nào?,"Sinh viên thực hiện khảo sát ý kiến người học trực tuyến tại Cổng thông tin sinh viên của Trường Đại học Bình Dương, địa chỉ: https://sv.bdu.edu.vn.",,
TB_389,"Theo thông báo số 389/TB-ĐHBD của Trường Đại học Bình Dương, sinh viên không thực hiện khảo sát sẽ bị ảnh hưởng như thế nào?","Theo thông báo số 389/TB-ĐHBD của Trường Đại học Bình Dương, sinh viên không thực hiện khảo sát sẽ không xem được kết quả học tập, thời khóa biểu, học phí các học kỳ và sẽ bị trừ điểm rèn luyện theo Quy định đánh giá kết quả rèn luyện sinh viên.",,
TB_389,Phòng Quản lý Đào tạo và Công tác Sinh viên của Trường Đại học Bình Dương có trách nhiệm gì trong khảo sát ý kiến người học theo thông báo số 389/TB-ĐHBD?,"Phòng Quản lý Đào tạo và Công tác Sinh viên của Trường Đại học Bình Dương có trách nhiệm tổng kết, lập báo cáo kết quả khảo sát, trình Ban Giám hiệu và gửi về các đơn vị liên quan trước ngày 28 tháng 6 năm 2024.",,
TB_389,Sinh viên cần sử dụng tài khoản gì để đăng nhập Cổng thông tin sinh viên và thực hiện khảo sát theo thông báo số 389/TB-ĐHBD?,Sinh viên cần sử dụng tài khoản đăng ký môn học để đăng nhập Cổng thông tin sinh viên và thực hiện khảo sát theo thông báo số 389/TB-ĐHBD của Trường Đại học Bình Dương.,,
TB_389,"Theo thông báo số 389/TB-ĐHBD của Trường Đại học Bình Dương, sinh viên gặp vấn đề về đăng nhập khảo sát cần liên hệ đơn vị nào để được hỗ trợ?",Sinh viên gặp vấn đề về đăng nhập khảo sát cần liên hệ địa chỉ email: togiaovu@bdu.edu.vn để được Phòng Quản lý Đào tạo và Công tác Sinh viên hỗ trợ kịp thời.,,
TB_389,Thông báo số 389/TB-ĐHBD của Trường Đại học Bình Dương yêu cầu các đơn vị và cá nhân thực hiện như thế nào?,"Thông báo số 389/TB-ĐHBD của Trường Đại học Bình Dương yêu cầu các đơn vị, cá nhân và sinh viên có liên quan thực hiện nghiêm túc theo tinh thần của thông báo.",,
TB_389,Thông báo số 389/TB-ĐHBD của Trường Đại học Bình Dương do ai ký ban hành?,Thông báo số 389/TB-ĐHBD của Trường Đại học Bình Dương do Phó Hiệu trưởng Thường trực Đỗ Đoan Trang ký ban hành.,,
TB_389,"Theo thông báo số 389/TB-ĐHBD của Trường Đại học Bình Dương, báo cáo kết quả khảo sát ý kiến người học sẽ được gửi về các đơn vị liên quan trước thời hạn nào?","Theo thông báo số 389/TB-ĐHBD của Trường Đại học Bình Dương, báo cáo kết quả khảo sát ý kiến người học sẽ được gửi về các đơn vị liên quan trước ngày 28 tháng 6 năm 2024.",,
TB_389,"Theo thông báo số 389/TB-ĐHBD của Trường Đại học Bình Dương, đơn vị nào chịu trách nhiệm tổng kết và lập báo cáo khảo sát ý kiến người học?","Theo thông báo số 389/TB-ĐHBD của Trường Đại học Bình Dương, Phòng Quản lý Đào tạo và Công tác Sinh viên chịu trách nhiệm tổng kết và lập báo cáo khảo sát ý kiến người học.",,
TB_389,"Theo thông báo số 389/TB-ĐHBD của Trường Đại học Bình Dương, các đơn vị nào nhận thông báo để biết và thực hiện?","Theo thông báo số 389/TB-ĐHBD của Trường Đại học Bình Dương, các đơn vị nhận thông báo để biết và thực hiện bao gồm Ban Giám hiệu, các đơn vị đào tạo, sinh viên, Phòng Quản lý Đào tạo và Công tác Sinh viên, Phòng Tổ chức Đào tạo, Phòng Kế hoạch Tài chính, Phòng Hành chính Quản trị, các đơn vị tương đương và Hưng Nhượng.",,
TB_401,Thông báo số 401/TB-ĐHBD của Trường Đại học Bình Dương yêu cầu các đơn vị thực hiện những nội dung gì?,"Thông báo số 401/TB-ĐHBD của Trường Đại học Bình Dương yêu cầu các đơn vị hoàn thiện báo cáo kết quả đánh giá giờ giảng học kỳ II và xây dựng kế hoạch dự giờ học kỳ III, năm học 2023 - 2024.",,
TB_401,"Theo thông báo số 401/TB-ĐHBD của Trường Đại học Bình Dương, hạn chót nộp báo cáo kết quả đánh giá giờ giảng học kỳ II là khi nào?","Theo thông báo số 401/TB-ĐHBD của Trường Đại học Bình Dương, hạn chót nộp báo cáo kết quả đánh giá giờ giảng học kỳ II là trước ngày 14 tháng 5 năm 2024.",,
TB_401,"Theo thông báo số 401/TB-ĐHBD của Trường Đại học Bình Dương, hạn chót nộp kế hoạch dự giờ học kỳ III là khi nào?","Theo thông báo số 401/TB-ĐHBD của Trường Đại học Bình Dương, hạn chót nộp kế hoạch dự giờ học kỳ III là trước ngày 22 tháng 5 năm 2024.",,
TB_401,"Theo thông báo số 401/TB-ĐHBD của Trường Đại học Bình Dương, đơn vị nào chịu trách nhiệm tiếp nhận báo cáo và kế hoạch dự giờ?","Theo thông báo số 401/TB-ĐHBD của Trường Đại học Bình Dương, Phòng Đảm bảo chất lượng và Khảo thí chịu trách nhiệm tiếp nhận báo cáo kết quả đánh giá giờ giảng và kế hoạch dự giờ.",,
TB_401,Ai là người tiếp nhận báo cáo và kế hoạch dự giờ theo thông báo số 401/TB-ĐHBD của Trường Đại học Bình Dương?,"Người tiếp nhận báo cáo và kế hoạch dự giờ theo thông báo số 401/TB-ĐHBD của Trường Đại học Bình Dương là ông Phạm Hữu Hiến, nhân viên Phòng Đảm bảo chất lượng và Khảo thí.",,
TB_401,"Theo thông báo số 401/TB-ĐHBD của Trường Đại học Bình Dương, địa chỉ email nào được sử dụng để gửi báo cáo và kế hoạch dự giờ?","Theo thông báo số 401/TB-ĐHBD của Trường Đại học Bình Dương, địa chỉ email được sử dụng để gửi báo cáo và kế hoạch dự giờ là dbclkt@bdu.edu.vn.",,
TB_401,Thông báo số 401/TB-ĐHBD của Trường Đại học Bình Dương yêu cầu các đơn vị thực hiện như thế nào?,Thông báo số 401/TB-ĐHBD của Trường Đại học Bình Dương yêu cầu các đơn vị thực hiện nghiêm túc theo đúng tinh thần và thời hạn của thông báo.,,
TB_401,Thông báo số 401/TB-ĐHBD của Trường Đại học Bình Dương được ký bởi ai?,Thông báo số 401/TB-ĐHBD của Trường Đại học Bình Dương được ký bởi Phó Hiệu trưởng Thường trực Đỗ Đoan Trang.,,
TB_401,Thông báo số 401/TB-ĐHBD của Trường Đại học Bình Dương được gửi đến những đơn vị nào?,"Thông báo số 401/TB-ĐHBD của Trường Đại học Bình Dương được gửi đến Ban Giám hiệu, các Khoa, Viện, Trung tâm, Phòng Đảm bảo chất lượng và Khảo thí và Trung tâm Thông tin - Thư viện.",,
TB_401,Thông báo số 401/TB-ĐHBD của Trường Đại học Bình Dương được ban hành dựa trên những căn cứ nào?,Thông báo số 401/TB-ĐHBD của Trường Đại học Bình Dương được ban hành dựa trên Quyết định số 196/QĐ-ĐHBD ngày 02 tháng 5 năm 2018 về Quy định dự giờ giảng viên và Kế hoạch giảng dạy năm học 2023 - 2024.,,
TB_401,"Theo thông báo số 401/TB-ĐHBD của Trường Đại học Bình Dương, mục tiêu của việc thực hiện đánh giá giờ giảng và dự giờ là gì?","Theo thông báo số 401/TB-ĐHBD của Trường Đại học Bình Dương, mục tiêu của việc thực hiện đánh giá giờ giảng và dự giờ là để đảm bảo việc đánh giá và cải thiện chất lượng giờ giảng được thực hiện thường xuyên và có hệ thống theo quy định của Trường.",,
TB_401,"Theo thông báo số 401/TB-ĐHBD của Trường Đại học Bình Dương, các đơn vị nào có trách nhiệm lập kế hoạch dự giờ học kỳ III?","Theo thông báo số 401/TB-ĐHBD của Trường Đại học Bình Dương, các đơn vị có trách nhiệm lập kế hoạch dự giờ học kỳ III bao gồm các Khoa, Viện và Trung tâm trực thuộc Trường Đại học Bình Dương.",,
TB_401,"Theo thông báo số 401/TB-ĐHBD của Trường Đại học Bình Dương, báo cáo kết quả đánh giá giờ giảng và kế hoạch dự giờ học kỳ III phải gửi đến đơn vị nào?","Theo thông báo số 401/TB-ĐHBD của Trường Đại học Bình Dương, báo cáo kết quả đánh giá giờ giảng và kế hoạch dự giờ học kỳ III phải gửi đến Phòng Đảm bảo chất lượng và Khảo thí.",,
QD_1863,Quyết định số 1863/QĐ-ĐHBD được ký vào ngày nào?,Quyết định số 1863/QĐ-ĐHBD được ban hành vào ngày 04 tháng 09 năm 2023.,,
QD_1863,Ai là người ký ban hành Quyết định số 1863/QĐ-ĐHBD?,"Quyết định số 1863/QĐ-ĐHBD do Hiệu trưởng Trường Đại học Bình Dương ký ban hành, ông Cao Việt Hiếu.",,
QD_1863,Quyết định số 1863/QĐ-ĐHBD được lập ra để làm gì?,"Quyết định số 1863/QĐ-ĐHBD được lập ra để thành lập Hội đồng Thi đua, Khen thưởng và Kỷ luật Sinh viên Trường Đại học Bình Dương năm học 2024 – 2025 tại cơ sở chính.",,
QD_1863,"Hội đồng thi đua, khen thưởng và kỷ luật sinh viên có nhiệm vụ chính là gì?","Hội đồng Thi đua, Khen thưởng và Kỷ luật Sinh viên Trường Đại học Bình Dương có nhiệm vụ thực hiện các quy định của trường và xử lý các vấn đề về thi đua, khen thưởng, kỷ luật sinh viên năm học 2024 – 2025.",,
QD_1863,"Hội đồng thi đua, khen thưởng và kỷ luật sinh viên có quyền đề xuất gì?","Hội đồng được quyền tham mưu và đề xuất điều chỉnh nội dung thi đua, khen thưởng và xử lý kỷ luật sinh viên nếu có tình huống mới phát sinh.",,
QD_1863,"Thành viên Hội đồng thi đua, khen thưởng và kỷ luật sinh viên có được hưởng quyền lợi gì không?",Thành viên Hội đồng được hưởng chế độ phụ cấp trách nhiệm theo quy định của Nhà trường nếu có.,,
QD_1863,"Khi nào Hội đồng thi đua, khen thưởng và kỷ luật sinh viên sẽ kết thúc hoạt động?",Hội đồng tự giải thể sau khi hoàn thành nhiệm vụ của năm học 2024 – 2025.,,
QD_1863,Quyết định số 1863/QĐ-ĐHBD dựa trên những căn cứ pháp lý nào?,"Quyết định số 1863/QĐ-ĐHBD được ban hành dựa trên các căn cứ pháp lý của Chính phủ, Bộ Giáo dục và Đào tạo, và các quy định nội bộ của Trường Đại học Bình Dương.",,
QD_1863,"Ai là Chủ tịch Hội đồng thi đua, khen thưởng và kỷ luật sinh viên năm học 2024 – 2025?","Bà Đỗ Đoan Trang – Phó Hiệu trưởng thường trực là Chủ tịch Hội đồng thi đua, khen thưởng và kỷ luật sinh viên năm học 2024 – 2025.",,
QD_1863,"Ai là Thường trực Hội đồng thi đua, khen thưởng và kỷ luật sinh viên năm học 2024 – 2025?","Ông Thái Thanh Hùng – Phó Trưởng phòng, Phòng Quản lý đào tạo và Công tác sinh viên là Thường trực Hội đồng thi đua, khen thưởng và kỷ luật sinh viên năm học 2024 – 2025.",,
QD_1863,"Ai là Thư ký Hội đồng thi đua, khen thưởng và kỷ luật sinh viên năm học 2024 – 2025?","Bà Phạm Hồng Nhung – Nhân sự Phòng Đào tạo và Công tác sinh viên là Thư ký Hội đồng thi đua, khen thưởng và kỷ luật sinh viên năm học 2024 – 2025.",,
QD_1863,"Hội đồng thi đua, khen thưởng và kỷ luật sinh viên năm học 2024 – 2025 có bao nhiêu thành viên?","Hội đồng thi đua, khen thưởng và kỷ luật sinh viên năm học 2024 – 2025 có tổng cộng 26 thành viên.",,
QD_1863,Đơn vị nào chịu trách nhiệm thực hiện Quyết định số 1863/QĐ-ĐHBD?,"Phòng Tổng hợp, Phòng Tài chính – Kế toán, Phòng Quản lý đào tạo và Công tác sinh viên, các thành viên Hội đồng và các đơn vị liên quan chịu trách nhiệm thực hiện Quyết định số 1863/QĐ-ĐHBD.",,
QD_1863,Quyết định số 1863/QĐ-ĐHBD có hiệu lực từ khi nào?,"Quyết định số 1863/QĐ-ĐHBD có hiệu lực từ ngày ký, tức ngày ngày 04 tháng 09 năm 2023.",,
QD_1863,Ông Nguyễn Phi Long tham gia Hội đồng với vai trò gì?,"Ông Nguyễn Phi Long là Ủy viên Hội đồng thi đua, khen thưởng và kỷ luật sinh viên năm học 2024 – 2025.",,
QD_1863,Ông Trần Minh Đàn đại diện cho đơn vị nào trong Hội đồng?,"Ông Trần Minh Đàn đại diện Phòng Bảo đảm chất lượng và Khảo thí trong Hội đồng thi đua, khen thưởng và kỷ luật sinh viên năm học 2024 – 2025.",,
QD_1863,Bà Bùi Thị Hường tham gia Hội đồng với vai trò gì?,"Bà Bùi Thị Hường đại diện Phòng Tuyển sinh trong Hội đồng thi đua, khen thưởng và kỷ luật sinh viên năm học 2024 – 2025.",,
QD_1863,Bà Bùi Thị Kim Loan đại diện cho khoa nào trong Hội đồng?,"Bà Bùi Thị Kim Loan đại diện Khoa Ngoại ngữ trong Hội đồng thi đua, khen thưởng và kỷ luật sinh viên năm học 2024 – 2025.",,
QD_1863,Ông Nguyễn Trung Tín thuộc khoa nào trong Hội đồng?,"Ông Nguyễn Trung Tín đại diện Khoa Kinh tế trong Hội đồng thi đua, khen thưởng và kỷ luật sinh viên năm học 2024 – 2025.",,
QD_1863,Ông Nguyễn Tùng Lâm giữ vai trò gì trong Hội đồng?,"Ông Nguyễn Tùng Lâm là Phó Chủ tịch Hội sinh viên tham gia Hội đồng thi đua, khen thưởng và kỷ luật sinh viên năm học 2024 – 2025.",,
QD_1863,"Ông Phạm Thông Anh thuộc khoa nào trong Hội đồng thi đua, khen thưởng và kỷ luật sinh viên?","Ông Phạm Thông Anh đại diện Khoa Luật học trong Hội đồng thi đua, khen thưởng và kỷ luật sinh viên năm học 2024 – 2025.",,
QD_1863,"Ông Phạm Văn Tất là đại diện của khoa nào trong Hội đồng thi đua, khen thưởng và kỷ luật sinh viên?","Ông Phạm Văn Tất đại diện Khoa Dược học trong Hội đồng thi đua, khen thưởng và kỷ luật sinh viên năm học 2024 – 2025.",,
QD_1863,"Ông Võ Trọng Cang tham gia Hội đồng thi đua, khen thưởng và kỷ luật sinh viên với tư cách gì?","Ông Võ Trọng Cang đại diện Khoa Imalog trong Hội đồng thi đua, khen thưởng và kỷ luật sinh viên năm học 2024 – 2025.",,
QD_1863,"Ông Nguyễn Thanh Sơn thuộc đơn vị nào trong Hội đồng thi đua, khen thưởng và kỷ luật sinh viên?","Ông Nguyễn Thanh Sơn đại diện Khoa Công nghệ thông tin, Robot và Trí tuệ nhân tạo; khoa Điện, Điện tử trong Hội đồng thi đua, khen thưởng và kỷ luật sinh viên năm học 2024 – 2025.",,
QD_1863,"Ông Lê Quốc Tuấn đại diện khoa nào trong Hội đồng thi đua, khen thưởng và kỷ luật sinh viên?","Ông Lê Quốc Tuấn đại diện Khoa Công nghệ thực phẩm trong Hội đồng thi đua, khen thưởng và kỷ luật sinh viên năm học 2024 – 2025.",,
QD_1863,Ông Phạm Đình Chi là thành viên Hội đồng của khoa nào?,"Ông Phạm Đình Chi đại diện Khoa Xã hội học truyền thông trong Hội đồng thi đua, khen thưởng và kỷ luật sinh viên năm học 2024 – 2025.",,
QD_1863,"Những ai đại diện cho Khoa Khoa Kiến trúc-Xây dựng trong Hội đồng thi đua, khen thưởng và kỷ luật sinh viên?","Ông Nguyễn Hữu Huy, ông Nguyễn Công Minh và ông Trịnh Văn Thưởng cùng đại diện Khoa Kiến trúc-Xây dựng trong Hội đồng thi đua, khen thưởng và kỷ luật sinh viên năm học 2024 – 2025.",,
QD_1863,"Ông Na Jong Keun và bà Nguyễn Thị Thu Hiền thuộc đơn vị nào trong Hội đồng thi đua, khen thưởng và kỷ luật sinh viên?","Ông Na Jong Keun và bà Nguyễn Thị Thu Hiền đại diện Khoa Châu Á học trong Hội đồng thi đua, khen thưởng và kỷ luật sinh viên năm học 2024 – 2025.",,
QD_1863,"Bà Nguyễn Thị Kim Anh đại diện cho đơn vị nào trong Hội đồng thi đua, khen thưởng và kỷ luật sinh viên?","Bà Nguyễn Thị Kim Anh đại diện Phòng Tổng hợp trong Hội đồng thi đua, khen thưởng và kỷ luật sinh viên năm học 2024 – 2025.",,
QD_1863,"Bà Nguyễn Thị Thu Hương thuộc đơn vị nào trong Hội đồng thi đua, khen thưởng và kỷ luật sinh viên?","Bà Nguyễn Thị Thu Hương đại diện Phòng Kế toán trong Hội đồng thi đua, khen thưởng và kỷ luật sinh viên năm học 2024 – 2025.",,
QD_1863,"Ông Nguyễn Ngọc Chiến tham gia Hội đồng thi đua, khen thưởng và kỷ luật sinh viên với vai trò gì?","Ông Nguyễn Ngọc Chiến là Chủ tịch Công đoàn tham gia Hội đồng thi đua, khen thưởng và kỷ luật sinh viên năm học 2024 – 2025.",,
QD_1863,"Bà Lê Thanh Cẩm đại diện cho đơn vị nào trong Hội đồng thi đua, khen thưởng và kỷ luật sinh viên?","Bà Lê Thanh Cẩm là Tổ trưởng Tổ giáo vụ tham gia Hội đồng thi đua, khen thưởng và kỷ luật sinh viên năm học 2024 – 2025.",,
BDU_001,Trường Đại học Bình Dương được thành lập từ năm nào?,Trường Đại học Bình Dương được thành lập và song hành với quá trình xây dựng và phát triển của tỉnh Bình Dương từ năm 1997.,,
BDU_002,Trường Đại học Bình Dương có phải là trường công lập không?,"Trường Đại học Bình Dương là trường không sử dụng ngân sách Nhà nước, là mô hình giáo dục đầu tiên của tỉnh, được xây dựng thông qua con đường xã hội hóa giáo dục.",,
BDU_003,Trường Đại học Bình Dương hiện đang đào tạo các cấp bậc nào?,"Trường Đại học Bình Dương hiện đang đào tạo trình độ tiến sĩ ngành Quản trị kinh doanh, trình độ thạc sĩ với 04 ngành đào tạo, và trình độ đại học với 21 ngành đào tạo.",,
BDU_004,Trường Đại học Bình Dương đã đạt những thành tích nổi bật nào về kiểm định chất lượng giáo dục?,"Trường Đại học Bình Dương được công nhận đạt chuẩn kiểm định chất lượng cơ sở giáo dục giai đoạn 5 năm 2023-2028 (năm 2023), đạt chuẩn kiểm định 3 chương trình đào tạo (năm 2022), và đạt chuẩn kiểm định chất lượng giáo dục theo quy định của Bộ Giáo dục và Đào tạo (năm 2018).",,
BDU_005,Quan điểm giáo dục và phương pháp học tập chính mà Trường Đại học Bình Dương áp dụng là gì?,"Trường Đại học Bình Dương áp dụng phương pháp đào tạo “Cộng học” theo hình thức 05 người Thầy, là phương pháp giáo dục chủ động, tích cực, và là sự tương tác hai chiều qua lại, tự đối thoại với chính mình.",,
BDU_006,05 người Thầy trong phương pháp 'Cộng học' tại Trường Đại học Bình Dương bao gồm những ai?,"05 người Thầy trong phương pháp 'Cộng học' tại Trường Đại học Bình Dương bao gồm: Thầy là 'Cha Mẹ', Thầy là 'Thầy/Cô; Bạn bè', Thầy là 'Sách; Tài liệu; Giáo trình; Hội thảo khoa học', Thầy là 'Dr. Google', và Thầy là 'Chính bản thân mình'.",,
BDU_007,Phòng Quản lý đào tạo và Công tác sinh viên có những chức năng chính nào liên quan đến công tác sinh viên?,"Phòng Quản lý đào tạo và Công tác sinh viên có chức năng hỗ trợ việc học và công tác sinh viên, cung cấp thông tin hệ thống ký túc xá của Trường để sinh viên liên hệ đăng ký chỗ ở, và hỗ trợ giải đáp các thắc mắc và tiếp nhận thủ tục hành chính của sinh viên.",,
BDU_008,Phòng Quản lý đào tạo và Công tác sinh viên hỗ trợ trực tiếp cho sinh viên trong những vấn đề đào tạo nào?,"Phòng Quản lý đào tạo và Công tác sinh viên hỗ trợ trực tiếp cho sinh viên trong các vấn đề đăng ký môn học, lịch học, và thời khóa biểu.",,
BDU_009,Phòng Quản lý đào tạo và Công tác sinh viên hỗ trợ giảng viên về những vấn đề gì?,"Phòng Quản lý đào tạo và Công tác sinh viên hỗ trợ giảng viên về lịch giảng dạy, thay đổi lịch học, và nghỉ đột xuất.",,
BDU_010,"Chức năng tham mưu và giúp Hiệu trưởng trong công tác định hướng, phát triển đào tạo đại học thuộc về đơn vị nào?","Chức năng tham mưu và giúp Hiệu trưởng trong việc định hướng, phát triển công tác đào tạo đại học của Trường thuộc về Phòng Quản lý đào tạo và Công tác sinh viên.",,
BDU_011,"Đơn vị nào chịu trách nhiệm tổ chức thực hiện, kiểm tra giám sát toàn bộ công tác giảng dạy, học tập các hệ và loại hình đào tạo bậc học của Trường?","Phòng Quản lý đào tạo và Công tác sinh viên chịu trách nhiệm tổ chức thực hiện, kiểm tra giám sát toàn bộ công tác giảng dạy, học tập các hệ và loại hình đào tạo bậc học của Trường.",,
BDU_012,"Đơn vị nào quản lý việc in ấn, cấp phát văn bằng, chứng chỉ đào tạo và bảng điểm cá nhân người học?","Phòng Quản lý đào tạo và Công tác sinh viên quản lý việc in ấn, cấp phát văn bằng, chứng chỉ đào tạo và bảng điểm cá nhân người học.",,
BDU_013,Phòng Tổng hợp có những chức năng cơ bản nào?,"Phòng Tổng hợp thực hiện các công tác hành chính, công tác nhân sự, và công tác cơ sở vật chất, trang thiết bị dạy và học.",,
BDU_014,Chức năng liên quan đến công tác tài chính của Nhà trường thuộc về đơn vị nào?,Chức năng liên quan đến công tác tài chính của Nhà trường thuộc về Phòng Tài chính - Kế toán.,,
BDU_015,Phòng Bảo đảm chất lượng và Khảo thí có trách nhiệm gì trong việc tổ chức thi cử?,Phòng Bảo đảm chất lượng và Khảo thí tổ chức các hình thức kiểm tra các kỳ thi của sinh viên và giám sát công tác tổ chức thi kiểm tra đánh giá kết quả học tập.,,
BDU_016,"Đơn vị nào giám sát việc giảng dạy, học tập, trang thiết bị giảng dạy, và kỷ luật sinh viên?","Phòng Bảo đảm chất lượng và Khảo thí giám sát việc giảng dạy, học tập, trang thiết bị giảng dạy, và kỷ luật sinh viên.",,
BDU_017,Phòng Bảo đảm chất lượng và Khảo thí có chức năng gì liên quan đến phản ánh từ phụ huynh và sinh viên?,"Phòng Bảo đảm chất lượng và Khảo thí ghi nhận và giải quyết các phản ánh từ phụ huynh, sinh viên.",,
BDU_018,Đơn vị nào tổ chức các hoạt động nghiên cứu khoa học cho giảng viên và sinh viên?,Phòng Quản lý khoa học và Quan hệ đối ngoại tổ chức các hoạt động nghiên cứu khoa học trong giảng viên và sinh viên.,,
BDU_019,Văn phòng Khoa cung cấp những thông tin gì và phụ trách những công tác nào?,"Văn phòng Khoa cung cấp các thông tin về kế hoạch và kết quả học tập của sinh viên thuộc khoa quản lý, phụ trách công tác giáo viên chủ nhiệm, cố vấn học tập, hướng dẫn học tập cho sinh viên do khoa quản lý, và phụ trách công tác đào tạo giai đoạn cơ sở ngành, chuyên ngành.",,
BDU_020,"Trung tâm Lưu trữ và Thư viện phục vụ hoạt động của cán bộ, giảng viên, sinh viên thông qua hình thức nào?","Trung tâm Lưu trữ và Thư viện phục vụ hoạt động học tập, nghiên cứu, giảng dạy và đào tạo của cán bộ giảng viên, sinh viên thông qua việc sử dụng khai thác các loại tài liệu, thông tin có trong Thư viện.",,
BDU_021,Trung tâm Lưu trữ và Thư viện có cung cấp dịch vụ phòng máy tính kết nối internet không?,"Có, Trung tâm Lưu trữ và Thư viện có phòng máy kết nối internet phục vụ công tác học tập, nghiên cứu, giảng dạy của giảng viên, cán bộ, nhân viên, sinh viên Nhà trường.",,
BDU_022,Đơn vị nào tổ chức đào tạo các chương trình Ngoại ngữ và Tin học?,Trung tâm Tin học và Ngoại ngữ tổ chức đào tạo các chương trình Ngoại ngữ và Tin học.,,
BDU_023,Trung tâm Nhật ngữ Fuji có chức năng gì?,"Trung tâm Nhật ngữ Fuji tổ chức đào tạo các chương trình Nhật ngữ, tổ chức giao lưu văn hóa văn nghệ, và tìm, giới thiệu học bổng.",,
BDU_024,Học viện King Sejong Bình Dương có những chức năng nào?,"Học viện King Sejong Bình Dương tổ chức đào tạo các chương trình Hàn ngữ, tổ chức giao lưu văn hóa văn nghệ giữa 02 quốc gia Việt – Hàn, và tìm, giới thiệu các nguồn học bổng du học tại Hàn Quốc.",,
BDU_025,Viện Đào tạo mở và Nghiên cứu phát triển (BOLT) có chức năng gì trong việc đào tạo và hỗ trợ sinh viên tìm việc làm?,"Viện Đào tạo mở và Nghiên cứu phát triển (BOLT) đào tạo các khóa học ngắn hạn, rèn luyện kỹ năng, chuyên môn, nghiệp vụ để sinh viên tốt nghiệp có thể tìm được việc làm phù hợp.",,
BDU_026,Viện Đào tạo mở và Nghiên cứu phát triển (BOLT) có tổ chức du học hoặc chương trình giao lưu văn hóa không?,"Có, Viện Đào tạo mở và Nghiên cứu phát triển (BOLT) tổ chức du học cho những sinh viên có nhu cầu học tập tại các trường đại học ở các quốc gia như Mỹ, Canada, Anh, Úc, Hàn Quốc, Nhật Bản, Trung Quốc, Đài Loan, và tổ chức các chương trình giao lưu, trải nghiệm văn hóa ngắn hạn tại các trường liên kết với Đại học Bình Dương.",,
BDU_027,Trạm Y tế trong Trường có những chức năng chính nào?,"Trạm Y tế thực hiện các công tác y tế học đường, tuyên truyền, trang bị kiến thức cơ bản về y tế, sơ cấp cứu, chăm sóc sức khỏe cho sinh viên, giảng viên, cán bộ - nhân viên của nhà trường, và giải quyết các vấn đề liên quan đến Thẻ BHYT của sinh viên.",,
BDU_028,Văn phòng Đoàn - Hội có vai trò gì trong các hoạt động ngoại khóa của sinh viên?,"Văn phòng Đoàn - Hội tổ chức các hoạt động ngoại khóa, hoạt động tình nguyện xã hội, hoạt động văn hóa văn nghệ, thể thao, hoạt động phong trào cho sinh viên toàn trường, và tổ chức sinh hoạt Đoàn Thanh niên - Hội Sinh viên.",,
BDU_029,Thông tin liên hệ chính thức của Trường Đại học Bình Dương tại Bình Dương là gì?,"Thông tin liên hệ của Trường Đại học Bình Dương tại Bình Dương là địa chỉ 504 Đại lộ Bình Dương, phường Hiệp Thành, Tp. Thủ Dầu Một, Bình Dương; điện thoại 02743.822058 (nội bộ 100 hoặc 101) hoặc 02747.303399; website https://bdu.edu.vn và email tuyensinh@bdu.edu.vn.",,
BDU_030,Thông tin liên hệ của Phân hiệu Trường Đại học Bình Dương tại Cà Mau là gì?,"Thông tin liên hệ của Phân hiệu Trường Đại học Bình Dương tại Cà Mau là địa chỉ Số 03, đường Lê Thị Riêng, Phường 5, Tp. Cà Mau, Cà Mau; điện thoại 02903.997777, 02903.552177 hoặc 0942 931 239; website https://camau.bdu.edu.vn và email tuyensinh.cm@bdu.edu.vn.",,
BDU_031,"Giảng viên, cán bộ, nhân viên cần cung cấp những thông tin gì khi liên hệ với Nhà trường về vấn đề liên quan đến sinh viên?","Khi liên hệ với Nhà trường về vấn đề liên quan đến sinh viên, giảng viên, cán bộ, nhân viên cần cung cấp các thông tin sau: Họ và tên sinh viên, Mã số sinh viên, và Ngành học.",,
BDU_032,Phụ huynh và Nhà trường tương tác với nhau thông qua các kênh nào?,"Phụ huynh và Nhà trường sẽ tương tác với nhau thông qua các kênh như điện thoại, email, Facebook, Zalo, Skype.",,
BDU_033,Nhà trường cung cấp thông tin gì cho phụ huynh về giáo viên chủ nhiệm và cố vấn học tập?,"Nhà trường cung cấp đầy đủ thông tin về giáo viên chủ nhiệm, cố vấn học tập được Nhà trường phân công phụ trách theo dõi kết quả học tập, rèn luyện của con em phụ huynh.",,
BDU_034,"Phụ huynh có thể liên hệ trực tiếp với ai để trao đổi về kết quả học tập, rèn luyện của con em mình?","Phụ huynh có thể liên hệ trực tiếp qua các kênh điện thoại, Facebook, Zalo, email, Skype với giáo viên chủ nhiệm, cố vấn học tập hoặc Phòng Quản lý đào tạo và Công tác sinh viên.",,
BDU_035,"Trong những trường hợp nào Nhà trường sẽ thông báo cho phụ huynh và sinh viên qua địa chỉ thường trú, điện thoại, Facebook, Zalo, email?","Nhà trường sẽ thông báo cho phụ huynh và sinh viên khi có thông báo đóng học phí, lệ phí; khi sinh viên vi phạm nội quy, quy chế ở mức độ nghiêm trọng; hoặc khi có thông báo sinh viên bị đình chỉ học tập, buộc thôi học.",,
BDU_036,Đơn vị nào chịu trách nhiệm tư vấn cho sinh viên chọn môn học trong quy trình đăng ký môn học trực tuyến?,Cố vấn học tập và giáo viên chủ nhiệm chịu trách nhiệm tư vấn cho sinh viên chọn môn học trong quy trình đăng ký môn học trực tuyến.,,
BDU_037,"Giảng viên, cố vấn học tập cần lưu ý gì khi sinh viên không đóng học phí đúng thời gian quy định?","Nếu sinh viên không đóng học phí đúng thời gian quy định, hoặc không làm đơn xin gia hạn thời gian đóng học phí, hoặc không đóng học phí đúng theo thời gian gia hạn, hệ thống đăng ký môn học sẽ tự động hủy môn học đã đăng ký.",,
BDU_038,Sinh viên cần hoàn tất khoản học phí của các học kỳ nào để nhận hóa đơn học phí của học kỳ hiện tại?,Sinh viên phải hoàn tất các khoản học phí của các học kỳ trước mới nhận được hóa đơn học phí của học kỳ hiện tại.,,
BDU_039,Sinh viên có hoàn cảnh khó khăn không nộp học phí đúng thời gian quy định cần làm gì?,"Sinh viên có hoàn cảnh khó khăn không nộp học phí theo đúng thời gian quy định phải làm đơn xin gia hạn đóng học phí (đơn phải đúng mẫu quy định, điền đầy đủ thông tin).",,
BDU_040,"Giảng viên, cố vấn học tập cần biết về các điều kiện nào để sinh viên được phép nghỉ học tạm thời vì nhu cầu cá nhân?","Sinh viên được phép nghỉ học tạm thời vì nhu cầu cá nhân phải học ít nhất một học kỳ tại Trường, không rơi vào các trường hợp bị buộc thôi học và phải đạt điểm trung bình chung tích lũy không dưới 2,00. Thời gian nghỉ học tạm thời vì nhu cầu cá nhân phải được tính vào thời gian học chính thức theo quy định.",,
BDU_041,"Giảng viên, nhân viên Phòng Quản lý đào tạo và Công tác sinh viên cần lưu ý gì khi sinh viên muốn trở lại học sau thời gian nghỉ học tạm thời?","Sinh viên nghỉ học tạm thời, khi muốn trở lại học tiếp tại Trường, phải viết đơn gửi Hiệu trưởng ít nhất một tuần trước khi bắt đầu học kỳ mới.",,
BDU_042,Đơn vị nào có trách nhiệm hướng dẫn sinh viên tải mẫu đơn nghỉ học tạm thời?,Phòng Quản lý đào tạo và Công tác sinh viên có trách nhiệm hướng dẫn sinh viên truy cập trang web của Phòng QLĐT&CTSV tại địa chỉ daotao.bdu.edu.vn để tải mẫu đơn nghỉ học tạm thời.,,
BDU_043,"Giảng viên, nhân viên cần biết thời gian áp dụng quy trình xét và công nhận giá trị chuyển đổi kết quả học tập là khi nào?","Quy trình xét và công nhận giá trị chuyển đổi kết quả học tập áp dụng vào đầu khóa học, thực hiện theo thông báo nộp hồ sơ đề nghị xem xét và công nhận giá trị chuyển đổi kết quả học tập.",,
BDU_044,"Sinh viên có phải nộp học phí, lệ phí cho các môn học được chuyển, miễn điểm không?","Có, các môn học sinh viên chuyển, miễn điểm thực hiện nộp học phí, lệ phí theo quy định (nếu có).",,
BDU_045,Mục đích của quy trình hủy môn học là gì?,"Mục đích của quy trình hủy môn học là hướng dẫn sinh viên các bước thực hiện hủy môn học không rút học phí do môn học thừa (không có trong chương trình đào tạo) so với chương trình đào tạo ngành, chuyên ngành sinh viên đang theo học.",,
BDU_046,Kết quả hủy môn học sẽ được thông báo cho sinh viên qua kênh nào?,Kết quả hủy môn học sẽ được thông báo qua email sinh viên.,,
BDU_047,"Giảng viên, nhân viên cần nắm rõ mục đích của quy trình chỉnh sửa điểm là gì?",Mục đích của quy trình chỉnh sửa điểm là hướng dẫn sinh viên chỉnh sửa điểm do điểm các môn học không khớp với dữ liệu điểm ghi trên bảng ghi điểm thi.,,
BDU_048,Kết quả điều chỉnh điểm (nếu có) sẽ được thông báo cho sinh viên qua kênh nào?,"Nhà trường sẽ gửi kết quả đối chiếu, điều chỉnh (nếu có) qua email sinh viên.",,
BDU_049,"Sinh viên muốn in bảng điểm (theo học kỳ, xin việc) cần liên hệ với đơn vị nào trước để nộp lệ phí?",Sinh viên cần liên hệ Phòng Tuyển sinh để nộp lệ phí in bảng điểm trước.,,
BDU_050,Thời gian áp dụng quy trình đăng ký môn học trực tuyến là khi nào?,Sinh viên thực hiện đăng ký môn học trực tuyến mỗi đầu học kỳ theo lịch trình đăng ký môn học nhà trường đã thông báo.,,
BDU_051,Đơn vị nào có trách nhiệm hướng dẫn sinh viên đăng ký học tập trên hệ thống đăng ký học tập?,Phòng Quản lý đào tạo và Công tác sinh viên và giáo viên chủ nhiệm có trách nhiệm hướng dẫn cho sinh viên đăng ký học tập trên hệ thống đăng ký học tập https://sv.bdu.edu.vn.,,
BDU_052,Sinh viên phải đăng ký học các học phần nào trong mỗi học kỳ theo hệ thống tín chỉ?,"Sinh viên phải đăng ký lớp của các học phần dự định sẽ học trong học kỳ, gồm: những học phần mới, một số học phần chưa đạt (để học lại) và một số học phần đã đạt (để cải thiện điểm, nếu có) căn cứ danh sách học phần được mở và điều kiện đăng ký của mỗi học phần.",,
BDU_053,Nhà trường thông báo lịch trình học dự kiến và danh sách các học phần dự kiến sẽ dạy vào khi nào?,"Đầu mỗi năm học, Nhà trường thông báo lịch trình học dự kiến cho từng chương trình trong từng học kỳ, danh sách các học phần bắt buộc và tự chọn dự kiến sẽ dạy, đề cương chi tiết, điều kiện tiên quyết để được đăng ký học cho từng học phần, lịch kiểm tra và thi, hình thức kiểm tra và thi đối với các học phần.",,
BDU_054,Sinh viên có thể đăng ký thêm hoặc đổi sang học phần khác trong khoảng thời gian nào?,Sinh viên muốn đăng ký thêm hoặc đổi sang học phần khác do không mở được lớp sinh viên đăng ký trong 2 tuần đầu của học kỳ chính và trong 1 tuần đầu của học kỳ phụ.,,
BDU_055,Khối lượng học tập tối thiểu và tối đa mà mỗi sinh viên phải đăng ký trong mỗi học kỳ là bao nhiêu tín chỉ?,Khối lượng học tập tối thiểu mà mỗi sinh viên phải đăng ký trong mỗi học kỳ là 10 tín chỉ và tối đa là 19 tín chỉ.,,
BDU_056,Khi nào thì quy định khối lượng học tập tối thiểu từng học kỳ không áp dụng?,"Khối lượng học tập tối thiểu từng học kỳ không áp dụng khi không có học phần mà sinh viên cần đăng ký học (do lớp học phần không đủ số sinh viên đăng ký tối thiểu để mở lớp hoặc do Trường không mở lớp học phần này trong học kỳ), hoặc tổng số tín chỉ chưa tích lũy của sinh viên ít hơn khối lượng học tập tối thiểu.",,
BDU_057,Phòng Quản lý đào tạo và Công tác sinh viên chỉ chấp nhận đăng ký khối lượng học tập của sinh viên ở mỗi học kỳ khi nào?,Phòng Quản lý đào tạo và Công tác sinh viên của Trường chỉ chấp nhận đăng ký khối lượng học tập của sinh viên ở mỗi học kỳ khi sinh viên thực hiện theo đúng thông báo đăng ký môn học từng học kỳ do Nhà trường ban hành.,,
BDU_058,Giảng viên cần biết mỗi học phần được đánh giá qua tối thiểu bao nhiêu điểm thành phần?,"Đối với mỗi học phần, sinh viên được đánh giá qua tối thiểu hai điểm thành phần, gồm: điểm đánh giá quá trình và điểm thi kết thúc học phần.",,
BDU_059,"Đối với học phần có khối lượng nhỏ hơn 02 tín chỉ, việc đánh giá có thể chỉ có bao nhiêu điểm thành phần?",Đối với học phần có khối lượng nhỏ hơn 02 tín chỉ có thể chỉ có một điểm đánh giá.,,
BDU_060,Các điểm thành phần trong học phần được đánh giá theo thang điểm nào?,Các điểm thành phần trong học phần được đánh giá theo thang điểm 10.,,
BDU_061,"Giảng viên cần thông báo gì cho sinh viên về phương pháp, hình thức và trọng số của mỗi điểm thành phần?","Giảng viên cần thông báo phương pháp đánh giá, hình thức đánh giá và trọng số của mỗi điểm thành phần trong đề cương chi tiết của mỗi học phần và được thông báo cho sinh viên vào buổi đầu tiên trên lớp.",,
BDU_062,Tỷ trọng của điểm đánh giá quá trình trong tổng điểm học phần không quá bao nhiêu phần trăm?,Điểm đánh giá quá trình (có thể gồm các điểm như: điểm kiểm tra giữa kỳ; điểm bài tập lớn; tiểu luận; thảo luận...) chiếm tỷ trọng không quá 50%.,,
BDU_063,Tỷ trọng của điểm thi kết thúc học phần (điểm thi cuối kỳ) trong tổng điểm học phần không được thấp hơn bao nhiêu phần trăm?,Điểm thi kết thúc học phần (điểm thi cuối kỳ) chiếm tỷ trọng còn lại nhưng không được thấp hơn 50%.,,
BDU_064,"Trong trường hợp đánh giá trực tuyến, trọng số đóng góp vào điểm học phần không quá bao nhiêu phần trăm?","Trong trường hợp hình thức đánh giá trực tuyến được áp dụng thì phải đảm bảo trung thực, công bằng và khách quan như đánh giá trực tiếp, đồng thời đóng góp không quá 50% trọng số điểm học phần.",,
BDU_065,"Sinh viên vắng mặt trong buổi thi, đánh giá không có lý do chính đáng sẽ nhận điểm bao nhiêu?","Sinh viên vắng mặt trong buổi thi, đánh giá không có lý do chính đáng phải nhận điểm 0.",,
BDU_066,"Sinh viên vắng mặt có lý do chính đáng được dự thi, đánh giá ở một đợt khác và được tính điểm như thế nào?","Sinh viên vắng mặt có lý do chính đáng được dự thi, đánh giá ở một đợt khác và được tính điểm lần đầu.",,
BDU_067,"Sinh viên vắng mặt có lý do chính đáng cần làm gì và trong thời hạn bao lâu để được dự thi, đánh giá ở đợt khác?","Sinh viên vắng mặt có lý do chính đáng phải thông báo bằng văn bản kèm minh chứng và được sự phê duyệt của Nhà trường chậm nhất 07 ngày sau ngày thi, đánh giá.",,
BDU_068,"Điểm học phần được tính từ tổng các điểm thành phần nhân với trọng số tương ứng, và được làm tròn tới mấy chữ số thập phân?","Điểm học phần được tính từ tổng các điểm thành phần nhân với trọng số tương ứng, được làm tròn tới một chữ số thập phân.",,
BDU_069,Điểm học phần từ 4.0 đến 5.0 được xếp loại điểm chữ nào theo thang điểm 10?,Điểm học phần từ 4.0 đến 5.0 được xếp loại điểm D theo thang điểm chữ.,,
BDU_070,Điểm học phần từ 5.5 đến 6.0 được xếp loại điểm chữ nào theo thang điểm 10?,Điểm học phần từ 5.5 đến 6.0 được xếp loại điểm C theo thang điểm chữ.,,
BDU_071,Điểm học phần từ 7.0 đến 8.0 được xếp loại điểm chữ nào theo thang điểm 10?,Điểm học phần từ 7.0 đến 8.0 được xếp loại điểm B theo thang điểm chữ.,,
BDU_072,Điểm học phần từ 8.5 đến 10.0 được xếp loại điểm chữ nào theo thang điểm 10?,Điểm học phần từ 8.5 đến 10.0 được xếp loại điểm A theo thang điểm chữ.,,
BDU_073,Điểm P (MT) được sử dụng cho loại học phần nào và có ý nghĩa gì?,"Điểm P (MT) được áp dụng cho các học phần chỉ yêu cầu đạt, không tính vào điểm trung bình học tập, và có giá trị từ 5,0 điểm trở lên.",,
BDU_074,Điểm F có ý nghĩa gì trong đánh giá học phần?,"Điểm F có nghĩa là loại không đạt, áp dụng cho điểm dưới 4.0 điểm.",,
BDU_075,Điểm I (HT) có ý nghĩa gì?,"Điểm I (HT) là điểm chưa hoàn thiện do được phép hoãn thi, kiểm tra.",,
BDU_076,Điểm R (MT) có ý nghĩa gì?,Điểm R (MT) là điểm học phần được miễn học và công nhận tín chỉ.,,
BDU_077,Sinh viên có điểm học phần không đạt phải làm gì?,Sinh viên có điểm học phần không đạt phải đăng ký học lại theo quy định.,,
BDU_078,Sinh viên đã có điểm học phần đạt có được đăng ký học lại để cải thiện điểm không?,"Có, sinh viên đã có điểm học phần đạt được đăng ký học lại để cải thiện điểm.",,
BDU_079,Giảng viên hướng dẫn học phần thực tập nghề nghiệp phải là người như thế nào?,"Giảng viên hướng dẫn học phần thực tập nghề nghiệp phải là người đã giảng dạy các học phần khác có liên quan trực tiếp đến nội dung thực tập nghề nghiệp, có kinh nghiệm trong việc tổ chức thực hành, thực tập.",,
BDU_080,Giảng viên tập sự có được cử hướng dẫn thực tập nghề nghiệp không?,"Không, không cử giảng viên tập sự hướng dẫn thực tập nghề nghiệp.",,
BDU_081,Trách nhiệm của giảng viên hướng dẫn học phần thực tập nghề nghiệp là gì?,"Giảng viên hướng dẫn học phần thực tập nghề nghiệp là người trực tiếp thực hiện các khâu từ lập kế hoạch, liên hệ địa điểm đến việc phối hợp với cán bộ cơ sở thực tập quản lý hướng dẫn sinh viên trong quá trình thực tập đến đánh giá kết quả thực tập của sinh viên.",,
BDU_082,Kết quả học tập của sinh viên được đánh giá sau từng học kỳ hoặc năm học dựa trên những tiêu chí nào?,"Kết quả học tập của sinh viên được đánh giá dựa trên: tổng số tín chỉ của những học phần mà sinh viên không đạt, tổng số tín chỉ tích lũy (tính cả các học phần được miễn học, được công nhận tín chỉ), và điểm trung bình của những học phần đã học (điểm trung bình học kỳ, năm học hoặc tích lũy).",,
BDU_083,Điểm trung bình được tính như thế nào?,"Điểm trung bình được tính bằng công thức A = (Σ a * n) / Σ n, trong đó A là điểm trung bình chung học kỳ hoặc tích lũy, a là điểm của học phần thứ i, và n là số tín chỉ của học phần thứ i.",,
BDU_084,Sinh viên được xếp loại học lực Xuất sắc khi điểm trung bình đạt bao nhiêu theo thang điểm 4?,"Sinh viên được xếp loại học lực Xuất sắc khi điểm trung bình đạt từ 3,6 đến 4,0 theo thang điểm 4.",,
BDU_085,Sinh viên được xếp loại học lực Giỏi khi điểm trung bình đạt bao nhiêu theo thang điểm 4?,"Sinh viên được xếp loại học lực Giỏi khi điểm trung bình đạt từ 3,2 đến cận 3,6 theo thang điểm 4.",,
BDU_086,Sinh viên được xếp loại học lực Khá khi điểm trung bình đạt bao nhiêu theo thang điểm 4?,"Sinh viên được xếp loại học lực Khá khi điểm trung bình đạt từ 2,5 đến cận 3,2 theo thang điểm 4.",,
BDU_087,Sinh viên được xếp loại học lực Trung bình khi điểm trung bình đạt bao nhiêu theo thang điểm 4?,"Sinh viên được xếp loại học lực Trung bình khi điểm trung bình đạt từ 2,0 đến cận 2,5 theo thang điểm 4.",,
BDU_088,Sinh viên được xếp loại học lực Yếu khi điểm trung bình đạt bao nhiêu theo thang điểm 4?,"Sinh viên được xếp loại học lực Yếu khi điểm trung bình đạt từ 1,0 đến cận 2,0 theo thang điểm 4.",,
BDU_089,Sinh viên được xếp loại học lực Kém khi điểm trung bình đạt bao nhiêu theo thang điểm 4?,"Sinh viên được xếp loại học lực Kém khi điểm trung bình đạt dưới 1,0 theo thang điểm 4.",,
BDU_090,Thời gian tối đa để sinh viên hoàn thành khóa học là bao lâu so với thời gian theo kế hoạch học tập chuẩn toàn khóa?,Thời gian tối đa để sinh viên hoàn thành khóa học là không vượt quá 02 lần thời gian theo kế hoạch học tập chuẩn toàn khóa đối với mỗi hình thức đào tạo.,,
BDU_091,Một học phần chỉ được xem là tích lũy khi đạt từ điểm nào trở lên theo thang điểm chữ hoặc thang điểm 10?,"Một học phần chỉ được xem là tích lũy khi đạt từ điểm D trở lên theo thang điểm chữ (nếu bảng điểm chỉ ghi theo thang điểm chữ hoặc thang điểm 4) hoặc đạt từ điểm 5,0 trở lên theo thang điểm 10 (nếu bảng điểm chỉ ghi theo thang điểm 10).",,
BDU_092,Sinh viên có thể được miễn và công nhận điểm học phần dựa trên kết quả học tập đã tích lũy từ đâu?,"Sinh viên có thể được miễn và công nhận điểm học phần dựa trên kết quả học tập đã tích lũy từ một trình độ đào tạo khác, một ngành đào tạo hoặc một chương trình đào tạo khác, một khóa học khác hoặc từ một cơ sở đào tạo khác.",,
BDU_093,"Khối lượng tín chỉ tối đa được công nhận, chuyển đổi không vượt quá bao nhiêu phần trăm khối lượng học tập tối thiểu của chương trình đào tạo?","Khối lượng tín chỉ tối đa được công nhận, chuyển đổi không vượt quá 50% khối lượng học tập tối thiểu của chương trình đào tạo (không tính khối lượng học tập các học phần Giáo dục quốc phòng và an ninh, Giáo dục thể chất, Lý luận chính trị, Ngoại ngữ).",,
BDU_094,"Đối với học phần Tiếng Anh, sinh viên có bằng tốt nghiệp ngành Tiếng Anh hoặc Ngôn ngữ Anh có được miễn học phần không?","Có, sinh viên có bằng tốt nghiệp trình độ trung cấp hoặc bằng tốt nghiệp cao đẳng hoặc bằng tốt nghiệp đại học các ngành Tiếng Anh hoặc Ngôn ngữ Anh sẽ được ghi nhận kết quả điểm “MT” cho học phần Tiếng Anh nếu thỏa điều kiện xét và công nhận.",,
BDU_095,"Đối với học phần Tin học đại cương, sinh viên có chứng chỉ Tin học quốc tế IC3 GS6 đạt điểm tối thiểu bao nhiêu thì được miễn?",Sinh viên có chứng chỉ Tin học quốc tế IC3 GS6 đạt điểm tối thiểu từ 900 điểm trở lên sẽ được ghi nhận kết quả điểm “MT” cho học phần Tin học đại cương nếu thỏa điều kiện xét và công nhận.,,
BDU_096,"Đối với học phần Tin học đại cương, sinh viên có chứng chỉ MOS bao gồm các kỹ năng Word, Excel, PowerPoint với điểm mỗi kỹ năng đạt tối thiểu bao nhiêu thì được miễn?","Sinh viên có chứng chỉ MOS (bao gồm tất cả các kỹ năng Word, Excel và PowerPoint) với điểm mỗi kỹ năng đạt tối thiểu từ 900 điểm trở lên sẽ được ghi nhận kết quả điểm “MT” cho học phần Tin học đại cương nếu thỏa điều kiện xét và công nhận.",,
BDU_097,"Giảng viên, nhân viên cần thông báo cho sinh viên về việc nộp học phí đối với các học phần được xét và công nhận kết quả chuyển đổi tín chỉ như thế nào?","Các học phần được xét và công nhận kết quả chuyển đổi tín chỉ, sinh viên phải nộp học phí theo quy định của Trường.",,
BDU_098,Sinh viên được miễn học phí tối đa bao nhiêu tín chỉ/toàn khóa đối với các học phần xét miễn và công nhận kết quả chuyển đổi tín chỉ khi học phần được công nhận có điểm chữ tối thiểu từ B+?,"Sinh viên được miễn học phí tối đa 10 tín chỉ/toàn khóa đối với các học phần xét miễn và công nhận kết quả chuyển đổi tín chỉ khi học phần được công nhận có điểm chữ tối thiểu từ B+ hoặc tối thiểu từ 8,1 điểm trở lên (theo thang điểm 10).",,
BDU_099,Quy trình phúc khảo bài thi cuối kỳ chỉ áp dụng cho loại điểm nào?,"Quy trình phúc khảo bài thi chỉ áp dụng cho bài thi cuối kỳ, không chấm phúc khảo điểm giữa kỳ.",,
BDU_100,"Thời hạn nộp đơn chấm khiếu nại, phúc khảo bài thi là bao lâu kể từ ngày công bố kết quả?",Thời hạn nộp đơn chấm khiếu nại/phúc khảo bài thi là 15 ngày kể từ ngày công bố kết quả.,,
BDU_101,Sinh viên nộp đơn phúc khảo bài thi tại đơn vị nào và cần kèm theo giấy tờ gì?,Sinh viên nộp đơn phúc khảo bài thi tại Phòng Bảo đảm chất lượng và Khảo thí kèm theo biên lai lệ phí phúc khảo (nộp tại Phòng Tài chính - Kế toán theo quy định của Trường).,,
BDU_102,Thời gian công bố điểm phúc khảo là bao lâu kể từ ngày nhận đơn chấm phúc khảo?,Thời gian công bố điểm phúc khảo là 15 ngày kể từ ngày nhận đơn chấm phúc khảo.,,
BDU_103,Bài thi phúc khảo được chấm bằng loại bút mực nào?,Bài thi phúc khảo được chấm bằng bút mực xanh lá cây hoặc bút mực tím.,,
BDU_104,Có bao nhiêu cán bộ chấm thi phụ trách chấm phúc khảo bài thi?,Có hai cán bộ chấm thi phụ trách chấm phúc khảo bài thi.,,
BDU_105,Giảng viên tham gia chấm phúc khảo cần làm gì sau khi thống nhất điểm?,"Sau khi thống nhất điểm, hai cán bộ chấm thi ghi điểm số và điểm chữ vào bài thi, ghi biên bản chấm phúc khảo bằng bút mực xanh lá cây hoặc bút mực tím, ghi đầy đủ họ tên và ký tên xác nhận.",,
BDU_106,Quyền của sinh viên về việc học và đào tạo được quy định như thế nào?,"Sinh viên được học và đào tạo theo đúng ngành nghề đăng ký, được sự hỗ trợ của Nhà trường và khoa để hoàn thành chương trình học.",,
BDU_107,Sinh viên có được sử dụng phòng nghỉ do Nhà trường bố trí vào buổi trưa không?,"Có, sinh viên được sử dụng Phòng nghỉ do Nhà trường bố trí vào các buổi trưa khi ở lại Trường.",,
BDU_108,Sinh viên có quyền tham gia làm cộng tác viên cùng Nhà trường trong các hoạt động tuyển sinh và được nhận thù lao không?,"Có, sinh viên được tham gia làm cộng tác viên cùng Nhà trường trong các hoạt động tuyển sinh, viết bài và được nhận khoản thù lao theo quy định của Trường.",,
BDU_109,Nhà trường có hỗ trợ sinh viên về việc làm thêm và các chương trình khởi nghiệp không?,"Có, sinh viên được hỗ trợ việc làm thêm và tham gia các chương trình khởi nghiệp do Nhà trường hoặc khoa tổ chức.",,
BDU_110,Nhà trường cung cấp thông tin cho sinh viên thông qua kênh nào?,Nhà trường cấp một tài khoản thông qua cổng thông tin sinh viên để phục vụ trao đổi thông tin trong quá trình học tập.,,
BDU_111,Sinh viên có quyền sử dụng hệ thống thư viện và các trang thiết bị phục vụ học tập không?,"Có, sinh viên được sử dụng hệ thống thư viện, các trang thiết bị và phương tiện phục vụ học tập, thí nghiệm, nghiên cứu khoa học, văn hóa, văn nghệ, thể dục thể thao.",,
BDU_112,Sinh viên có quyền kiến nghị với Nhà trường các giải pháp góp phần xây dựng Nhà trường không?,"Có, sinh viên được trực tiếp hoặc thông qua đại diện hợp pháp của mình kiến nghị với Nhà trường các giải pháp góp phần xây dựng Nhà trường.",,
BDU_113,Sinh viên đủ điều kiện công nhận tốt nghiệp được Nhà trường cấp những giấy tờ gì?,"Sinh viên đủ điều kiện công nhận tốt nghiệp được Nhà trường cấp Bằng tốt nghiệp, bản sao Bằng tốt nghiệp, bảng điểm tốt nghiệp toàn khóa và các giấy tờ liên quan khác.",,
BDU_114,Nghĩa vụ của sinh viên về việc học tập và rèn luyện là gì?,"Sinh viên có nghĩa vụ học tập, rèn luyện theo chương trình và kế hoạch đào tạo của Nhà trường; chủ động, tích cực tự học, nghiên cứu, sáng tạo và rèn luyện đạo đức, lối sống.",,
BDU_115,Sinh viên có nghĩa vụ tôn trọng ai trong trường học?,"Sinh viên có nghĩa vụ tôn trọng nhà giáo, cán bộ quản lý, giảng viên và nhân viên của cơ sở giáo dục đại học.",,
BDU_116,Sinh viên có nghĩa vụ giữ gìn và bảo vệ tài sản của Nhà trường không?,"Có, sinh viên có nghĩa vụ giữ gìn và bảo vệ tài sản, góp phần xây dựng và phát huy truyền thống của Nhà trường.",,
BDU_117,Sinh viên có nghĩa vụ thực hiện khám sức khỏe đầu khóa và định kỳ không?,"Có, sinh viên có nghĩa vụ thực hiện đầy đủ quy định về khám sức khỏe đầu khóa và khám sức khỏe định kỳ trong thời gian học tập.",,
BDU_118,"Sinh viên có nghĩa vụ nộp học phí, lệ phí, bảo hiểm y tế như thế nào?","Sinh viên có nghĩa vụ nộp học phí, lệ phí, bảo hiểm y tế đầy đủ, đúng thời hạn.",,
BDU_119,"Sinh viên có nghĩa vụ tham gia lao động công ích, hoạt động tình nguyện, hoạt động xã hội không?","Có, sinh viên có nghĩa vụ tham gia các hoạt động vì cộng đồng phù hợp với năng lực và sức khỏe theo yêu cầu của Nhà trường.",,
BDU_120,"Sinh viên có nghĩa vụ tham gia phòng, chống tiêu cực, gian lận trong học tập, thi cử không?","Có, sinh viên có nghĩa vụ tham gia phòng, chống tiêu cực, gian lận trong học tập, thi cử và các hoạt động khác; kịp thời báo cáo với Nhà trường hoặc cơ quan có thẩm quyền khi phát hiện hành vi sai phạm.",,
BDU_121,Sinh viên có nghĩa vụ tham gia đầy đủ Tuần sinh hoạt công dân – Sinh viên (SHCD-SV) theo kế hoạch của Nhà trường như thế nào?,"Sinh viên có nghĩa vụ tham gia đầy đủ Tuần sinh hoạt công dân – Sinh viên (SHCD-SV) theo kế hoạch của Nhà trường: 01 đợt đầu khóa, 01 đợt giữa khóa và 01 đợt cuối khóa.",,
BDU_122,Sinh viên có nghĩa vụ tham gia các hoạt động khảo sát lấy ý kiến người học không?,"Có, sinh viên có nghĩa vụ tham gia các hoạt động khảo sát lấy ý kiến người học theo kế hoạch và thông báo của Nhà trường.",,
BDU_123,"Hành vi nào liên quan đến xúc phạm nhân phẩm, danh dự bị cấm đối với sinh viên?","Sinh viên không được xúc phạm nhân phẩm, danh dự, xâm phạm thân thể giảng viên, cán bộ quản lý, nhân viên, người học hoặc người khác.",,
BDU_124,"Sinh viên bị cấm những hành vi gian lận nào trong học tập, kiểm tra, thi cử?","Sinh viên không được gian lận trong học tập, kiểm tra, thi cử hoặc tuyển sinh.",,
BDU_125,Sinh viên có được tham gia các tệ nạn xã hội hoặc gây rối an ninh trật tự không?,"Không, sinh viên không được tham gia các tệ nạn xã hội, gây rối an ninh trật tự trong hoặc ngoài trường học và các hành vi vi phạm pháp luật khác.",,
BDU_126,"Sinh viên có được hút thuốc, uống rượu, bia trong giờ học không?","Không, sinh viên không được hút thuốc, uống rượu, bia trong giờ học hoặc gây rối trật tự trong trường học và nơi công cộng.",,
BDU_127,Thời gian giảng dạy và học tập buổi sáng của sinh viên bắt đầu từ khi nào?,Thời gian giảng dạy và học tập buổi sáng bắt đầu từ 7:00 (Tiết 1).,,
BDU_128,Sinh viên đến trường cần thực hiện nghiêm túc việc gì?,"Sinh viên đến trường phải thực hiện nghiêm túc việc đeo thẻ sinh viên, huy hiệu Trường.",,
BDU_129,Sinh viên đến lớp muộn quá bao nhiêu phút sẽ bị ghi nhận?,Sinh viên đến lớp muộn quá 10 phút sẽ bị ghi nhận vi phạm bởi Phòng Thanh tra - Pháp chế và Kiểm toán nội bộ.,,
BDU_130,Nếu sinh viên vi phạm việc đến lớp muộn 3 lần sẽ bị xử lý như thế nào?,Nếu sinh viên đến lớp muộn 3 lần sẽ bị thông báo đến gia đình.,,
BDU_131,"Sinh viên không được làm gì trong giờ học liên quan đến trật tự, điện thoại và ngủ?","Sinh viên không được làm mất trật tự, không làm việc riêng, không sử dụng điện thoại và không gục đầu ngủ trong giờ học.",,
BDU_132,Sinh viên có được tự do ra vào lớp khi chưa được sự cho phép của giảng viên không?,"Không, sinh viên không được tự do ra vào lớp khi chưa được sự cho phép của giảng viên.",,
BDU_133,Giờ tự học tại thư viện có được tính vào điểm đánh giá thành phần đối với các học phần có tham gia tính điểm trung bình tích lũy không?,"Có, giờ tự học tại thư viện được tính vào điểm đánh giá thành phần đối với các học phần có tham gia tính điểm trung bình tích lũy.",,
BDU_134,Điểm đánh giá thành phần cho giờ tự học tại Thư viện chiếm bao nhiêu phần trăm trong tổng trọng số đánh giá học phần?,Điểm đánh giá thành phần cho giờ tự học tại Thư viện chiếm 10% trong tổng trọng số đánh giá học phần.,,
BDU_135,"Mỗi học kỳ, sinh viên phải tích lũy tối thiểu bao nhiêu giờ tự học tại Thư viện (không áp dụng với học kỳ phụ)?","Mỗi học kỳ, sinh viên phải tích lũy tối thiểu 35 giờ tự học tại Thư viện (không áp dụng với học kỳ phụ).",,
BDU_136,"Nếu sinh viên tích lũy đủ số giờ tối thiểu tự học tại Thư viện trong học kỳ, sẽ được bao nhiêu điểm?",Sinh viên sẽ được 10 điểm đối với các học phần có tính điểm giờ tự học tại Thư viện.,,
BDU_137,"Nếu sinh viên tích lũy không đủ số giờ quy định tự học tại Thư viện, sẽ được bao nhiêu điểm?",Sinh viên sẽ được 0.0 điểm đối với các học phần có tính điểm giờ tự học tại Thư viện.,,
BDU_138,Thư viện phục vụ từ mấy giờ đến mấy giờ và vào những ngày nào trong tuần?,"Thư viện phục vụ từ 7h00 đến 20h00, từ thứ Hai đến thứ Bảy hằng tuần.",,
BDU_139,Đối tượng nào được sử dụng Thư viện của Trường?,"Sinh viên, cán bộ, giảng viên Trường Đại học Bình Dương (bạn đọc tin).",,
BDU_140,"Các cá nhân, tổ chức bên ngoài muốn sử dụng Thư viện cần giấy tờ gì?",Phải có giấy giới thiệu và được sự đồng ý của Ban Giám hiệu Nhà trường.,,
BDU_141,"Khi vào Thư viện, sinh viên, cán bộ, giảng viên cần xuất trình giấy tờ gì?","Cần xuất trình thẻ thư viện, thẻ sinh viên hoặc thẻ nhân viên. Nếu chưa có, phải có giấy xác nhận của đơn vị quản lý.",,
BDU_142,Thư viện có chịu trách nhiệm về tài sản cá nhân của bạn đọc không?,"Không, Thư viện không chịu trách nhiệm về việc mất mát hoặc thất lạc tài sản cá nhân.",,
BDU_143,"Nếu gây thiệt hại tài sản của Thư viện (không phải tài liệu), sẽ bị phạt như thế nào?",Sẽ bị phạt tiền gấp 2 lần giá trị tài sản.,,
BDU_144,"Nếu gây thiệt hại tài liệu của Thư viện, sẽ bị phạt như thế nào?",Sẽ bị phạt tiền gấp 3 lần giá trị tài liệu.,,
BDU_145,"Sinh viên, cán bộ, giảng viên có được mang thức ăn, đồ uống vào Thư viện không?","Không được mang thức ăn, đồ uống vào Thư viện.",,
BDU_146,"Khi vào kho sách hoặc các phòng chức năng, trang phục và vật dụng mang theo cần đảm bảo điều gì?","Phải mặc trang phục lịch sự, không mang áo khoác, mũ, túi sách, giấy A4, tập vở, sách. Chỉ được mang bút và 1 tờ giấy tập.",,
BDU_147,"Nếu tự ý mang báo, tạp chí, tài liệu đọc tại chỗ ra khỏi kho, sẽ bị xử phạt như thế nào?",Sẽ bị phạt 2.000 đồng mỗi ngày.,,
BDU_148,Thư viện có quyền từ chối phục vụ bạn đọc không?,"Có, nếu bạn đọc vi phạm quy định.",,
BDU_149,Mức xử lý kỷ luật lần 3 khi vi phạm quy định Thư viện là gì?,"Bị từ chối phục vụ 3 tháng, lập biên bản gửi về khoa để nhắc nhở, cảnh báo và ghi vào sổ kỷ luật.",,
BDU_150,Mức xử lý kỷ luật từ lần vi phạm thứ 4 trở đi là gì?,"Bị từ chối phục vụ 1 học kỳ, lập biên bản chuyển Phòng Quản lý Đào tạo và Công tác sinh viên để xử lý.",,
BDU_151,"Sinh viên có được mượn, trả hoặc gia hạn tài liệu thay người khác không?","Không, phải có thẻ sinh viên, thẻ nhân viên hoặc giấy xác nhận; không được làm thay người khác.",,
BDU_152,"Nếu làm mất trang, làm bẩn hoặc mất tài liệu đã mượn, sinh viên bị xử lý thế nào?",Bị phạt tiền gấp 3 lần giá trị tài liệu.,,
BDU_153,Thời gian mượn và gia hạn tài liệu đối với sinh viên là bao lâu?,"Mượn 10 ngày, được gia hạn thêm 10 ngày nếu tài liệu chưa có người đặt mượn.",,
BDU_154,Sinh viên trả sách trễ sẽ bị phạt bao nhiêu tiền mỗi ngày?,Bị phạt 1.000 đồng mỗi ngày.,,
BDU_155,Những loại tài liệu nào không được mượn về nhà?,"Bao gồm: kết quả nghiên cứu, luận văn, khóa luận, báo, tạp chí, tài liệu quý/hiếm, tài liệu tra cứu, từ điển, tài liệu có dấu chấm đỏ.",,
BDU_156,Sinh viên được phép in hoặc sao chụp tối đa bao nhiêu phần trăm nội dung một tài liệu?,Được in/sao chụp 1 bài trong tạp chí hoặc 5% của 1 chương hoặc 10% tổng nội dung (không vượt quá 20 trang).,,
BDU_157,Phí sao chụp tài liệu tại Thư viện là bao nhiêu?,1.000 đồng mỗi mặt giấy.,,
BDU_158,Sinh viên có được tự ý thao tác trên máy tính trong phòng máy Thư viện không?,"Không, không được tự ý tắt, mở, cài đặt. Nếu cần, phải liên hệ nhân viên quản lý.",,
BDU_159,Những trang web nào bị cấm truy cập tại phòng máy Thư viện?,"Trang web không lành mạnh, trái quy định pháp luật, tuyên truyền chống phá, kích động bạo lực, thù hằn dân tộc,...",,
BDU_160,Phí sử dụng phòng máy internet là bao nhiêu và thời gian miễn phí thế nào?,"2.000 đồng/60 phút, miễn phí 30 phút đầu nếu có thẻ Thư viện.",,
BDU_161,Sinh viên được làm gì với tài liệu điện tử không miễn phí?,"Chỉ được đọc, không được tải xuống.",,
BDU_162,Có bao nhiêu hình thức kỷ luật sinh viên được quy định?,"Có 5 hình thức: Nhắc nhở, Khiển trách, Cảnh cáo, Đình chỉ học tập có thời hạn, Buộc thôi học.",,
BDU_163,Kỷ luật Nhắc nhở áp dụng trong trường hợp nào?,Khi sinh viên vi phạm lần đầu ở mức độ nhẹ.,,
BDU_164,Kỷ luật Khiển trách áp dụng trong trường hợp nào?,"Khi vi phạm lần đầu nhưng cố tình, hoặc đã bị nhắc nhở mà vẫn tái phạm nhẹ.",,
BDU_165,Kỷ luật Cảnh cáo áp dụng trong trường hợp nào?,"Khi đã bị khiển trách mà tái phạm, hoặc vi phạm mới nhưng mức độ tương đối nghiêm trọng.",,
BDU_166,Kỷ luật Đình chỉ học áp dụng khi nào?,"Khi đang bị cảnh cáo mà vẫn vi phạm, hoặc vi phạm nghiêm trọng quy định của sinh viên.",,
BDU_167,Kỷ luật Buộc thôi học áp dụng khi nào?,"Khi đang bị đình chỉ mà vẫn vi phạm, hoặc vi phạm lần đầu nhưng nghiêm trọng, gây ảnh hưởng xấu hoặc bị xử phạt tù.",,
BDU_168,Kết quả rèn luyện sinh viên được phân loại như thế nào?,"Xuất sắc, Tốt, Khá, Trung bình, Yếu, Kém.",,
BDU_169,Điểm rèn luyện để đạt loại Xuất sắc là bao nhiêu?,Từ 90 đến 100 điểm.,,
BDU_170,Điểm rèn luyện để đạt loại Tốt là bao nhiêu?,Từ 80 đến dưới 90 điểm.,,
BDU_171,Điểm rèn luyện để đạt loại Khá là bao nhiêu?,Từ 65 đến dưới 80 điểm.,,
BDU_172,Điểm rèn luyện để đạt loại Trung bình là bao nhiêu?,Từ 50 đến dưới 65 điểm.,,
BDU_173,Điểm rèn luyện để đạt loại Yếu là bao nhiêu?,Từ 35 đến dưới 50 điểm.,,
BDU_174,Điểm rèn luyện để đạt loại Kém là bao nhiêu?,Dưới 35 điểm.,,
BDU_175,Sinh viên bị kỷ luật Khiển trách sẽ bị giới hạn kết quả rèn luyện tối đa ở mức nào?,Không vượt quá loại Khá.,,
BDU_176,Sinh viên bị kỷ luật Cảnh cáo sẽ bị giới hạn kết quả rèn luyện tối đa ở mức nào?,Không vượt quá loại Trung bình.,,
BDU_177,Sinh viên bị đình chỉ học có được đánh giá rèn luyện trong học kỳ đó không?,"Không, không được đánh giá rèn luyện trong học kỳ bị đình chỉ.",,
BDU_178,Sinh viên bị buộc thôi học có được xét kết quả rèn luyện không?,"Không, sinh viên bị buộc thôi học không được xét kết quả rèn luyện.",,
BDU_179,Sinh viên nghỉ học tạm thời có được bảo lưu kết quả rèn luyện không?,"Có, những sinh viên nghỉ học tạm thời sẽ được bảo lưu kết quả rèn luyện cho đến khi tiếp tục tham gia học tại Trường.",,
BDU_180,"Kết quả đánh giá rèn luyện từng học kỳ, năm học của sinh viên được sử dụng vào việc gì?","Dùng để xét duyệt học bổng, khen thưởng - kỷ luật, thôi học, ngừng học, ký túc xá, việc làm thêm, miễn giảm chi phí và các ưu tiên khác.",,
BDU_181,Kết quả đánh giá rèn luyện toàn khóa học được sử dụng làm căn cứ để làm gì?,"Làm căn cứ để xét thi tốt nghiệp, làm luận văn hoặc khóa luận tốt nghiệp.",,
BDU_182,Sinh viên có quyền khiếu nại nếu thấy kết quả rèn luyện chưa chính xác không?,"Có, sinh viên có quyền khiếu nại lên các phòng, ban chức năng hoặc Hiệu trưởng.",,
BDU_183,"Sinh viên bị xếp loại rèn luyện yếu, kém trong mấy học kỳ liên tiếp thì phải tạm ngừng học?",Trong hai học kỳ liên tiếp.,,
BDU_184,"Nếu sinh viên bị xếp loại rèn luyện yếu, kém hai học kỳ liên tiếp lần thứ hai thì bị xử lý như thế nào?",Bị buộc thôi học.,,
BDU_185,Sinh viên bị cảnh báo học vụ sẽ bị trừ bao nhiêu điểm rèn luyện?,Bị trừ 20 điểm rèn luyện theo tiêu chí ý thức tham gia học tập.,,
BDU_186,Sinh viên bị cấm thi sẽ bị trừ bao nhiêu điểm rèn luyện?,Bị trừ 10 điểm rèn luyện theo tiêu chí ý thức tham gia học tập.,,
BDU_187,Sinh viên mồ côi cả cha lẫn mẹ được cộng bao nhiêu điểm rèn luyện mỗi kỳ?,Được cộng 10 điểm/kỳ theo tiêu chí ý thức tham gia học tập.,,
BDU_188,Sinh viên khuyết tật được cộng bao nhiêu điểm rèn luyện mỗi kỳ?,Được cộng 10 điểm/kỳ theo tiêu chí ý thức tham gia học tập.,,
BDU_189,Sinh viên không tham gia sinh hoạt công dân sẽ bị trừ bao nhiêu điểm?,Bị trừ 5 điểm/lần theo tiêu chí ý thức chấp hành nội quy.,,
BDU_190,Sinh viên không đeo thẻ sinh viên sẽ bị trừ bao nhiêu điểm rèn luyện?,Bị trừ 5 điểm/lần.,,
BDU_191,"Cán bộ lớp, đoàn, hội không thực hiện nhiệm vụ sẽ bị trừ bao nhiêu điểm mỗi học kỳ?",Bị trừ 10 điểm/học kỳ.,,
BDU_192,Thời gian tối đa để hoàn thành khóa học đối với chương trình 4 năm là bao lâu?,Là 8 năm.,,
BDU_193,"Thời gian tối đa để hoàn thành khóa học đối với chương trình 4,5 năm là bao lâu?",Là 9 năm.,,
BDU_194,Thời gian tối đa để hoàn thành khóa học đối với chương trình 5 năm là bao lâu?,Là 10 năm.,,
BDU_195,Giảng viên cần lưu ý điều gì về việc công khai chương trình đào tạo?,"Phải công khai trước khi tuyển sinh và khi bắt đầu khóa học, các thay đổi phải công bố trước khi áp dụng.",,
BDU_196,Sinh viên có thể nộp hồ sơ xét tốt nghiệp vào thời điểm nào?,Theo các đợt xét tốt nghiệp của Nhà trường thông báo vào mỗi đầu năm học.,,
BDU_197,Kết quả xét tốt nghiệp được thông báo qua kênh nào?,Qua email sinh viên và trang thông tin điện tử của Nhà trường.,,
BDU_198,Sinh viên cần mang theo giấy tờ gì để nhận bằng tốt nghiệp?,"Biên lai lệ phí, thẻ sinh viên, CMND/CCCD.",,
BDU_199,Sinh viên đăng ký giấy xác nhận thủ tục hành chính bằng cách nào?,Đăng nhập Cổng thông tin sinh viên và chọn mục đăng ký Giấy xác nhận.,,
BDU_200,Mục đích của Tuần Sinh hoạt Công dân – Sinh viên là gì?,"Nâng cao nhận thức chính trị, pháp luật, kỹ năng mềm và trách nhiệm công dân cho sinh viên.",,
BDU_201,Giảng viên mới cần làm những thủ tục gì khi nhận công tác tại Trường Đại học Bình Dương?,"Giảng viên mới cần hoàn thiện hồ sơ nhân sự, nhận email trường, đăng ký mã giảng viên, tham gia họp phổ biến quy định và ký hợp đồng lao động theo phân công từ Phòng Tổ chức – Hành chính.",,
BDU_202,Trường Đại học Bình Dương có sử dụng hệ thống email nội bộ cho giảng viên không?,"Có. Mỗi giảng viên được cấp một email nội bộ có đuôi @bdu.edu.vn để phục vụ giảng dạy, trao đổi công việc và truy cập hệ thống đào tạo.",,
BDU_203,Làm cách nào để giảng viên truy cập hệ thống nhập điểm tại BDU?,Giảng viên đăng nhập vào hệ thống đào tạo của trường tại địa chỉ: https://daotao.bdu.edu.vn bằng tài khoản được cấp từ Phòng Đào tạo.,,
BDU_204,Giảng viên có thể xem thời khóa biểu giảng dạy ở đâu?,Giảng viên tra cứu thời khóa biểu giảng dạy tại mục 'Lịch giảng dạy' trong hệ thống đào tạo trực tuyến hoặc nhận file phân công từ khoa quản lý.,,
BDU_205,Quy trình xin nghỉ phép đối với giảng viên tại BDU như thế nào?,"Giảng viên làm đơn xin nghỉ phép có xác nhận của Trưởng khoa, gửi Phòng Tổ chức – Hành chính để được phê duyệt trước khi nghỉ.",,
BDU_206,Trường có yêu cầu giảng viên tham gia hoạt động đoàn thể không?,"Giảng viên được khuyến khích tham gia Công đoàn, Đoàn Thanh niên, các hoạt động phong trào và các buổi sinh hoạt chuyên môn của khoa và toàn trường.",,
BDU_207,Quy định về việc lên lớp đúng giờ đối với giảng viên là gì?,"Giảng viên phải có mặt trước giờ dạy ít nhất 15 phút, điểm danh sinh viên đầu buổi và tuân thủ đúng thời lượng tiết học theo thời khóa biểu.",,
BDU_208,Giảng viên có được hỗ trợ phương tiện giảng dạy không?,"Có. Mỗi phòng học đều được trang bị máy chiếu, bảng tương tác hoặc thiết bị trình chiếu. Trường hỗ trợ thêm thiết bị dạy học nếu có đề xuất chính thức.",,
BDU_209,Trường có quy định cụ thể về chuẩn đầu ra học phần cho giảng viên không?,"Có. Mỗi học phần đều có chuẩn đầu ra cụ thể do Khoa chuyên môn ban hành, giảng viên phải xây dựng kế hoạch giảng dạy phù hợp với chuẩn đầu ra này.",,
BDU_210,Giảng viên có thể đề xuất mở học phần mới không?,Có. Giảng viên có thể đề xuất mở học phần mới thông qua Hội đồng Khoa học – Đào tạo của khoa và trình lãnh đạo trường phê duyệt.,,
BDU_211,Làm sao để giảng viên cập nhật tài liệu học tập cho sinh viên?,Giảng viên có thể tải tài liệu lên hệ thống LMS của trường hoặc gửi qua email nội bộ/lớp để sinh viên truy cập.,,
BDU_212,"Giảng viên có được hướng dẫn khóa luận, đồ án tốt nghiệp không?","Có. Giảng viên đủ điều kiện theo quy định sẽ được phân công hướng dẫn khóa luận, đồ án hoặc thực tập tốt nghiệp cho sinh viên.",,
BDU_213,Giảng viên có được tham gia nghiên cứu khoa học không?,"Có. Trường khuyến khích giảng viên nghiên cứu khoa học và có quỹ hỗ trợ đề tài NCKH các cấp, từ cấp khoa đến cấp tỉnh/thành.",,
BDU_214,Có chế độ khen thưởng cho giảng viên đạt thành tích tốt không?,"Có. Trường có chính sách khen thưởng giảng viên có kết quả giảng dạy tốt, hướng dẫn sinh viên nghiên cứu, đạt danh hiệu thi đua,...",,
BDU_215,Giảng viên có được học nâng cao trình độ không?,"Có. Trường khuyến khích giảng viên học sau đại học, nghiên cứu sinh, và có chính sách hỗ trợ học phí hoặc thời gian nếu có đề xuất cụ thể.",,
BDU_216,Thời gian làm việc hành chính của giảng viên là khi nào?,"Giảng viên làm việc hành chính từ thứ 2 đến thứ 6 (giờ hành chính). Ngoài giờ dạy, giảng viên cần tham gia sinh hoạt chuyên môn, họp khoa, đoàn thể theo phân công.",,
BDU_217,Giảng viên muốn xin xác nhận công tác thì làm thủ tục ở đâu?,Giảng viên liên hệ Phòng Tổ chức – Hành chính để xin giấy xác nhận đang công tác tại trường hoặc xin xác nhận phục vụ hành chính khác.,,
BDU_218,Giảng viên có thể đăng ký đề tài nghiên cứu khoa học ở đâu?,Giảng viên nộp hồ sơ đăng ký đề tài NCKH tại Phòng Quản lý Khoa học & Hợp tác quốc tế theo thông báo từng đợt của nhà trường.,,
BDU_219,Trường có hỗ trợ giảng viên viết bài đăng tạp chí hay hội thảo không?,"Có. Nhà trường hỗ trợ chi phí công bố bài báo khoa học, tham gia hội thảo, đặc biệt là hội thảo quốc tế có chỉ số ISSN hoặc Scopus.",,
BDU_220,Nếu giảng viên thay đổi số điện thoại hoặc email thì cần báo cho đơn vị nào?,Giảng viên cần cập nhật thông tin liên hệ mới với Trưởng bộ môn và Phòng Tổ chức – Hành chính để đồng bộ dữ liệu giảng viên toàn trường.,,
BDU_221,Trường có quy định chuẩn về thang điểm không?,"Có. Thang điểm áp dụng theo hệ 10, quy đổi sang thang 4 và chữ theo quy định của Bộ Giáo dục & Đào tạo. Kết quả cuối cùng bao gồm điểm quá trình, giữa kỳ và cuối kỳ.",,
BDU_222,Giảng viên có được tự tổ chức kiểm tra giữa kỳ không?,Có. Giảng viên có thể chủ động tổ chức kiểm tra giữa kỳ nhưng cần thông báo trước cho sinh viên và ghi nhận kết quả đúng theo biểu mẫu quy định.,,
BDU_223,"Nếu phát hiện sinh viên gian lận thi cử, giảng viên xử lý như thế nào?","Giảng viên lập biên bản vi phạm, yêu cầu sinh viên ký tên và gửi về khoa để xử lý theo Quy chế công tác sinh viên và Quy chế học vụ hiện hành.",,
BDU_224,Giảng viên có được đổi lịch dạy không?,"Chỉ được đổi lịch dạy khi có lý do chính đáng và phải báo cáo Trưởng bộ môn/khoa, đồng thời làm công văn gửi Phòng Đào tạo để điều chỉnh thời khóa biểu.",,
BDU_225,Trường có yêu cầu giảng viên sử dụng giáo trình chính thức không?,"Có. Giảng viên phải sử dụng giáo trình do nhà trường ban hành hoặc được Hội đồng Khoa học – Đào tạo phê duyệt, có thể đề xuất bổ sung giáo trình mới nếu cần.",,
BDU_226,Nếu lớp có ít sinh viên thì có được mở lớp không?,"Tùy từng học phần và quy mô lớp, giảng viên cần trao đổi với khoa để đề xuất mở lớp đặc biệt, trường hợp cần thiết phải xin ý kiến Ban Giám hiệu.",,
BDU_227,Làm sao để giảng viên xin giấy giới thiệu đi công tác?,"Giảng viên làm đơn xin công tác, có xác nhận của Trưởng khoa và gửi về Phòng Tổ chức – Hành chính để được cấp giấy giới thiệu.",,
BDU_228,Giảng viên có được hưởng chế độ phụ cấp khi chấm khóa luận không?,"Có. Chế độ phụ cấp chấm khóa luận, đồ án, hướng dẫn thực tập... được chi trả theo Quy định chi tiêu nội bộ hiện hành của Trường.",,
BDU_229,Giảng viên có cần tham dự Hội đồng thi tốt nghiệp không?,"Có. Nếu được phân công, giảng viên bắt buộc tham gia Hội đồng chấm khóa luận, Hội đồng bảo vệ đồ án hoặc Hội đồng thi tốt nghiệp theo phân công của khoa.",,
BDU_230,Ai là người phê duyệt lịch giảng dạy của giảng viên?,"Lịch giảng dạy được xây dựng bởi khoa, duyệt bởi Trưởng khoa và gửi về Phòng Đào tạo để lên kế hoạch thời khóa biểu chính thức.",,
BDU_231,Giảng viên có được tham gia dạy chéo ngành không?,"Có thể. Nếu có chuyên môn phù hợp, giảng viên được đề xuất dạy chéo ngành nhưng cần được phê duyệt bởi Hội đồng Khoa học và Trưởng khoa liên quan.",,
BDU_232,Có quy định về số tiết giảng dạy tối thiểu cho giảng viên không?,Có. Mỗi giảng viên cơ hữu phải đảm bảo định mức giờ giảng theo quy định của Bộ GD&ĐT và Quy chế chi tiêu nội bộ của trường.,,
BDU_233,Giảng viên có được chủ động thay đổi hình thức đánh giá sinh viên không?,"Được, nhưng phải đảm bảo đúng với đề cương học phần đã duyệt và thông báo rõ ràng đến sinh viên từ đầu học kỳ.",,
BDU_234,Giảng viên có được đề xuất học phần tích hợp kỹ năng không?,"Có. Nhà trường khuyến khích giảng viên đề xuất các học phần tích hợp kỹ năng thực hành, kỹ năng mềm và hoạt động trải nghiệm.",,
BDU_235,"Nếu sinh viên phản ánh thái độ giảng dạy, giảng viên cần làm gì?","Giảng viên nên chủ động làm việc với Trưởng bộ môn hoặc Trưởng khoa để làm rõ sự việc, tiếp nhận phản hồi và cải tiến nếu cần thiết.",,
BDU_236,Trường có tổ chức đánh giá giảng viên hằng kỳ không?,"Có. Sinh viên sẽ đánh giá giảng viên qua hệ thống online, kết quả sẽ được gửi về khoa để giảng viên cải thiện chất lượng giảng dạy.",,
BDU_237,Nếu giảng viên muốn thôi việc hoặc xin chuyển công tác thì cần quy trình gì?,"Giảng viên làm đơn thôi việc/chuyển công tác có xác nhận của khoa, gửi về Phòng Tổ chức – Hành chính và thực hiện quy trình bàn giao trước khi nghỉ.",,
BDU_238,Giảng viên có thể đăng ký đề tài nghiên cứu khoa học cấp trường bằng cách nào?,"Giảng viên nộp hồ sơ đăng ký đề tài NCKH theo mẫu của Phòng Quản lý Khoa học và Hợp tác quốc tế, kèm đề cương và dự toán kinh phí theo thông báo hằng năm.",,
BDU_239,Có quy định về thời gian thực hiện đề tài nghiên cứu khoa học không?,"Có. Đề tài cấp trường thường được thực hiện trong 6–12 tháng, tuỳ quy mô đề tài và phân bổ kinh phí.",,
BDU_240,Trường có hỗ trợ kinh phí cho đề tài nghiên cứu không?,"Có. Kinh phí thực hiện đề tài NCKH được xét duyệt theo kế hoạch và cấp theo từng giai đoạn của đề tài, theo Quy chế tài chính nội bộ.",,
BDU_241,Bài báo khoa học của giảng viên đăng ở đâu được tính điểm thi đua?,"Bài đăng trong các tạp chí có chỉ số ISSN, các kỷ yếu hội thảo có biên tập chuyên môn hoặc được xuất bản bởi nhà xuất bản uy tín đều được tính điểm thi đua.",,
BDU_242,Trường có hỗ trợ giảng viên tham dự hội thảo quốc tế không?,"Có. Trường hỗ trợ một phần hoặc toàn bộ chi phí tham dự hội thảo trong và ngoài nước, đặc biệt nếu có báo cáo hoặc bài đăng chính thức.",,
BDU_243,Giảng viên muốn đăng bài ở Tạp chí Khoa học BDU thì làm thế nào?,Giảng viên gửi bài theo đúng định dạng về Ban biên tập Tạp chí Khoa học Đại học Bình Dương qua email: tapchi@bdu.edu.vn.,,
BDU_244,Có quy định về số bài báo khoa học/năm với giảng viên không?,"Trường khuyến khích giảng viên có ít nhất 1 bài báo khoa học/năm, phục vụ tiêu chí đánh giá thi đua và tiêu chuẩn nâng ngạch, xét học hàm.",,
BDU_245,Giảng viên có được hướng dẫn sinh viên nghiên cứu khoa học không?,"Có. Giảng viên đủ điều kiện chuyên môn sẽ được phân công hoặc đăng ký hướng dẫn sinh viên làm đề tài NCKH cấp khoa, cấp trường hoặc tham dự Giải thưởng Eureka.",,
BDU_246,Có kinh phí cho giảng viên hướng dẫn sinh viên nghiên cứu khoa học không?,"Có. Giảng viên hướng dẫn sinh viên NCKH được hỗ trợ theo đề tài, mức hỗ trợ cụ thể do Hội đồng Khoa học & Đào tạo xét duyệt từng năm.",,
BDU_247,Sinh viên làm đề tài NCKH thì giảng viên cần hỗ trợ gì?,"Giảng viên hỗ trợ sinh viên xây dựng đề cương, phương pháp nghiên cứu, viết báo cáo, chuẩn bị phản biện và thực hành đạo đức nghiên cứu.",,
BDU_248,Trường có tổ chức hội nghị nghiên cứu khoa học thường niên không?,"Có. Hằng năm, trường tổ chức Hội nghị Nghiên cứu khoa học cấp trường, cấp khoa cho cả giảng viên và sinh viên tham gia trình bày kết quả nghiên cứu.",,
BDU_249,Giảng viên có được đề xuất tổ chức hội thảo khoa học cấp khoa không?,"Có. Giảng viên có thể đề xuất chủ đề, kế hoạch tổ chức và phối hợp với khoa để xin ý kiến lãnh đạo trường, triển khai theo quy định.",,
BDU_250,Giảng viên có thể tổ chức kiểm tra online cho lớp học phần không?,"Được. Tuy nhiên cần thông báo rõ hình thức và nội dung từ đầu học kỳ, đảm bảo công bằng – minh bạch và có bằng chứng lưu trữ kết quả.",,
BDU_251,"Nếu lớp học phần có sinh viên khuyết tật, giảng viên cần lưu ý gì?","Giảng viên cần hỗ trợ linh hoạt trong phương pháp dạy học, đánh giá và liên hệ phòng Công tác sinh viên nếu cần hỗ trợ chuyên biệt.",,
BDU_252,Trường có tổ chức lớp tập huấn phương pháp giảng dạy cho giảng viên mới không?,"Có. Giảng viên mới sẽ được tham gia lớp tập huấn sư phạm, chia sẻ kinh nghiệm và cập nhật quy định đào tạo nội bộ.",,
BDU_253,Giảng viên có được yêu cầu hỗ trợ kỹ thuật khi dạy học không?,"Có. Có thể liên hệ Phòng Công nghệ thông tin hoặc bộ phận kỹ thuật tại cơ sở để được hỗ trợ thiết bị, âm thanh, máy chiếu,...",,
BDU_254,Trường có yêu cầu nộp giáo án trước khi dạy không?,Tùy khoa. Một số khoa yêu cầu giảng viên nộp giáo án trước khi bắt đầu học kỳ hoặc lưu tại thư ký khoa để kiểm tra đột xuất.,,
BDU_255,"Nếu lớp học quá đông sinh viên, giảng viên có được chia lớp không?","Trường hợp sĩ số vượt chuẩn quy định, giảng viên báo về Khoa để đề xuất chia lớp, Phòng Đào tạo sẽ xem xét tổ chức thêm lớp nếu đủ điều kiện.",,
BDU_256,Trường có quy định về thời gian báo nghỉ đột xuất không?,"Có. Giảng viên cần báo trước ít nhất 1 ngày làm việc nếu nghỉ dạy đột xuất. Trường hợp khẩn cấp, báo trực tiếp cho khoa và Phòng Đào tạo càng sớm càng tốt.",,
BDU_257,Khi giảng viên dạy thay thì có được ghi nhận công không?,"Có. Giờ dạy thay được ghi nhận nếu có giấy đề xuất, được khoa và Phòng Đào tạo phê duyệt chính thức theo kế hoạch học kỳ.",,
BDU_258,Giảng viên có thể đề xuất mời doanh nghiệp đến chia sẻ trong lớp không?,"Có. Giảng viên có thể đề xuất mời chuyên gia/doanh nghiệp đến nói chuyện chuyên đề, nhưng cần báo trước và được khoa/phòng chức năng duyệt kế hoạch.",,
BDU_259,Giảng viên sử dụng hệ thống LMS của trường như thế nào?,"Giảng viên đăng nhập vào hệ thống học tập trực tuyến tại lms.bdu.edu.vn bằng tài khoản được cấp để đăng bài giảng, bài tập và theo dõi tiến độ học tập của sinh viên.",,
BDU_260,Trường có yêu cầu giảng viên áp dụng E-learning không?,"Có. Trường khuyến khích giảng viên triển khai bài giảng E-learning, đặc biệt với các học phần lý thuyết hoặc kỹ năng mềm, nhằm nâng cao hiệu quả giảng dạy.",,
BDU_261,Giảng viên có thể tổ chức kiểm tra trên LMS không?,"Có. Giảng viên có thể tạo đề kiểm tra trắc nghiệm, tự luận, bài tập, ngân hàng câu hỏi trên LMS và theo dõi kết quả sinh viên trực tuyến.",,
BDU_262,Nếu giảng viên không sử dụng được LMS thì liên hệ ai?,Giảng viên liên hệ Phòng Công nghệ thông tin hoặc Bộ phận hỗ trợ kỹ thuật của trường để được hướng dẫn sử dụng hệ thống LMS.,,
BDU_263,Giảng viên có thể tải tài liệu giảng dạy từ thư viện số không?,"Có. Thư viện số của BDU cung cấp tài liệu điện tử, giáo trình, bài giảng và tài liệu tham khảo cho giảng viên đăng nhập qua tài khoản nội bộ.",,
BDU_264,Trường có quy định lưu trữ đề thi và đáp án không?,"Có. Giảng viên nộp đề thi và đáp án (có thang điểm) cho Thư ký khoa lưu trữ, đồng thời cập nhật lên hệ thống theo yêu cầu của Phòng Khảo thí.",,
BDU_265,Trường có áp dụng phần mềm chống đạo văn không?,"Có. Giảng viên được khuyến khích sử dụng các công cụ kiểm tra đạo văn trong bài khóa luận, bài viết nghiên cứu của sinh viên và giảng viên.",,
BDU_266,"Khi giảng viên chấm bài tự luận, cần lưu ý điều gì?","Giảng viên cần chấm theo thang điểm đã duyệt, ghi rõ nhận xét, tổng điểm, ký tên và lưu minh chứng nếu có yêu cầu hậu kiểm.",,
BDU_267,Giảng viên có được sử dụng phần mềm riêng trong giảng dạy không?,"Có thể. Nếu phần mềm phù hợp chuyên môn và không vi phạm bản quyền, giảng viên có thể sử dụng để hỗ trợ giảng dạy hoặc trình chiếu.",,
BDU_268,Trường có chính sách về chuyển đổi số trong giảng dạy không?,"Có. Trường thúc đẩy chuyển đổi số trong quản lý, giảng dạy và đánh giá, khuyến khích giảng viên áp dụng công nghệ và đổi mới phương pháp dạy học.",,
BDU_269,Có hệ thống nào hỗ trợ giảng viên theo dõi tiến độ học tập của sinh viên không?,"Hệ thống LMS và hệ thống đào tạo nội bộ cho phép giảng viên theo dõi điểm danh, tiến độ học, điểm kiểm tra, đánh giá sinh viên từng lớp học phần.",,
BDU_270,Giảng viên có thể tổ chức lớp học trực tuyến hoàn toàn không?,"Được. Trong trường hợp đặc biệt hoặc học phần phù hợp, giảng viên có thể giảng dạy trực tuyến qua Zoom, Google Meet,... với sự chấp thuận của khoa/phòng đào tạo.",,
BDU_271,Trường có tổ chức hội thảo về ứng dụng CNTT trong giảng dạy không?,"Có. Hằng năm trường tổ chức hội thảo, tập huấn và diễn đàn chia sẻ kinh nghiệm ứng dụng công nghệ thông tin trong hoạt động giảng dạy.",,
BDU_272,Giảng viên có được truy cập hệ thống mọi lúc không?,"Có. Hệ thống đào tạo và LMS hoạt động 24/7, giảng viên có thể truy cập mọi lúc bằng tài khoản cá nhân được cấp.",,
BDU_273,"Nếu quên mật khẩu hệ thống đào tạo, giảng viên xử lý thế nào?",Liên hệ Phòng Công nghệ thông tin hoặc Phòng Đào tạo để được hỗ trợ cấp lại hoặc đặt lại mật khẩu truy cập.,,
BDU_274,Giảng viên có thể sử dụng bảng tương tác khi giảng không?,"Có. Một số phòng học được trang bị bảng tương tác, giảng viên có thể đăng ký sử dụng trước qua Bộ phận thiết bị hoặc Thư ký khoa.",,
BDU_275,Giảng viên có được hỗ trợ Zoom bản quyền khi dạy online không?,Có. Trường cung cấp tài khoản Zoom bản quyền hoặc hỗ trợ kỹ thuật nếu giảng viên đăng ký lớp học trực tuyến dài hạn hoặc giảng dạy chuyên đề.,,
BDU_276,Trường có đánh giá mức độ ứng dụng CNTT của giảng viên không?,"Có. Trong đánh giá thi đua cuối năm, chỉ tiêu ứng dụng công nghệ trong dạy học và đánh giá được xem xét như một yếu tố khuyến khích đổi mới.",,
BDU_277,Kết quả đánh giá từ sinh viên có ảnh hưởng đến giảng viên không?,"Có. Điểm đánh giá từ sinh viên là một trong các tiêu chí đánh giá giảng viên mỗi học kỳ, ảnh hưởng đến thi đua, khen thưởng và phân công giảng dạy.",,
BDU_278,Giảng viên có được đề xuất nâng cấp thiết bị lớp học không?,"Có. Nếu thiết bị lớp học không đáp ứng yêu cầu giảng dạy, giảng viên có thể gửi đề xuất lên Trưởng khoa hoặc Phòng Công nghệ thông tin để xem xét hỗ trợ.",,
BDU_279,Giảng viên có bắt buộc tham gia các hoạt động phong trào của nhà trường không?,"Không bắt buộc, nhưng giảng viên được khuyến khích tích cực tham gia các hoạt động phong trào, văn hóa – thể thao, góp phần xây dựng môi trường giáo dục thân thiện, gắn kết.",,
BDU_280,"Trường có tổ chức hội thao, văn nghệ cho giảng viên không?","Có. Công đoàn và Đoàn trường thường xuyên tổ chức các hoạt động hội thao, văn nghệ, kỷ niệm ngày Nhà giáo Việt Nam, chào mừng các sự kiện lớn,...",,
BDU_281,Giảng viên có thể tham gia Ban Giám khảo cuộc thi sinh viên không?,"Có. Nếu được mời hoặc phân công, giảng viên có thể làm thành viên Ban Giám khảo các cuộc thi học thuật, sáng tạo, khởi nghiệp,... của sinh viên.",,
BDU_282,Giảng viên có nhiệm vụ tham gia kiểm định chất lượng giáo dục không?,"Có. Giảng viên có thể được phân công tham gia tự đánh giá chương trình, xây dựng minh chứng, viết báo cáo theo tiêu chuẩn kiểm định.",,
BDU_283,Trường có tập huấn công tác kiểm định cho giảng viên không?,"Có. Phòng Đảm bảo chất lượng sẽ tổ chức các lớp bồi dưỡng, tập huấn giảng viên về quy trình kiểm định, đánh giá chương trình đào tạo,...",,
BDU_284,Giảng viên có thể được mời tham gia Hội đồng chuyên môn không?,"Có. Giảng viên có học vị, học hàm và kinh nghiệm phù hợp có thể được mời tham gia hội đồng thẩm định, chấm thi, nghiệm thu đề tài, chấm luận văn,...",,
BDU_285,Có chế độ cho giảng viên tham gia Hội đồng chấm khóa luận không?,Có. Giảng viên tham gia Hội đồng được hưởng thù lao theo Quy định chi trả hiện hành và được tính vào giờ giảng tương đương.,,
BDU_286,Trường có tổ chức bồi dưỡng chuyên môn liên tục không?,"Có. Các khoa thường tổ chức chuyên đề học thuật nội bộ, mời giảng viên có kinh nghiệm chia sẻ, trao đổi phương pháp giảng dạy, nghiên cứu,...",,
BDU_287,Giảng viên có thể tham gia hoạt động hợp tác quốc tế không?,"Có. Nếu có chuyên môn và năng lực ngoại ngữ phù hợp, giảng viên có thể đăng ký tham gia các chương trình trao đổi, hội thảo, nghiên cứu với đối tác quốc tế của trường.",,
BDU_288,Trường có quỹ học bổng hoặc hỗ trợ cho con em giảng viên không?,"Tùy từng năm học và điều kiện tài chính, công đoàn trường có thể hỗ trợ học bổng, quà Tết, quà trung thu cho con em giảng viên có thành tích tốt hoặc hoàn cảnh khó khăn.",,
BDU_289,"Trường có tổ chức du lịch, nghỉ dưỡng cho giảng viên không?","Có. Hằng năm Công đoàn nhà trường tổ chức du lịch trong và ngoài tỉnh, kết hợp team-building để nâng cao đời sống tinh thần giảng viên – nhân viên.",,
BDU_290,Giảng viên có thể đề xuất chương trình ngoại khóa học thuật không?,"Có. Giảng viên có thể đề xuất tổ chức buổi giao lưu học thuật, câu lạc bộ chuyên ngành, hướng nghiệp cho sinh viên thông qua khoa hoặc phòng chức năng.",,
BDU_291,Trường có chính sách ưu tiên giảng viên là cựu sinh viên không?,"Có. Cựu sinh viên có trình độ chuyên môn phù hợp và thái độ làm việc tích cực được ưu tiên xét tuyển, giữ chân và phát triển nghề nghiệp tại trường.",,
BDU_292,Giảng viên mới vào trường có được đào tạo hội nhập không?,"Có. Giảng viên mới sẽ tham gia chương trình đào tạo hội nhập gồm: giới thiệu cơ cấu tổ chức, quy định nội bộ, hệ thống CNTT và triết lý giáo dục của trường.",,
BDU_293,Trường có áp dụng KPI cho giảng viên không?,"Trường có bộ tiêu chí đánh giá giảng viên dựa trên kết quả giảng dạy, NCKH, công tác sinh viên, tham gia hoạt động – phong trào,… nhưng chưa áp dụng KPI cứng như doanh nghiệp.",,
BDU_294,Giảng viên có thể phản ánh công việc với lãnh đạo không?,"Có. Giảng viên có thể phản ánh, góp ý trực tiếp với Trưởng khoa, Phòng Tổ chức – Hành chính hoặc gửi văn bản/lịch gặp Ban Giám hiệu nếu cần thiết.",,
BDU_295,Giảng viên có quyền từ chối giảng dạy ngoài chuyên môn không?,"Nếu nội dung không phù hợp với chuyên môn hoặc không có sự thống nhất từ đầu, giảng viên có thể đề xuất điều chỉnh về Khoa để phân công lại hợp lý hơn.",,
BDU_296,"Nếu sinh viên yêu cầu giảng viên dạy phụ đạo thêm, trường có hỗ trợ không?","Có thể. Nếu số lượng sinh viên đủ lớn và đề xuất được thông qua, trường có thể mở lớp phụ đạo/học phần đặc biệt có tính học phí và phân công chính thức cho giảng viên.",,
BDU_297,Trường có quy định về việc không được nhận quà/tài sản từ sinh viên không?,"Có. Theo Quy tắc ứng xử sư phạm, giảng viên không được nhận tiền, quà biếu từ sinh viên dưới bất kỳ hình thức nào. Vi phạm sẽ bị xử lý kỷ luật.",,
BDU_298,Trường có quy định về xử lý học phần nếu giảng viên nghỉ giữa chừng không?,"Có. Nếu giảng viên nghỉ dài ngày hoặc nghỉ việc đột xuất, khoa sẽ bố trí giảng viên khác dạy thay và tổ chức bù tiết để đảm bảo tiến độ học phần.",,
BDU_299,Trường xử lý như thế nào nếu giảng viên vi phạm nội quy lao động?,"Nếu giảng viên vi phạm nội quy, nhà trường sẽ tiến hành nhắc nhở, lập biên bản, mời làm việc hoặc ra quyết định kỷ luật tùy mức độ vi phạm, theo Luật Lao động và quy chế nội bộ.",,
BDU_300,Giảng viên có thể bị cắt thi đua nếu vi phạm quy định không?,"Có. Việc vi phạm như không hoàn thành giờ giảng, vi phạm đạo đức nghề nghiệp, không tham gia sinh hoạt chuyên môn,... đều ảnh hưởng đến xếp loại thi đua cuối năm.",,
BDU_301,Trường có tổ chức lễ tuyên dương giảng viên xuất sắc không?,"Có. Hằng năm vào dịp 20/11 và tổng kết năm học, trường tổ chức tuyên dương giảng viên đạt danh hiệu lao động tiên tiến, chiến sĩ thi đua, có thành tích giảng dạy, NCKH xuất sắc.",,
BDU_302,Giảng viên được đánh giá thi đua theo tiêu chí nào?,"Các tiêu chí gồm: hoàn thành giờ giảng, kết quả đánh giá từ sinh viên, tham gia hoạt động khoa học – phong trào, hoàn thành nhiệm vụ chuyên môn và không vi phạm kỷ luật.",,
BDU_303,Giảng viên gặp khó khăn tài chính có được hỗ trợ không?,"Có. Trường và Công đoàn có chính sách hỗ trợ đột xuất cho giảng viên gặp khó khăn tài chính, tai nạn, bệnh hiểm nghèo,... theo đề xuất và xét duyệt.",,
BDU_304,Giảng viên có được hỗ trợ tâm lý khi gặp áp lực công việc không?,"Có. Nhà trường khuyến khích giảng viên chia sẻ với lãnh đạo khoa, công đoàn hoặc cố vấn học đường nếu gặp vấn đề áp lực, tâm lý, khủng hoảng nghề nghiệp,...",,
BDU_305,Trường có ban hành bộ Quy tắc đạo đức nghề nghiệp không?,"Có. Quy tắc đạo đức nghề nghiệp áp dụng cho tất cả giảng viên, yêu cầu giữ phẩm chất sư phạm, tôn trọng đồng nghiệp, ứng xử chuẩn mực với sinh viên và xã hội.",,
BDU_306,Giảng viên được xử lý như thế nào nếu có hành vi xúc phạm sinh viên?,"Nếu bị xác minh vi phạm đạo đức nhà giáo, xúc phạm sinh viên, giảng viên sẽ bị xử lý kỷ luật theo quy định và có thể ảnh hưởng đến đánh giá năng lực, thi đua.",,
BDU_307,Giảng viên có được phát ngôn đại diện trường không?,Chỉ giảng viên được phân công hoặc ủy quyền mới được phát ngôn đại diện trường trước truyền thông hoặc đơn vị đối tác. Mọi trường hợp khác phải xin phép Ban Giám hiệu.,,
BDU_308,Trường có hỗ trợ giảng viên học văn bằng 2 hoặc sau đại học tại trường không?,Có. Giảng viên được ưu đãi học phí khi học văn bằng 2 hoặc sau đại học tại chính Trường Đại học Bình Dương nếu đáp ứng điều kiện tuyển sinh và đăng ký nội bộ.,,
BDU_309,Giảng viên có được đề xuất mở ngành mới không?,"Có. Giảng viên có thể đề xuất ngành đào tạo mới nếu có đủ căn cứ chuyên môn, nhu cầu xã hội, nguồn lực và gửi hồ sơ lên Hội đồng Khoa học & Đào tạo xét duyệt.",,
BDU_310,Trường có quy định về tham gia hội nhập quốc tế của giảng viên không?,"Có. Giảng viên có thể tham gia chương trình liên kết đào tạo, dự án quốc tế hoặc nghiên cứu chung nếu được phê duyệt và đáp ứng năng lực ngoại ngữ, học thuật.",,
BDU_311,Giảng viên có thể xin tài trợ để nghiên cứu không?,"Có. Trường tạo điều kiện để giảng viên viết hồ sơ xin tài trợ từ Quỹ phát triển KHCN quốc gia (NAFOSTED), đối tác quốc tế, doanh nghiệp,... thông qua phòng Khoa học – Hợp tác quốc tế.",,
BDU_312,Trường có định hướng quốc tế hóa giảng viên không?,"Có. Trong chiến lược phát triển dài hạn, trường định hướng nâng cao năng lực ngoại ngữ, công bố quốc tế, trao đổi giảng viên và đào tạo chương trình song ngữ.",,
BDU_313,Giảng viên có được xét đi học tập – tu nghiệp nước ngoài không?,"Có. Nếu có đề xuất phù hợp và nằm trong kế hoạch phát triển đội ngũ, giảng viên có thể được xét cử đi đào tạo, tập huấn, dự hội thảo quốc tế.",,
BDU_314,Giảng viên được quyền gì trong việc phản hồi sinh viên đánh giá sai lệch?,"Giảng viên có thể gửi ý kiến phản hồi về kết quả đánh giá lên khoa, hoặc đề nghị gặp mặt trao đổi trực tiếp nếu thấy kết quả không phản ánh đúng quá trình giảng dạy.",,
BDU_315,Giảng viên có thể yêu cầu xem lại bảng đánh giá của sinh viên không?,"Có. Sau mỗi kỳ, giảng viên có thể đề nghị khoa cung cấp bảng tổng hợp đánh giá sinh viên để rút kinh nghiệm, cải tiến phương pháp giảng dạy.",,
BDU_316,Trường có khuyến khích giảng viên tham gia công tác xã hội không?,"Có. Trường luôn khuyến khích giảng viên tham gia các hoạt động thiện nguyện, tuyên truyền, hội thảo cộng đồng,... phù hợp với chuyên môn và hình ảnh sư phạm.",,
BDU_317,Giảng viên có quyền khiếu nại về phân công công việc không?,"Có. Nếu thấy việc phân công không hợp lý hoặc không đúng chuyên môn, giảng viên có thể gửi đơn kiến nghị đến Trưởng khoa hoặc Phòng Tổ chức để được xem xét lại.",,
BDU_318,Trường có chính sách luân phiên đào tạo lại giảng viên không?,"Có. Trường có kế hoạch đào tạo lại, cập nhật phương pháp, kỹ năng sư phạm định kỳ để đảm bảo đội ngũ giảng viên thích ứng với đổi mới giáo dục.",,
BDU_319,Ai là người giám sát chất lượng giảng dạy của giảng viên?,"Chất lượng giảng dạy được giám sát bởi Trưởng bộ môn, Ban Đảm bảo chất lượng, Phòng Đào tạo và thông qua đánh giá sinh viên định kỳ.",,
BDU_320,Trường có tổ chức dự giờ giảng viên không?,"Có. Trường và khoa định kỳ tổ chức dự giờ đột xuất hoặc theo kế hoạch để góp ý phương pháp giảng dạy, kiểm tra nội dung và đánh giá sư phạm.",,
BDU_321,Giảng viên có được góp ý ngược lại người dự giờ không?,"Có. Sau buổi dự giờ, giảng viên có thể trao đổi, phản hồi lại nhận xét và đề xuất cải tiến trong phạm vi trao đổi chuyên môn.",,
BDU_322,Có quy định nào giới hạn độ tuổi giảng viên cơ hữu không?,"Không. Trường không giới hạn độ tuổi đối với giảng viên cơ hữu nếu còn đủ sức khỏe, năng lực chuyên môn và hoàn thành nhiệm vụ được giao.",,
BDU_323,Giảng viên lớn tuổi có được bố trí công việc phù hợp không?,Có. Trường sẽ điều chỉnh khối lượng giảng dạy hoặc phân công nhiệm vụ phù hợp với năng lực và tình trạng sức khỏe của giảng viên lớn tuổi.,,
BDU_324,Trường có hỗ trợ giảng viên nghiên cứu ứng dụng đổi mới sáng tạo không?,"Có. Trường khuyến khích đề tài đổi mới sáng tạo, chuyển giao công nghệ và hỗ trợ kinh phí đề xuất các sản phẩm thực tiễn có khả năng ứng dụng.",,
BDU_325,Giảng viên có được chủ nhiệm CLB sinh viên không?,"Có. Giảng viên có thể được mời làm cố vấn học thuật hoặc chủ nhiệm CLB học thuật, CLB kỹ năng, nếu có chuyên môn và mong muốn tham gia hỗ trợ.",,
BDU_326,Giảng viên có quyền đề xuất tổ chức hoạt động ngoại khóa học thuật không?,"Có. Giảng viên có thể đề xuất tổ chức tham quan thực tế, talkshow chuyên đề, tọa đàm khoa học,... nếu được khoa và trường phê duyệt kế hoạch.",,
BDU_327,"Các học phần đặc thù như Võ thuật, Quốc phòng ai phụ trách?",Các học phần đặc thù được giảng dạy bởi giảng viên chuyên trách của Trung tâm Giáo dục Quốc phòng và Trung tâm Võ thuật – Kỹ năng mềm của trường.,,
BDU_328,Giảng viên có thể phối hợp giảng chung học phần với đồng nghiệp không?,"Có. Một số học phần được phân công đồng giảng để chia nội dung, trao đổi phương pháp và hỗ trợ sinh viên tốt hơn theo hướng liên ngành.",,
BDU_329,Trường có hỗ trợ giảng viên học ngoại ngữ không?,"Có. Giảng viên có thể tham gia lớp ngoại ngữ nội bộ hoặc đề xuất học bồi dưỡng ngoài trường, trường có chính sách hỗ trợ tài chính tùy điều kiện cụ thể.",,
BDU_330,Trường có hệ thống lưu trữ hồ sơ giảng viên không?,"Có. Mỗi giảng viên có hồ sơ lưu tại Phòng Tổ chức – Hành chính, bao gồm lý lịch khoa học, quyết định phân công, văn bằng chứng chỉ, minh chứng giảng dạy,...",,
BDU_331,Giảng viên cần cập nhật lý lịch khoa học định kỳ không?,"Có. Trường yêu cầu giảng viên cập nhật lý lịch khoa học mỗi năm học để phục vụ xét thi đua, xếp loại, tham gia đề tài và các hoạt động học thuật.",,
BDU_332,Nếu giảng viên thay đổi số tài khoản ngân hàng thì cần làm gì?,"Giảng viên thông báo thay đổi thông tin tài khoản đến Phòng Tài chính – Kế toán và Phòng Tổ chức – Hành chính để cập nhật dữ liệu chi trả lương, phụ cấp.",,
BDU_333,Giảng viên có được tham gia lớp đào tạo chuyên sâu ngoài trường không?,"Có. Giảng viên có thể tham gia khóa đào tạo do Bộ GD&ĐT, hiệp hội chuyên ngành hoặc tổ chức uy tín tổ chức nếu được khoa/trường phê duyệt.",,
BDU_334,Trường có hỗ trợ kinh phí cho giảng viên đào tạo kỹ năng mềm không?,Có. Các hoạt động tổ chức kỹ năng mềm cho sinh viên có thể được chi trả thù lao theo tiết hoặc hỗ trợ tổ chức nếu có kế hoạch được duyệt.,,
BDU_335,Giảng viên có được hướng dẫn sinh viên nghiên cứu đề tài liên ngành không?,"Có. Trường khuyến khích đề tài nghiên cứu liên ngành, đổi mới và thực tiễn. Giảng viên có thể phối hợp đồng hướng dẫn nếu phù hợp chuyên môn.",,
BDU_336,Trường có định hướng phát triển giảng viên thành chuyên gia không?,"Có. Trường xây dựng lộ trình phát triển năng lực giảng viên, bao gồm bồi dưỡng, tạo cơ hội nghiên cứu, công bố, hợp tác và ghi nhận chuyên môn sâu.",,
BDU_337,Có hội đồng tư vấn phát triển đội ngũ giảng viên không?,"Có. Trường có hội đồng nhân sự phụ trách xét tuyển, đào tạo, quy hoạch đội ngũ, bao gồm Ban Giám hiệu, đại diện khoa và các phòng chức năng.",,
BDU_338,Giảng viên có thể tham gia ban cố vấn chiến lược của khoa không?,"Có. Các khoa có thể mời giảng viên giàu kinh nghiệm vào ban cố vấn học thuật, ban cố vấn chiến lược để hỗ trợ hoạch định chương trình và định hướng phát triển ngành.",,
BDU_339,Giảng viên có được tham gia giảng dạy lớp văn bằng 2 không?,Có. Giảng viên đạt chuẩn chuyên môn và được khoa phân công có thể giảng dạy các lớp văn bằng 2 theo kế hoạch của trường.,,
BDU_340,Giờ giảng lớp văn bằng 2 có được tính như lớp chính quy không?,"Có. Giờ giảng lớp văn bằng 2, liên thông, VLVH đều được quy đổi giờ giảng và tính thu nhập theo mức hệ số khác với chính quy.",,
BDU_341,Giảng viên có thể từ chối dạy buổi tối nếu không sắp xếp được không?,"Có thể. Tuy nhiên, cần báo trước khi phân công lịch và có lý do chính đáng để khoa điều chỉnh kế hoạch.",,
BDU_342,Giảng viên dạy lớp liên thông có khác về nội dung không?,"Nội dung học phần vẫn bám theo đề cương chuẩn, tuy nhiên thời lượng có thể rút gọn, tập trung vào kỹ năng và kết nối thực tiễn.",,
BDU_343,Có quy định cụ thể khi giảng dạy lớp học phần online không?,"Có. Giảng viên cần đảm bảo đầy đủ tài liệu, điểm danh, ghi hình buổi học nếu yêu cầu, và đảm bảo sinh viên tương tác, kiểm tra định kỳ.",,
BDU_344,Giảng viên có được đánh giá chuẩn đầu ra học phần không?,"Có. Sau mỗi học kỳ, giảng viên phải đối chiếu kết quả học tập của sinh viên với chuẩn đầu ra và nộp báo cáo đánh giá về khoa/phòng đảm bảo chất lượng.",,
BDU_345,Trường có tổ chức phản biện chương trình đào tạo không?,"Có. Trường định kỳ tổ chức phản biện CTĐT nội bộ hoặc mời chuyên gia bên ngoài góp ý, giảng viên có thể tham gia đóng góp và nhận phụ cấp nếu được phân công.",,
BDU_346,Giảng viên có được chọn đề tài khóa luận cho sinh viên không?,Có. Giảng viên có thể đề xuất danh sách đề tài hướng dẫn sinh viên tốt nghiệp hoặc hỗ trợ sinh viên tự chọn đề tài phù hợp.,,
BDU_347,"Khi có thay đổi trong lịch giảng dạy, giảng viên cần báo cho đơn vị nào?",Giảng viên cần báo cho Thư ký khoa và Phòng Đào tạo để điều chỉnh thời khóa biểu và thông báo kịp thời đến sinh viên.,,
BDU_348,Giảng viên có thể liên hệ trực tiếp Phòng Công tác sinh viên không?,"Có. Trong các trường hợp cần phối hợp xử lý kỷ luật, tư vấn sinh viên, điểm rèn luyện,… giảng viên nên trao đổi trực tiếp với Phòng Công tác sinh viên.",,
BDU_349,Giảng viên có được nhận học phần mới ngoài ngành chuyên môn không?,Chỉ khi học phần thuộc chuyên ngành gần và giảng viên đủ trình độ thạc sĩ/tiến sĩ phù hợp thì mới được xét phân công.,,
BDU_350,Có hội đồng xét phân công học phần giảng viên không?,"Có. Việc phân công học phần được xem xét tại khoa, có thể lấy ý kiến bộ môn, trình Trưởng khoa duyệt trước khi gửi Phòng Đào tạo lên kế hoạch.",,
BDU_351,Trường có tổ chức rà soát chương trình đào tạo định kỳ không?,"Có. Mỗi năm hoặc theo chu kỳ kiểm định, trường tổ chức rà soát, cập nhật CTĐT với sự tham gia của giảng viên, doanh nghiệp và cựu sinh viên.",,
BDU_352,Giảng viên có thể đề xuất thay đổi cấu trúc học phần không?,"Có thể. Giảng viên đề xuất nội dung, phương pháp hoặc hình thức kiểm tra đánh giá mới nhưng phải thông qua hội đồng chuyên môn và điều chỉnh đề cương được duyệt.",,
BDU_353,Giảng viên cần chuẩn bị gì trước khi lên lớp?,"Giảng viên cần chuẩn bị giáo án/bài giảng, kế hoạch giảng dạy, tài liệu phát tay (nếu có), thiết bị hỗ trợ, điểm danh sinh viên và báo cáo tiến độ sau mỗi buổi học nếu được yêu cầu.",,
BDU_354,"Nếu lớp có sinh viên nước ngoài, giảng viên cần lưu ý gì?","Giảng viên cần sử dụng ngôn ngữ dễ hiểu, hỗ trợ từ ngữ chuyên môn, có thể bổ sung tài liệu tiếng Anh, hỗ trợ cá nhân nếu sinh viên có nhu cầu đặc biệt.",,
BDU_356,Giảng viên có thể yêu cầu tổ chức lớp học phần bù không?,"Có. Trong trường hợp nghỉ có phép, giảng viên phải đề xuất lịch học bù, được khoa và phòng Đào tạo phê duyệt trước khi triển khai.",,
BDU_357,Giảng viên được hỗ trợ gì khi dạy học phần thực hành?,"Giảng viên dạy thực hành được bố trí phòng lab, thiết bị, tài liệu hướng dẫn và hỗ trợ kỹ thuật. Có thể đề xuất thêm dụng cụ nếu cần thiết cho môn học.",,
BDU_358,Trường có tổ chức kiểm tra đột xuất lớp học của giảng viên không?,"Có. Phòng Đào tạo hoặc Ban Thanh tra Giáo dục có thể kiểm tra đột xuất để đảm bảo giờ giấc, chất lượng và tính nghiêm túc trong giảng dạy.",,
BDU_359,Giảng viên có thể góp ý cải tiến công tác đào tạo không?,"Có. Giảng viên có thể gửi góp ý trực tiếp đến khoa, Phòng Đào tạo hoặc qua các cuộc họp chuyên môn, khảo sát nội bộ định kỳ của trường.",,
BDU_360,Trường Đại học Bình Dương có tham gia các tổ chức giáo dục quốc tế không?,"Có. Trường là thành viên của nhiều tổ chức giáo dục và khoa học khu vực, thường xuyên hợp tác với đại học quốc tế để trao đổi giảng viên, sinh viên và nghiên cứu.",,
BDU_361,Giảng viên có thể giới thiệu ý tưởng phát triển thương hiệu cho trường không?,"Có. Nhà trường khuyến khích giảng viên đóng góp ý tưởng nâng cao hình ảnh, uy tín và giá trị thương hiệu thông qua các hoạt động giảng dạy, NCKH và truyền thông học thuật.",,
BDU_362,Trường Đại học Bình Dương có tổ chức chương trình giao lưu văn hóa quốc tế không?,"Có. Hằng năm, trường tổ chức các chương trình giao lưu với sinh viên – giảng viên đến từ Nhật Bản, Hàn Quốc, Thái Lan, Mỹ,… để thúc đẩy hội nhập.",,
BDU_363,Giảng viên có thể tham gia xây dựng bản tin nội bộ của trường không?,"Có. Giảng viên có thể gửi bài viết học thuật, cảm nghĩ nghề nghiệp hoặc thông tin chuyên môn cho Ban biên tập bản tin BDU để lan tỏa giá trị tích cực.",,
BDU_364,Trường có kênh truyền thông nội bộ dành cho giảng viên không?,"Có. Trường sử dụng email nội bộ, website, mạng xã hội chuyên biệt và bản tin học thuật để cập nhật thông báo, chính sách và hoạt động dành cho giảng viên.",,
BDU_365,Trường Đại học Bình Dương có hợp tác với doanh nghiệp nước ngoài không?,"Có. Trường ký kết MOU với nhiều doanh nghiệp, viện nghiên cứu nước ngoài nhằm phục vụ thực tập sinh viên, chia sẻ học liệu và chuyển giao công nghệ.",,
BDU_366,Giảng viên có vai trò như thế nào trong việc nâng cao uy tín của trường?,"Giảng viên là hình ảnh đại diện chuyên môn; uy tín, phong cách và chất lượng giảng dạy của giảng viên góp phần trực tiếp tạo nên thương hiệu học thuật của nhà trường.",,
BDU_367,Trường có chính sách quảng bá hoạt động chuyên môn của giảng viên không?,"Có. Các thành tích của giảng viên về công bố khoa học, báo chí, hội thảo,… được trường truyền thông công khai trên website, fanpage và tạp chí chuyên ngành.",,
BDU_368,Trường Đại học Bình Dương có văn hóa trường riêng không?,"Có. Văn hóa BDU thể hiện qua triết lý 'Học – Hỏi – Hiểu – Hành', sự gần gũi giữa thầy và trò, và tinh thần khai phóng, sáng tạo trong môi trường học thuật.",,
BDU_369,Môi trường học thuật tại BDU có gì đặc trưng?,"Môi trường học thuật tại BDU đề cao tính ứng dụng, sự chủ động của người học, tính gắn kết cộng đồng và khuyến khích giảng viên sáng tạo phương pháp giảng dạy.",,
BDU_370,Trường có tạp chí khoa học riêng cho giảng viên công bố không?,"Có. Tạp chí Khoa học Trường Đại học Bình Dương phát hành định kỳ và tiếp nhận bài nghiên cứu của giảng viên các lĩnh vực: kinh tế, xã hội, công nghệ, ngôn ngữ,...",,
BDU_371,Trường có tổ chức các diễn đàn chuyên môn theo ngành không?,"Có. Các khoa tổ chức hội thảo chuyên ngành, tọa đàm học thuật, seminar nghiên cứu theo từng khối lĩnh vực để giảng viên – sinh viên cùng trao đổi.",,
BDU_372,Trường có giải thưởng nào dành cho giảng viên xuất sắc không?,"Có. Giải 'Giảng viên tiêu biểu', 'Giảng viên sáng tạo' và danh hiệu 'Chiến sĩ thi đua' được trao hằng năm nhằm tôn vinh đóng góp của giảng viên.",,
BDU_373,Trường có mô hình phát triển giảng viên thành chuyên gia không?,"Có. Trường hỗ trợ giảng viên xây dựng thương hiệu cá nhân học thuật, mở lớp chuyên đề, công bố khoa học và tham gia hội đồng chuyên môn cấp tỉnh – quốc gia.",,
BDU_374,Trường có chiến lược quốc tế hóa chương trình đào tạo không?,"Có. Trường đang triển khai chiến lược chuyển một số học phần sang giảng dạy song ngữ, hợp tác học liệu và trao đổi giảng viên với đối tác quốc tế.",,
BDU_375,Trường Đại học Bình Dương đã đạt được những giải thưởng gì nổi bật?,"Trường đã nhận bằng khen của Thủ tướng Chính phủ, Bộ Giáo dục & Đào tạo, UBND tỉnh Bình Dương và nhiều giải thưởng khởi nghiệp – khoa học khác.",,
BDU_376,Trường có chính sách gì để thu hút giảng viên chất lượng cao?,"Trường có chính sách hỗ trợ nghiên cứu, hỗ trợ học tập nâng cao, lương thưởng cạnh tranh và tạo điều kiện phát triển chuyên môn cho giảng viên mới và có học vị cao.",,
BDU_377,Sinh viên có phản hồi tốt về giảng viên BDU không?,"Theo thống kê các học kỳ gần đây, trên 85% sinh viên đánh giá tích cực về thái độ, chuyên môn và phong cách sư phạm của đội ngũ giảng viên.",,
BDU_378,Trường có mời giảng viên nước ngoài giảng dạy không?,"Có. Một số học phần quốc tế hoặc chuyên đề ngắn hạn có sự tham gia của giảng viên nước ngoài đến từ Hàn Quốc, Nhật Bản, Mỹ,...",,
BDU_379,BDU có định hướng trở thành đại học đa ngành – liên ngành không?,"Có. Trường đang mở rộng ngành học theo hướng đa ngành – liên ngành, tích hợp công nghệ – xã hội – sáng tạo để đáp ứng nhu cầu thị trường lao động.",,
BDU_380,Ai là Phó Hiệu trưởng phụ trách Nghiên cứu khoa học tại Trường Đại học Bình Dương?,Phó Hiệu trưởng phụ trách Nghiên cứu khoa học hiện nay là Tiến sĩ Nguyễn Văn Hiệp.,,
BDU_381,Ban Giám hiệu Trường Đại học Bình Dương gồm những ai?,"Ban Giám hiệu gồm Hiệu trưởng – TS. Cao Việt Hiếu, Phó Hiệu trưởng Thường trực – ThS. Lê Văn Cư và Phó Hiệu trưởng phụ trách NCKH – TS. Nguyễn Văn Hiệp.",,
BDU_382,Trường Đại học Bình Dương có tổ chức Hội đồng trường không?,"Có. Hội đồng trường là cơ quan quản trị cao nhất, có vai trò quyết định chiến lược phát triển và giám sát hoạt động toàn trường.",,
BDU_383,Trường có chiến lược gì để phát triển nghiên cứu khoa học?,"Trường ưu tiên đầu tư vào nhóm nghiên cứu mạnh, thúc đẩy công bố quốc tế, tăng kinh phí đề tài và hỗ trợ giảng viên trẻ tham gia nghiên cứu.",,
BDU_384,Thương hiệu của Trường Đại học Bình Dương được xây dựng dựa trên yếu tố nào?,"Thương hiệu BDU gắn với tính ứng dụng, môi trường học tập linh hoạt, đội ngũ giảng viên tận tâm và sự kết nối chặt chẽ với cộng đồng – doanh nghiệp.",,
BDU_385,Trường Đại học Bình Dương có chính sách bảo vệ quyền tác giả của giảng viên không?,"Có. Các công trình khoa học, sáng kiến, giáo trình,… do giảng viên thực hiện đều được bảo vệ quyền tác giả theo quy định của Luật Sở hữu trí tuệ.",,
BDU_386,Trường có quy hoạch cán bộ giảng dạy cho từng giai đoạn không?,"Có. Mỗi khoa xây dựng kế hoạch phát triển đội ngũ, trong đó ưu tiên tuyển dụng giảng viên có trình độ cao và đào tạo đội ngũ kế thừa.",,
BDU_387,Trường có định hướng phát triển thành đại học tư thục hay giữ mô hình dân lập?,"Trường hiện là dân lập nhưng định hướng hoạt động như đại học tư thục hiện đại, tự chủ và minh bạch trong quản trị.",,
BDU_388,Văn hóa ứng xử của giảng viên tại BDU được xây dựng như thế nào?,"Giảng viên BDU được định hướng ứng xử chuẩn mực, thân thiện, hợp tác và có trách nhiệm trong đào tạo và nghiên cứu, thể hiện qua Quy tắc đạo đức nghề nghiệp.",,
BDU_389,Trường có kế hoạch xây dựng các khoa mới trong tương lai không?,"Có. Trường dự kiến mở thêm các khoa và ngành mới như Trí tuệ nhân tạo, Logistics, Chăm sóc sức khỏe, Thiết kế số,… phù hợp xu thế thị trường.",,
BDU_390,Giảng viên có thể đề xuất mở ngành đào tạo mới không?,"Có. Giảng viên có thể đề xuất ngành mới thông qua hội đồng khoa học cấp khoa, sau đó gửi hồ sơ lên phòng Đào tạo và Hội đồng trường xét duyệt.",,
BDU_391,Trường có cơ sở vật chất phục vụ nghiên cứu không?,"Có. Trường đầu tư hệ thống phòng thí nghiệm, thư viện số, phòng học thông minh và hạ tầng phục vụ nghiên cứu theo từng nhóm ngành.",,
BDU_392,Trường Đại học Bình Dương có sử dụng biểu tượng nhận diện thương hiệu không?,"Có. Logo trường thể hiện hình ảnh cây tri thức và vòng tròn hội nhập, được sử dụng thống nhất trong tất cả tài liệu và sự kiện chính thức.",,
BDU_393,Slogan truyền thông chính thức của Trường Đại học Bình Dương là gì?,"Slogan chính thức là: “BDU – Trường Đại học của bạn – Your University, Your Future”.",,
BDU_394,Trường có ứng dụng AI hoặc công nghệ mới trong quản lý đào tạo không?,"Có. Trường ứng dụng các nền tảng quản trị học tập, hệ thống LMS, khảo thí trực tuyến và đang từng bước tích hợp AI hỗ trợ đánh giá – quản lý kết quả học tập.",,
BDU_395,Trường có kênh tiếp nhận ý kiến cải tiến từ giảng viên không?,"Có. Giảng viên có thể gửi ý kiến qua email nội bộ, hộp thư góp ý tại phòng ban hoặc tham gia các buổi đối thoại trực tiếp với lãnh đạo trường.",,
BDU_396,Trường có tổ chức ngày hội truyền thống riêng không?,Có. Ngày hội truyền thống BDU thường tổ chức vào dịp kỷ niệm thành lập trường (tháng 9) với các hoạt động văn hóa – học thuật – thể thao.,,
BDU_397,Có hoạt động nào kết nối giảng viên với cựu sinh viên không?,Có. Trường tổ chức hội nghị kết nối giảng viên – cựu sinh viên nhằm chia sẻ kinh nghiệm nghề nghiệp và cập nhật nhu cầu thị trường.,,
BDU_398,Trường Đại học Bình Dương có những điểm nào khác biệt so với các trường tư khác?,"BDU khác biệt nhờ triết lý giáo dục đặc trưng, mô hình đào tạo ứng dụng – linh hoạt và gắn kết cộng đồng chặt chẽ trong toàn bộ quá trình đào tạo.",,
BDU_399,Môi trường làm việc tại BDU được giảng viên đánh giá ra sao?,"Phần lớn giảng viên đánh giá môi trường tại BDU là thân thiện, sáng tạo, linh hoạt và tạo điều kiện phát triển chuyên môn bền vững.",,
BDU_400,Trường Đại học Bình Dương có lộ trình chuyển đổi số toàn diện không?,"Có. BDU xây dựng lộ trình chuyển đổi số trong quản trị, giảng dạy, nghiên cứu và truyền thông, hướng đến mô hình đại học thông minh.",,
BDU_401,Giảng viên có được tập huấn về chuyển đổi số trong giáo dục không?,"Có. Nhà trường phối hợp tổ chức các lớp tập huấn về công nghệ, thiết kế bài giảng số, phân tích học liệu và sử dụng hệ thống quản trị học tập.",,
BDU_402,Trường có hợp tác chiến lược với chính quyền địa phương không?,"Có. BDU ký kết hợp tác với UBND tỉnh Bình Dương và các địa phương lân cận trong đào tạo nhân lực, nghiên cứu ứng dụng và phục vụ cộng đồng.",,
BDU_403,Giảng viên có thể đóng góp nội dung cho trang web chính thức của trường không?,"Có. Giảng viên có thể viết bài chia sẻ học thuật, cảm nhận nghề nghiệp, hoặc giới thiệu nghiên cứu để đăng trên website và bản tin truyền thông của trường.",,
BDU_404,Trường có tổ chức các hoạt động truyền thông học thuật cho giảng viên không?,"Có. Trường tổ chức các chuyên mục truyền thông giảng viên tiêu biểu, seminar học thuật, diễn đàn nghiên cứu và phát triển tài năng khoa học.",,
BDU_405,BDU có chính sách gì để đẩy mạnh công bố quốc tế?,"Trường có quỹ hỗ trợ công bố quốc tế, xét thưởng bài báo ISI/Scopus và hướng dẫn giảng viên viết – nộp bài qua các hội đồng chuyên môn.",,
